회원번호,날짜,우유,소고기,열대과일,버터,뿌리채소,기타 채소,사과/배,롤빵,생크림/사워크림,닭고기,생수,다진고기,페이스트리,감귤류,가공치즈,식빵,스낵,과일/채소주스,요거트,응고유,계란,커피,돼지고기,프리미엄 초콜릿,디저트,아이스크림,베리류,보관용 빵류,통밀빵,기타 음료,반조리 빵,쇼핑백,발라먹는 치즈,초콜릿,신문,냉동채소,차,사탕
continuous,string,1 ,1 ,1 ,1 ,1 ,1 ,1 ,1 ,1 ,1 ,1 ,1 ,1 ,1 ,1 ,1 ,1 ,1 ,1 ,1 ,1 ,1 ,1 ,1 ,1 ,1 ,1 ,1 ,1 ,1 ,1 ,1 ,1 ,1 ,1 ,1 ,1 ,1 
meta,meta,meta,meta,meta,meta,meta,meta,meta,meta,meta,meta,meta,meta,meta,meta,meta,meta,meta,meta,meta,meta,meta,meta,meta,meta,meta,meta,meta,meta,meta,meta,meta,meta,meta,meta,meta,meta,meta,meta
1000,15-03-2015,1,,,,,,,,,,,,,,,,,,,,,,,,,,,,,,,,,,,,,
1000,24-06-2014,1,,,,,,,,,,,,,,,,,,,,,,,,,,,,,,,,,,,,,
1000,25-11-2015,,,,,,,,,,,,,,,,,,,,,,,,,,,,,,,,,,,,,,
1000,27-05-2015,,,,,,,,,,,,,,,,,,,,,,,,,,,,,,,,,,,,,,
1001,14-04-2015,,1,,,,,,,,,,,,,,,,,,,,,,,,,,,,,,,,,,,,
1001,2007-02-14,,,,,,,,,,,,,,,,,,,,,,,,,,,,,,,,,,,,,,
1001,2012-12-14,1,,,,,,,,,,,,,,,,,,,,,,,,,,,,,,,,,,,,,
1002,26-04-2014,,,,1,,,,,,,,,,,,,,,,,,,,,,,,,,,,,,,,,,
1002,26-04-2015,,,1,,,,,,,,,,,,,,,,,,,,,,,,,,,,,,,,,,,
1003,15-10-2014,,,,,1,,,,,,,,,,,,,,,,,,,,,,,,,,,,,,,,,
1003,2010-02-15,,,,,,,,,,,,,,,,,,,,,,,,,,,,,,,,,,,,,,
1004,13-10-2014,1,,,,,,,,,,,,,,,,,,,,,,,,,,,,,,,,,,,,,
1004,19-08-2014,,,,,1,,,,,,,,,,,,,,,,,,,,,,,,,,,,,,,,,
1004,2002-12-15,,,,,,1,,,,,,,,,,,,,,,,,,,,,,,,,,,,,,,,
1004,2004-02-14,,,,,,,1,,,,,,,,,,,,,,,,,,,,,,,,,,,,,,,
1004,2010-06-14,,,,,,,,1,,,,,,,,,,,,,,,,,,,,,,,,,,,,,,
1005,23-01-2014,,,,,,,,,1,,,,,,,,,,,,,,,,,,,,,,,,,,,,,
1006,14-06-2015,1,,,,,,,,,1,,,,,,,,,,,,,,,,,,,,,,,,,,,,
1006,2005-07-14,,,,,,,,,,,1,,,,,,,,,,,,,,,,,,,,,,,,,,,
1006,2009-04-14,1,,,,,,,,,,,,,,,,,,,,,,,,,,,,,,,,,,,,,
1008,2003-10-15,,,,,,,,,,,,1,,,,,,,,,,,,,,,,,,,,,,,,,,
1008,21-07-2015,,,1,,,,,,,,,,,,,,,,,,,,,,,,,,,,,,,,,,,
1009,14-05-2015,,,1,,,,,,,,,,,,,,,,,,,,,,,,,,,,,,,,,,,
1009,23-09-2015,,,,,,,,,,,,,1,,,,,,,,,,,,,,,,,,,,,,,,,
1010,2005-03-14,,,,,,,1,,,,,,,,,,,,,,,,,,,,,,,,,,,,,,,
1010,23-08-2014,,,,,,,,,,,1,,,,,,,,,,,,,,,,,,,,,,,,,,,
1010,31-07-2015,,,,,,,1,,,,,,,,,,,,,,,,,,,,,,,,,,,,,,,
1011,15-02-2014,,,,,,,,,,,,,,1,,,,,,,,,,,,,,,,,,,,,,,,
1011,2009-12-15,1,,,,,,,,,,,,,,,,,,,,,,,,,,,,,,,,,,,,,
1012,19-11-2015,,,1,,1,,,,,,,,,,,,,,,,,,,,,,,,,,,,,,,,,
1012,27-03-2015,,,,,,,,,,,,,,,1,,,,,,,,,,,,,,,,,,,,,,,
1013,20-02-2014,1,,,,,,,,,,,,,,,,,,,,,,,,,,,,,,,,,,,,,
1013,2002-10-15,,,,,,,,,,,,,,,,1,,,,,,,,,,,,,,,,,,,,,,
1013,2012-11-14,,,,,1,,,,,,,,,,,,,,,,,,,,,,,,,,,,,,,,,
1013,26-03-2014,,,1,,,,,,,,,,,,,,,,,,,,,,,,,,,,,,,,,,,
1014,2003-10-15,1,,,,,,,,,,,,,,,,,,,,,,,,,,,,,,,,,,,,,
1014,2004-09-14,,,,,,,,,,,,1,,,,,,,,,,,,,,,,,,,,,,,,,,
1015,2004-05-15,,,,,,,,,,,,,,1,,,,,,,,,,,,,,,,,,,,,,,,
1015,22-03-2015,,,,,,,,,,,,,,,,,1,,,,,,,,,,,,,,,,,,,,,
1015,28-06-2014,,,,,,,,,,,,,,,,,,1,,,,,,,,,,,,,,,,,,,,
1016,19-07-2015,,,,,,,,,,1,,,,,,,,,,,,,,,,,,,,,,,,,,,,
1016,30-09-2015,,,,,,,,1,,,,,,,,,,,,,,,,,,,,,,,,,,,,,,
1017,16-05-2015,,,,,,1,,,,,,,,,,,,,,,,,,,,,,,,,,,,,,,,
1017,19-06-2014,,,,,,,,,,,,,,,,,,,1,,,,,,,,,,,,,,,,,,,
1017,30-09-2015,,,,,,,,,,,,,,,,,,,,,,,,,,,,,,,,,,,,,,
1018,2001-10-14,,,,,,,,,,,,,,,,,,,,1,,,,,,,,,,,,,,,,,,
1019,2010-12-14,,,,,,,,,,,,1,,,,,,,,,,,,,,,,,,,,,,,,,,
1021,2007-11-15,,,,,,,,1,,,,,,,,,,,,,,,,,,,,,,,,,,,,,,
1021,22-10-2015,,,,,,,,,,,,,,,,,,,,1,,,,,,,,,,,,,,,,,,
1022,2007-06-14,,,,,,,,,,,,,,,,,,,,,,,,,,,,,,,,,,,,,,
1022,22-02-2014,,1,,,,,,,,,,,,,,,,,,,,,,,,,,,,,,,,,,,,
1023,13-06-2014,,,,,,,,,,,,,,,,,,,,,1,,,,,,,,,,,,,,,,,
1023,17-05-2014,,,,,,,,,,1,,,,,,,,,,,,,,,,,,,,,,,,,,,,
1023,2006-01-15,,,,,1,,,,1,,,,,,,,,,,,,,,,,,,,,,,,,,,,,
1023,28-06-2015,,,,,,,,,,,,,,,,1,,,,,,,,,,,,,,,,,,,,,,
1023,30-12-2014,,,,,,,,,,,,,,,,,,,,,,,,,,,,,,,,,,,,,,
1024,2010-08-15,,,,,1,,,,,,,,,,,,,,,,,,,,,,,,,,,,,,,,,
1025,2006-02-14,,,,,,,,,,,,,,,,,,,,,,1,,,,,,,,,,,,,,,,
1026,15-03-2015,,,,,,,,,,,,,,,,,1,1,,,,,,,,,,,,,,,,,,,,
1026,2008-03-14,,,,,,,,,,,,,,,,,,,,,,,,,,,,,,,,,,,,,,
1026,23-08-2014,,,,,,,,,,,,,,1,,,,,,,,,,,,,,,,,,,,,,,,
1026,28-05-2015,,,,,1,,,,1,,,,,,,,,,,,,,,,,,,,,,,,,,,,,
1027,17-05-2015,,,,,,,,,,,,,,,,,,,,,,,1,,,,,,,,,,,,,,,
1027,25-02-2015,,,,,,,,1,,,,,,,,,,,,,,,,,,,,,,,,,,,,,,
1028,2005-04-14,,,,,,,,1,,,,,,,,,,,,,,,,,,,,,,,,,,,,,,
1028,2010-11-14,,,,,,,,,,,,,,,,,,,,,,,,,,,,,,,,,,,,,,
1028,2011-07-15,,,,,,,,,,,,,,,,,,,,,,,,1,,,,,,,,,,,,,,
1028,24-04-2014,,,,,,,,1,,,,,,,,,,,,,,,,,,,,,,,,,,,,,,
1029,14-03-2015,,,,,,,,,,,,,,,,,,,,,,,,,1,,,,,,,,,,,,,
1031,15-10-2015,,,,,,1,,,,,,,,,,,,,,,,,,,,,,,,,,,,,,,,
1031,2004-03-14,,,,,,,,,,,,,,,,,,,,,,,,,,1,,,,,,,,,,,,
1032,13-07-2015,,,,,,,,,,,,,,,,,,,,,,,,,,1,,,,,,,,,,,,
1032,15-06-2015,,,,1,,,,,,,,,,,,,,,,,,,,,,,1,,,,,,,,,,,
1032,23-08-2015,,,,,,,,,,,,,,,,,,,1,,,,,,,,,,,,,,,,,,,
1032,23-09-2014,,,,,,,,,,,,,,,,1,,,,,,,,,,,,,,,,,,,,,,
1033,15-06-2015,,,,,,,,,,1,,,,,,,,,,,,,,,,,,,,,,,,,,,,
1033,18-04-2014,,,,,,,,,,,,,,,,,,1,,,,,,,,,,,,,,,,,,,,
1033,21-04-2014,,,,,,,,,,,,,,,,,,,,,,,,,,,,,,,,,,,,,,
1033,22-04-2015,,,1,,,,,,,,,,,,,,,,,,,,,,,,,,,,,,,,,,,
1034,13-05-2014,,,1,,,,,,,,,,,,,,,,,,,,,,,,,,,,,,,,,,,
1034,24-02-2014,,,,,,,1,,,,,,,,,,,,,,,,,,,,,,,,,,,,,,,
1034,28-04-2014,,,,,,,,,,,1,,,,,,,,,,,,,,,,,,,,,,,,,,,
1035,15-08-2014,,,,,,,1,,,,,,,,,,,,,,,,,,,,,,,,,,,,,,,
1035,2008-09-15,1,,,,,,,,,,,,,,,,,,,,,,,,,,,,,,,,,,,,,
1035,23-05-2015,,,,,,,,,,,,,,,,,,,,,,,,,,,,,,,,,,,,,,
1035,24-04-2015,1,,,,,,,,,,,,,,,,,,1,,,,,,,,,,,,,,,,,,,
1036,20-01-2014,,,,,,,,,,,,,,,,,,1,,,,,,,,,,,,,,,,,,,,
1037,2006-06-14,,,,,,,,,,,,,,1,,,,,,,,,,,,,,,,,,,,,,,,
1037,24-02-2014,,,1,,,,,,,,,,,,,,,,,,,,,,,,,,,,,,,,,,,
1038,2002-04-15,1,,,,,,,,,,,,,,,,,,,,,,,,,,,,,,,,,,,,,
1038,2010-04-15,,,,,,1,,,,,,,,,,,,,,,,,,,,,,,,,,,,,,,,
1038,21-02-2015,,,,,,,,,,,,,,,,,,,,,,,1,,,,,,,,,,,,,,,
1038,23-04-2015,,,,,,,1,,,,,,,,,,,,,,,,,,,,,,,,,,,,,,,
1039,31-05-2015,,,,,,,,,,,,,,,,,1,,,,,,,,,,,,,,,,,,,,,
1040,14-06-2014,,,,,,,,,,,,,,,,,,,1,,,,,,,,,,,,,,,,,,,
1040,2003-09-14,1,,,,,,,,,,,,,,,,,,,,,,,,,,,,,,,,,,,,,
1040,24-10-2014,,,,,1,,,,,,,,,,,,,,,,,,,,,,,,,,,,,,,,,
1040,26-11-2015,,,1,,,,,,,1,,,,,,,,,,,,,,,,,,,,,,,,,,,,
1041,13-06-2014,,,,,,,,,,1,,,,,,,,,,,,,,,,,,,,,,,,,,,,
1041,2002-04-15,,,,,,,,,,,,1,,,,,,,,,,,,,,,,,,,,,,,,,,
1041,29-06-2014,,,1,,,,,,,,,,,,,,,,,,,,,,,,,,,,,,,,,,,
1042,16-10-2015,1,,,,,,,,,,,,,,,,,,,,,,,,,,,,,,,,,,,,,
1042,2012-02-15,,1,,,,,,,,,,,,,,,,,,,,,,,,,,,,,,,,,,,,
1042,22-05-2015,,,,,,,,,,,,,,1,,,,,,,,,,,,,,,,,,,,,,,,
1043,14-03-2014,,,1,,,,,,,,,,,,,,,,,,,,,,,,,,,,,,,,,,,
1043,2010-01-15,,,,,,,,,,,,,,1,,,,,,,,,,,,,,,,,,,,,,,,
1044,2009-02-15,,,1,,,,,,,,,,,,,,,,,,,,,,,,,,,,,,,,,,,
1044,25-10-2015,,,,,1,,,,,,,,,,,,,,,,,,,,,,,,,,,,,,,,,
1045,2010-04-14,,,,,,,,,,,,,,,,,,1,,,,,,,,,,,,,,,,,,,,
1045,2012-01-14,,,,,1,,,,,,,,,,,,,,,,,,,,,,,,,,,,,,,,,
1045,25-11-2015,,,,,,,,,,1,,,,,,,,,,,,,,,,,,,,,,,,,,,,
1046,18-06-2015,1,,,,,,,,,,,,,,,,,,,,,,,,,,,,,,,,,,,,,
1046,24-06-2015,,,,,,,,,,,,,,,,,,,,,,,1,,,,,,,,,,,,,,,
1047,2004-01-15,,,,,,,,,,,,,,,,,,,,1,,,,,,,,,,,,,,,,,,
1048,18-10-2015,,,,,,,,1,,,,,,,,,,,,,,,,,,,,,,,,,,,,,,
1048,2006-10-15,,,,,,,,1,,,,,,,,,,,,,,,,,,,,,,,,,,,,,,
1049,2001-07-15,,,,1,,,,,,,,,,,,,,,,,,,,,,,,,,,,,,,,,,
1049,2004-08-15,,,,,,,,,,,,,,,,1,,,,,,,,,,,,,,,,,,,,,,
1050,2010-10-14,,,,,,,,,1,,,,,,,,,,,,,,,,,,,,,,,,,,,,,
1051,13-01-2014,,,,,,,,,,,,1,,,,,,,,,,,,,,,,,,,,,,,,,,
1051,17-09-2014,,,,,,,,,,,,,,,,,,,,,,,1,,,,,,,,,,,,,,,
1051,2010-11-15,,,1,,,,,,,,,,,,,,,,,,,,,,,,,,,,,,,,,,,
1051,2012-08-15,,,,,,1,,,,,,,,,,,,,,,,,,,,,,,,,,,,,,,,
1051,2012-10-15,,,1,,,1,,,,,,,,,,,,,,,,,,,,,,,,,,,,,,,,
1052,13-10-2014,,,,,,,,,,,,,,,,,,,,,,,,,,,,,,,,,,,,,,
1052,15-01-2014,,,,,1,,,,,,,,,,,,,,,,,,,,,,,,,,,,,,,,,
1052,20-11-2014,,,,,,,,,,,1,,,,,,,,,,,,,,,,,,,,,,,,,,,
1052,2004-01-14,,1,,,,,,,,,,,,,,,,,,,,,,,,,,,,,,,,,,,,
1052,2005-12-14,,,,,,,,,,,,,,,,,,,,,,,,,,,,,,,,,,,,,,
1052,2006-07-15,,,,,,,,,,,,,,,,,,,1,,,,,,,,,,,,,,,,,,,
1052,24-03-2014,,,,,,,,,,1,,,,,,,,,,,,,,,,,,,,,,,,,,,,
1052,27-10-2015,,,,,,1,,,,,,,,,,,,,,,,,1,,,,,,,,,,,,,,,
1052,29-09-2014,,,,1,,,,,,,,,,,,,,,,,,,,,,,,,,,,,,,,,,
1053,2005-11-14,,,,,,,,,,1,,,,,,,,,,,,,,,,,,,,,,,,,,,,
1053,2009-07-15,,,,,,,,,,,,1,,,,,,,,,,,,,,,,,,,,,,,,,,
1055,25-05-2015,,,,,,,,,,,1,,,,,,,,1,,,,,,,,,,,,,,,,,,,
1056,13-09-2015,,,,,,,1,,,,,,,,,,,,,,,,,,,,,,,,,,,,,,,
1056,2009-11-15,,,,,,,,,1,,,,,,,,,,,,,,,,,,,,,,,,,,,,,
1057,2006-01-14,,,,,,,,,,,,,,,,,,,,,,,,,,,,,,,,,,,,,,
1058,2006-04-15,,,,,,,,,,,,,,,,,,,,,,,,,,,,,,,,,,,,,,
1058,2007-08-14,,,,,,,,,,,,,,,,,,,1,,,,,,,,,,,,,,,,,,,
1058,2010-11-15,,,,,1,,,,,,,,,,,,,,,,,,,,,,,,,,,,,,,,,
1058,24-05-2014,,,,,,,,,,1,,,,,,,,,,,,,,,,,,,,,,,,,,,,
1059,14-06-2014,,,,,,,,,,,,,,,,,,,,,,,,,,,,,,,,,,,,,,
1061,17-03-2014,,,,,,,,,,,,,,,,,,,,,,,,,,,,,,,,,,,,,,
1061,2005-09-15,1,,1,,,,,,,,,,,,,,,,,,,,,,,,,,,,,,,,,,,
1061,31-07-2014,,,,,,,,,1,,,,,,,,,,,,,,,,,,,,,,,,,,,,,
1062,16-04-2015,,,1,,,,,,,,,,,,,,,,,,,,,,,,,,,,,,,,,,,
1062,18-09-2015,,,,,,1,,,,,,,,,,,,,1,,,,,,,,,,,,,,,,,,,
1063,2007-06-14,1,,,,,,,,,,,,,,,,,,,,,,,,,,,,,,,,,,,,,
1063,23-01-2015,,,,,,,,1,,,,,,,,,,,,,,,,,,,,,,,,,,,,,,
1064,2003-09-14,,,,,1,,,,,,,,,,,,,,,,,,,,,,,,,,,,,,,,,
1064,25-07-2015,,,,,,,,,,,,,,,,,,,,,,,,,,,,1,,,,,,,,,,
1065,14-01-2014,,,1,,,,,,,,,,,,,,,,,,,,,,,,,,,,,,,,,,,
1065,2005-11-14,,,1,,,,,,,,,,,,,,,,,,,,,,,,,,,,,,,,,,,
1065,23-01-2014,,,,,,,,,,,,1,,,,,,,,,,,,,,,,,,,,,,,,,,
1065,27-10-2015,,1,,,,,,,,,,,,,,,,,,,,,,,,,,,,,,,,,,,,
1066,2001-02-14,,,,,1,,,,,,,,,,,,,,,,,,,,,,,,,,,,,,,,,
1067,20-07-2015,,,,,,,,1,,,,,,,,,,,,,,,,,,,,,,,,,,,,,,
1067,2005-03-15,1,,,,,,,,,,,,,,,,,,,,,,,,,,,,,,,,,,,,,
1067,2008-04-15,,,,,,,,,,,,1,,,,,,,,,,,,,,,,,,,,,,,,,,
1068,2001-07-15,,,,,,,,,,,,,,,,,,,,,,,1,,,,,,,,,,,,,,,
1068,2008-03-14,,,,,,,,,,,,,,,,,,,,,,,,,,,,,,,,,,,,,,
1069,20-01-2014,,,,,,,,,,,,,,,,,,,,,,,1,,,,,,,,,,,,,,,
1069,20-05-2014,,,,,,,,,,,,,,,,,,,,,,,,,,,,,1,,,,,,,,,
1069,20-08-2015,,,1,,,,,,,,,,,,,,,,,,,,,,,,,,,,,,,,,,,
1070,2010-04-14,,,,,,,,,,,,,,1,,,,,,,,,,,,,,,,,,,,,,,,
1071,26-09-2014,,,,,,,,,,,,,,,,,,,1,,,,,,,,,,,,,,,,,,,
1073,2005-06-14,,,,,,,,,,,,,,,,,,,1,,,,,,,,,,,,,,,,,,,
1073,2008-06-15,,,,,,,1,,,,,,,,,,,,,1,,,,,,,,,,,,,,,,,,
1074,16-10-2015,,,,,,,,,,,,,,,,,,1,,,,,,,,,,,,,,,,,,,,
1074,2004-02-14,,,,,,,,,,,,,,,,,,,,,,,,,,,,,,,1,,,,,,,
1074,24-06-2015,,,,,,,,,,,,,,,,,,,,,,,,,,,,,,1,,,,,,,,
1075,19-11-2015,,,,,,,,,,,,,,1,,,,,,,,,,,,,,,,,,,,,,,,
1075,29-01-2015,,,,,,,1,,,,,,,,,,,,,,,,,,,,,,,,,,,,,,,
1076,14-05-2015,,,,,,,,,,1,,,,,,,,,,,,,,,,,,,,,,,,,,,,
1076,2012-06-15,,,,,,,,,,,,,,,,,,,,,,,,,,,,,,,,,,,,,,
1076,24-12-2014,,,,,,,,,,,,,,,,,,,,,,,,,,,,,,,,,,,,,,
1077,2007-10-14,,,,,,1,,,,,,,,,,,,,,,,,,,,,,,,,,,,,,,,
1077,2012-09-15,,,1,,,,,,,,,,,,,,,,,,,,,,,,,,,,,,,,,,,
1077,29-09-2014,,,,,,,,,,,,,,,,1,,,,,,,,,,,,,,,,,,,,,,
1077,30-12-2014,,,,,,,,1,,,,,,,,,,,,,,,,,,,,,,,,,,,,,,
1078,28-08-2014,,,,,,,,,,1,,,,,,,,,,,,,,,,,,,,,,,,,,,,
1078,28-10-2015,,,,,,,,,,,,,,,,,,,,1,,,,,,,,,,,,,,,,,,
1079,2009-09-15,,,,,,,,1,,,,,,,,,,,,,,,,,,,,,,,,,,,,,,
1080,14-05-2015,,,,,1,,,,,,,,,,,,,,,,,,,,,,,,,,,,,,,,,
1081,2003-05-15,,,1,,,,,,,,,,,,,,,,,,,,,,,,,,,,,,,,,,,
1081,2006-03-15,,,,,,1,,,,,,,,,,,,,,,,,,,,,,,,,,,,,,,,
1081,21-01-2015,,,1,,,,,,,,,,,,,,,,,,,,,,,,,,,,,,,,,,,
1081,25-04-2015,,,,,,,,,,,,,,,,,,,,,,1,,,,,,,,,,,,,,,,
1082,13-05-2014,,1,,,,,,,,,,,,,,,,,,,,,,,,,,,,,,,,,,,,
1082,20-03-2014,,,,,,,,,,,1,,,,,,,,,,,,,,,,,,,,,,,,,,,
1083,15-07-2014,,,,,,,,,,,,,,,,,,,,,,,,1,,,,,,,,,,,,,,
1083,15-11-2014,,,,,,,,,,,,1,,,,,,,,,,,,,,,,,,,,,,,,,,
1083,2006-02-15,,,,,,,,,,,,,,,,,,,,,,,1,,,,,,,,,,,,,,,
1085,15-08-2015,,,,,1,,,,,,,,,,,,,,,,,,,,,,,,,,,,,,,,,
1085,24-04-2014,,,,,,1,,,,,,,,,,,,,,,,,,,,,,,,,,,,,,,,
1086,17-11-2015,,1,,,,1,,,,,,,,,,,,,,,,,,,,,,,,,,,,,,,,
1086,2010-12-14,,,,,,,,,,,,,,,,,,,,,,,,,,1,,,,,,,,,,,,
1086,27-07-2014,,,,,,,,1,,,,,,,,,,,,,,,,,,,,,,,,,,,,,,
1086,28-12-2015,,,,,,,,1,,,,,,,,,,,,,,,,,,,,,,,,,,,,,,
1087,16-12-2014,,,,,,,,,,,,,,,,,,,,,,,,,,,,,,,,,,,,,,
1087,19-03-2015,,,,,,,,,,,,,,,,,,,,,,,,,,,,,,,,,,,,,,
1087,20-04-2014,1,,,,,,,,,,,,,,,,,,,,,,,,,,,,,,,,,,,,,
1087,25-07-2014,,,,,,1,,,,,,,,,,,,,,,,,,,,,,,,,,,,,,,,
1087,26-02-2014,,,,,,,,,,,,,,,,,,,,,,,,,,,,,,,,,,,,,,
1088,14-01-2015,,,,,,,,,,,,,,,,,,,1,,,,,,,,,,,,,,,,,,,
1088,2009-11-15,1,,,,,,,,,,,,,,,,,,,,,,,,,,,,,,,,,,,,,
1088,30-11-2015,,,1,,,,,,,,,,,,,,,,,,,,,,,,,,,,,,,,,,,
1089,2005-12-14,,,,,,,,,,,,,,,,,,,1,,,,,,,,,,,,,,,,,,,
1090,2004-10-15,,1,,,,,,,,,,,,,,,,,,,,,,,,,,,,,,,,,,,,
1090,21-10-2015,,,,,,,,,,,,,,,,,,,,,,,,,,1,,,,,,,,,,,,
1090,31-08-2015,,,,,,,,,,,,,,,,,,,,,,,,,,,,,,,,,,,,,,
1092,16-05-2015,,,,,1,,,,,,,,,,,,,,,,,,,,,,,,,,,,,,,,,
1092,2003-07-15,,,,,,,,,,,,,,,,,,,,,,,,,,,1,,,,,,,,,,,
1092,27-07-2015,,,,,,,,1,,,,,,,,,,,,,,,,,,,,,,,,,,,,,,
1093,28-03-2015,,,,,,,,,,,,,,,,,,,,,,,,,1,,,,,,,,,,,,,
1094,16-05-2015,,,1,,,,,,,,,,,,,,,,,,,,,,,,,,,,,,,,,,,
1094,2007-01-15,,,1,,,,,,,,,,,,,,,,,,,,,,,,,,,,,,,,,,,
1094,2008-09-15,,,,,,,,,,,,,,,,,,,,,,,,,,,,,,,,,,,,,,
1094,2011-12-14,,,,,,,,,,,,1,,,,,,,,,,,,,,,,,,,,,,,,,,
1095,25-03-2014,,,,,,,,,,,,,,,,,,,1,,,,,,,,,,,,,,,,,,,
1095,30-10-2015,,,,,,,,,,,1,,,,,,,,,,,,,,,,,,,,,,,,,,,
1096,28-07-2015,,,,,,,1,,,,,,,,,,,,,,,,,,,,,,,,,,,,,,,
1097,16-04-2014,,,,,,,,,,,,,,,,,,,,,,,,,,,,,,,,,,,,,,
1097,2001-11-15,1,,1,,,,,,,,,,,,,,,,,,,,,,,,,,,,,,,,,,,
1097,2003-05-14,,,,,,,,,,,,,,,,,,,,,,,,,,,,,,,,1,,,,,,
1097,2012-10-14,,,,,,,,,1,,,,,,,,,,,,,,,,,,,,,,,,,,,,,
1098,19-01-2015,,,,,,,,1,,,,,,,,,,,,,,,,,,,,,,,,,,,,,,
1098,2005-08-15,,,1,,,,,,,,,,,1,,,,,1,,,,,,,,,,,,,,,,,,,
1098,27-09-2015,,,,,1,,,,,,,,,,,,,,,,,,,,,,,,,,,,,,,,,
1099,13-08-2015,,,,,,,,,,,,,,,,,,,,,,,,,,,,,,,,,1,,,,,
1099,29-08-2014,,,,,1,,,,,,,,,,,,,,,,,,,,,,,,,,,,,,,,,
1100,18-12-2014,1,,,,,,,,,,,,,,,,,,,,,,,,,,,,,,,,,,,,,
1100,20-02-2014,,,,,,,,,,,,1,,,,,,,,,,,,,,,,,,,,,,,,,,
1100,2012-03-15,,,,,,,,,,,,,,,,,,,,,,,,,,,,,,,,,,,,,,
1101,28-12-2014,,,,,,,,1,,,,,,,,,,,,,,,,,,,,,,,,,,,,,,
1102,27-06-2015,,,,,,1,,,,,,,,,,,,,,,,,,,,,,,,,,,,,,,,
1102,30-09-2014,,,,,,,,,,,,,,,,,,,1,,,,,,,,,,,,,,,,,,,
1103,2012-07-14,,,,,,,,,,,,,,,,,,,,,,,,,,1,,,,,,,,,,,,
1103,25-05-2014,,,,,,,,,,1,,,,,,,,,,,,,,,,,,,,,,,,,,,,
1104,18-03-2015,,,,,,,,,,,,,,,,,,,,,1,,,,,,,,,,,,,,,,,
1104,2004-01-15,,,,,,1,,,,,,,,,,,,,1,,,,,,,,,,,,,,,,,,,
1104,2009-05-14,,,,,,,,,,,,,,,,,,,1,,,,,,,,,,,,,,,,,,,
1104,27-10-2015,,,,,,,,,,,,,,,,,,,,,,,1,,,,,,,,,,,,,,,
1105,22-05-2015,,,,,,,,,,,1,,,,,,,,1,,,,,,,,,,,,,,,,,,,
1107,15-05-2014,,1,,,,,,,,,,,,,,,,,,,,,,,,,,,,,,,,,,,,
1107,2001-10-15,,,,,,,,,,,,,,1,,,,,,,,,,,,,,,,,,,,,,,,
1107,2003-01-15,,,,,,,,,,1,,,,,,,,,,,,,,,,,,,,,,,,,,,,
1107,2006-05-15,,,,,,,,,,,,,,1,,,,,,,,,,,,,,,,,,,,,,,,
1107,26-09-2014,,,,,,,,,,,,,,,,,,,,,,,,,,,,,,,,1,,,,,,
1108,22-05-2014,,,,,,,,,,,,,1,,,,,,,,,,,,,,,,,,,,,,,,,
1108,22-08-2014,,,,,,,,,,,,,,,,,1,,,,,,,,,,,,,,,,,,,,,
1108,30-07-2015,,,,,,,,,,,,,,,,,,,,,,,,,,,,,1,,,,,,,,,
1109,14-10-2014,,,,,,,,,,,,,,,,,,,,1,,,,,,,,,,,,,,,,,,
1109,2006-04-15,,,,,,,,,,,,,,1,,,,,,,,,,,,,,,,,,,,,,,,
1109,22-11-2014,,,,,,,1,,,,,,,,,,,,,,,,,,,,,,,,,,,,,,,
1109,31-10-2014,,,,,,,1,,,,,,,,,,,,,,,,,,,,,,,,,,,,,,,
1110,13-10-2014,,,,,,,,,,,1,,,,,,,,,,,,,,,,,,,,,,,,,,,
1110,15-11-2015,,,,,,,,,,,,,1,,,,,,,,,,,,,,,,,,,,,,,,,
1110,20-11-2015,1,,,,,,,,,,,,,,,,,,,,,,,,,,,,,,,,,,,,,
1110,2011-12-14,,,,,,,,,,,,,,,,,,,,,,,,,,,,,,,,,,,,,,
1111,20-11-2015,,1,,,,,,,,,,,,,,,,,,,,,,,,,,,,,,,,,,,,
1111,2003-03-14,1,,,,,,,,,,,,,,,,,,,,,,,,,,,,,,,,,,,,,
1111,24-10-2014,,,,,,,,,,,1,,,,,,,,,,,,,,,,,,,,,,,,,,,
1112,2009-04-15,,,,,,,,,,,,,,,,,,,,,,,,,,1,,,,,,,,,,,,
1113,2002-02-14,,,,,,,,,,,,,,,,,,,,1,,,,,,,,,,,,,,,,,,
1113,2007-01-14,1,,,,,,,,,,,,,,,,,,,,,,,,,,,,,,,,,,,,,
1113,29-03-2015,,,,,,,,,,,,,,,,,,,,,,,1,,,,,,,,,,,,,,,
1114,14-12-2014,,,,,1,,,,,,,,,,,,,,,,,,,,,,,,,,,,,,,,,
1114,2004-09-14,,,,,1,,,,,,,,,,,,,,,,,,,,,,,,,,,,,,,,,
1114,2010-07-15,,,,,,,,,,,,,,,,,,,,,,,,,,,,,,1,,,,,,,,
1114,2012-03-15,,,,,,,,,,,,,,,,,,,,,,,,,,,,,,,,,,,,,,
1114,25-04-2014,,,,,,,,,,,,,,,,,,,,,,,,,,,,,,,,,,1,,,,
1114,26-04-2015,,,,,,,,,,1,,,,,,,,,,,,,,,,,,,,,,,,,,,,
1115,15-09-2014,,,,,,,,,1,,,,,,,,,,,,,,,,,,,,,,,,,,,,,
1115,2003-08-14,,,,,,1,,,,,,,,,,,,,,,,,,,,,,,,,,,,,,,,
1115,22-01-2015,,,,,,1,,,,,,,,,,,,,,,,,,,,,,,,,,,,,,,,
1116,2008-10-15,,,,,,,,,,,,,,,,1,,,,,,,,,,,,,,,,,,,1,,,
1116,2011-08-14,,,,,,1,,,,,,,,,,,,,,,,,,,,,,,,,,,,,,,,
1116,22-06-2014,,,,,,,,,,,,,,,,,,,,,,,,,,,,,1,,,,,,,,,
1116,23-07-2015,,,,,,,,,,1,,,,,,,,,,,,,,,,,,,,,,,,,,,,
1116,29-01-2015,,,,,,1,,,,,,,,,,,,,,,,,,,,,,,,,,,,,,,,
1118,2007-11-14,,,,,,,1,,,,,,,,,,,,,,,,,,,,,,,,,,,,,,,
1118,2009-12-14,,,,,,,,,,,,,,,,,,,,,,,,,,,1,,,,,,,,,,,
1118,25-12-2015,1,,,,,,,,,,,,,,,,,,,,,,,,,,,,,,,,,,,,,
1120,14-01-2015,,,,,,,,,,,,,,,,,,,,,,,,,,,,,,,,,,,,,,
1120,14-07-2015,,,,,,,,,,,,,,1,,,,,,,,,,,,,,,,,,,,,,,,
1120,2011-06-15,,,,,,1,,,,,,,,,,,,,,,,,,,,,,,,,,,,,,,,
1120,21-08-2014,,,1,,,,,,,,,,,,,,,,,,,,,,,,,,,,,,,,,,,
1120,26-09-2015,,,,,,,,,,,,,1,,,,,,,,,,,,,,,,,,,,,,,,,
1121,15-03-2014,,,,,,,,,,,,,,,,,,,,,,1,,,,,,,,,,,,,,,,
1122,21-12-2015,,,,,,,,,,,1,,,,,,,,,,,,,,,,,,,,,,,,,,,
1122,25-06-2015,,,,,1,,,,,,,,,,,,,,,,,,,,,,,,,,,,,,,,,
1122,25-09-2014,,,,,,,,,,1,,,,,,,,,,,,,,,,,,,,,,,,,,,,
1123,2009-08-14,,,,,,,,1,,,,,,,,,,,,,,,,,,,,,,,,,,,,,,
1123,2012-11-15,,,,,,,,,,,,,,,,,,,,,,,1,,,,,,,,,,,,,,,
1123,28-12-2014,,,,,,,1,,,,,,,,,,,,,,,,,,,,,,,,,,,,,,,
1123,31-01-2015,,,,,,,,,,,,,,,,,,,,,,,,,,,,,,,,,,,,1,,
1125,27-08-2015,,,,,,,,,,,,,,,,,,,,,,,,,,,,,,,,,,,,,,
1125,30-05-2014,,,,,1,,,,,,,,,,,,,,,,,,,,,,,,,,,,,,,,,
1126,17-05-2015,,,,,,,,,,,,,,,,,,,,,,,1,,,,,,,,,,,,1,,,
1126,2002-11-14,,,,,,,,1,,,,,,,,,,,,,,,,,,,,,,,,,,,,,,
1126,29-04-2015,,,,,,,,,,,,,,,,,,,,,,,,,,,,,,1,,,,,,,,
1127,14-01-2015,,,,,,,,1,,,,,,,,,,,,,,,,,,,,,,,,,,,,,,
1127,15-10-2015,,,,,,1,,,,,,,,,,,,,,,,,,,,,,,,,,,,,,,,
1127,2005-04-14,,,,,,,,,,,,,,1,,,,,,,,,,,,,,,,,,,,,,,,
1129,14-11-2014,,,,,,,,,,,,,,,,,,,,,,,,,,,,,,,,,,,,,1,
1129,25-01-2014,1,,,,,,,,,,,,,,,,,,,,,,,,,,,,,,,,,,,,,
1130,15-01-2015,,,1,,,,,,,,,,,,,,,,,,,,,,,,,,,,,,,,,,,
1130,18-09-2015,,,,,,,,,,,1,,,,,,,,,,,,,,,,,,,,,,,,,,,
1132,19-02-2015,,,,,,1,,,,,,,,,,,,,,,,,,,,,,,,,1,,,,,,,
1132,22-09-2015,,,,,,,,,,,,,,,,,,,,,,,,,,,,,,,,,,,,,,
1133,2003-08-14,,,,,,,,,,,,,,,,,,,1,,,,,,,,,,,,,,,,,,,
1133,2003-08-15,,,,,,,,,,,,,,,,,,,,1,,,,,,,,,,,,,,,,,,
1133,21-03-2014,,,,,,,,,,,,,,,,,,,,,,1,,,,,,,,,,,,,,,,
1133,26-02-2015,,,,,,,,,,,,,,,,,,,,,,,,,,,,,,,,,,,,,,
1133,26-03-2015,,,,,,,,,,,,,,,,,,,,,,,1,,,,,,,,,,,,,,,
1134,2004-12-14,,,,,,1,,,,,,,,,,,,,,,,,,,,,,,,,,,,,,,,
1134,2011-05-14,,,,,,,,,,,,,1,,,,,,,,,,,,,,,,,,,,,,,,,
1135,2010-07-15,,,,,,,,,,,,,,,,,,,,,,,,,,,,,,,,,,,,,,
1135,29-04-2015,1,,,,,,,,,,,,,,,,,,,,,,,,,,,,,,,,,,,,,
1136,15-07-2014,,,,,1,,,,,,,,,,,,,,,,,,,,,,,,,,,,,,,,,
1136,2002-05-14,,,,,,,,,,,,,,1,,,,,,,,,,,,,,,,,,,,,,,,
1136,2003-01-15,,,1,,,,,,,,,,,,,,,,,,,,,,,,,,,,,,,,,,,
1136,2003-11-15,,,1,,,,,,,,,,,,,,,,,,,,,,,,,,,,,,,,,,,
1136,2004-06-14,,,,,,,,1,,,,,,,,,,,,,,,,,,,,,,,,,,,,,,
1136,28-09-2014,,,1,,,,,,,,,,,,,,,,,,,,,,,,,,,,,,,,,,,
1136,29-10-2015,,,,,,1,,,,,,,,,,,,,,,,,,,,,,,,,,,,,,,,
1137,26-09-2015,1,,,,,1,,,,,,,,,,,,,,,,,,,,,,,,,,,,,,,,
1138,2002-09-15,1,,,,,,,,,,,,,,,,,,,,,,,,,,,,,,,,,,,,,
1138,2007-07-14,,,,,,,,,,,,,,1,,,,,,,,,,,,,,,,,,,,,,,,
1138,24-02-2015,,,,,,,,1,,,,,,,,,,,,,,,,,,,,,,,,,,,,,,
1139,15-01-2014,,,1,,,,,,,,,,,,,,,,,,,,,,,,,,,,,,,,,,,
1139,19-01-2015,,,1,,,,,,,,,,,,,,,,,,,,,,,,,,,,,,,,,,,
1139,2002-02-14,,,,,,,,1,,,,,,,,,,,,,,,,,,,,,,,,,,,,,,
1140,26-06-2015,,,,,,,1,,,,,,,,,,,,,,,,,,,,,,,,,,,,,,,
1141,15-12-2014,,,,,,,,,,,,,,,,,,,,,,,,,,,1,,,,,,,,,,,
1141,2002-12-14,,,,,,,,1,,,,,,,,,,,,,,,,,,,,,,,,,,,,,,
1141,2008-04-14,,,1,,,,,,,,,,,,,,,,,,,,,,,,,,,,,,,,,,,
1142,13-06-2015,,,,,,,,,,1,,,,,,,,,,,,,,,,,,,,,,,,,,,,
1142,13-10-2014,,,,,,1,,,,,,,,,,,,,,,,,,,,,,,,,,,,,,,,
1142,2010-12-14,,,,,,,,1,,,,,,,,,,,,,,,,,,,,,,,,,,,,,,
1142,22-05-2014,,,,,,,,,,,,,,,,,,,,,,,,,,,,,,,,,,,1,,,
1143,14-11-2014,,,,,,,,,,,,,,,,,,,,,,,1,,,,,,,,,,,,,,,
1143,25-04-2015,1,,,,,,,,,,,,,,,,,,,,,,,,,,,,,,,,,,,,,
1143,27-01-2015,,,,,,,,,,,,,,,,,,,,,,,,,,,,,,1,,,,,,,,
1144,16-01-2015,,,,,,,,,,1,,,,,,,,,,,,,,,,,,,,,,,,,,,,
1144,2007-11-14,,,,,,,,,,,,,,,,,,,,,,,1,,,,,,,,,,,,,,,
1144,2008-04-14,,,,,1,,,,,,,,,,,,,,,,,,,,,,,,,,,,,,,,,
1144,28-01-2015,,,,,,,,,,,,,,,,,,,,,,,,,,,,,,,,,,,,,,
1145,2007-10-15,,,1,,,,,,,,,,,,,,,,,,,,,,,,,,,,,,,,,,,
1146,2011-06-15,1,,,,,,,,,,,,,,,,,,,,,,,,,,,,,,,,,,,,,
1146,2012-07-14,,,,,,,,,,,1,,,,,,,,,,,,,,,,,,,,,,,,,,,
1146,2012-09-15,,,,,,,,,,,,,,,,,,,,,,,1,,,,,,,,,,,,,,,
1146,21-02-2014,,,,,,,,,,,,,,,,,,,,,,,,,,,,,,,,,,,,1,,
1146,23-05-2014,,,,,,,,,,,,,,,,,,,1,,,,,,,,,,,,,,,,,,,
1146,28-03-2014,,,,,,1,,,,,,,,,,,,,,,,,,,,,,,,,,,,,,,,
1147,2001-05-14,,,,,,,,,,,,,,,,,,,,,,,,,,,,,,,,,,,,,,
1148,14-01-2015,,,,,,,,,,,,,,,,,,,,,,,1,,,,,,,,,,,,,,,
1148,15-04-2015,,,,,,,,,,,,,,,,,,,1,,,,,,,,,,,,,,,,,,,
1148,2001-11-14,,,,,,,,,,,,,,,,,,,,,,,,,,,,,,,,,,,,,,
1148,2009-07-15,,,,,,,,,,,,,,,,,,,,,,,1,,,,,,,,,,,,,,,
1148,27-09-2015,,,,,,,,,,,,,,,,,,,,,,,,,,,,,,,,,,,,,,
1148,31-01-2014,,,,,1,,,,,,,,,,,,,,,,,,,,,,,,,,,,,,,,,
1149,2006-08-15,,,,,,,,,,,,,,,,,,,,,,,,,,,,,,,,,,,,,,
1150,2004-12-15,,,,,,1,,,,,,,,,,,,,,,,,,,,,,,,,,,,,,,,
1150,2006-09-14,,,,,,,,,,,,,,,,,,,,,,,,,,,,1,,,,,,,,,,
1150,29-08-2014,,,,,,,1,,,,,,,,,,,,,,,,,,,,,,,,,,,,,,,
1151,17-09-2015,,,,,,,,,,,,,,,,,,,,,,,,,,,1,,,,,,,,,,,
1151,2012-12-14,,,,,,,,,,,,,,,,,,,,1,,,,,,,,,,,,,,,,,,
1152,19-07-2015,,,,,,,,,,,,,,,,,,,,,,,1,,,,,,,,,,,,,,,
1152,20-04-2015,,,,,,,,,,,,,,,,,,,,,,,,,,,,,,,,,,,,,,
1152,2005-03-15,1,,,,,,,,,,,,,,,,,,,,,,,,,,,,,,,,,,,,,
1153,18-02-2015,,,,1,,,,,,,,,,,,,,,,,,,,,,,,,,,,,,,,,,
1153,19-08-2014,,,,,,,,,,1,,,,,,,,,,,,,,,,,,,,,,,,,,,,
1153,2008-12-15,1,,,,,,,,,,,,,,,,,,,,,,,,,,,,,,,,,,,,,
1153,28-03-2014,,,1,,,,,,,,,,,,,,,,,,,,,,,,,,,,,,,,,,,
1154,17-05-2015,,,,,,,,,,,,,,1,,,,,,,,,,,,,,,,,,,,,,,,
1154,2006-04-15,,,,,1,,,,,,,,,,,,,,,,,,,,,,,,,,,,,,,,,
1155,2001-04-15,1,,,,,,,,,,,,,,,,,,,,,,,,,,,,,,,,,,,,,
1155,2010-08-15,1,,,,,,,,,,,,,,,,,,,,,,,,,,,,,,,,,,,,,
1156,13-09-2015,,,,,,,,,,,,,,,,,,,,,,,,,,,1,,,,,,,,,,,
1157,2004-10-14,,,1,,,,,,,,,,,,,,,,,,,,,,,,,,,,,,,,,,,
1157,21-03-2014,,1,,,,,,,,,,,,,,,,,,,,,,,,,,,,,,,,,,,,
1158,17-10-2015,,,,,,1,,1,,,,,,,,,,,,,,,,,,,,,,,,,,,,,,
1158,19-02-2014,1,,,,,,,,,,,,,,,,,,,,,,,,,,,,,,,,,,,,,
1158,21-03-2015,,,,,,,,,,,,,,,,,,,1,,,,,,,,,,,,,,,,,,,
1158,25-08-2015,1,,,,,,,,,,,,,,,,,,,,,,,,,,,,,,,,,,,,,
1159,14-06-2015,,,,,,,,,,,,,,1,,,,,,,,,,,,,,,,,,,,,,,,
1159,2006-02-14,,,,,,,,,,,,,,,,,,,,,,,,,,,,,,,,,,,,1,,
1159,28-01-2014,,,,,,,,,,,,,,1,,,,,,,,,,,,,,,,,,,,,,,,
1160,20-11-2015,,,,,,,1,,,,,,,,,,,,,,,,,,,,,,,,,,,,,,,
1160,2004-09-15,,,,1,,,,,,,,,,,,,,,,,,,,,,,,,,,,,,,,,,
1160,2006-02-14,1,,,,,,,,,,,,,,,,,,,,,,,,,,,,,,,,,,,,,
1160,21-08-2015,,,,,,,,,,,,,,,,,,,,,1,,,,,,,,,,,,,,,,,
1160,24-01-2015,,,,,,,,,,,,,,,,,,,,,,,,,,,,,,,,1,,,,,,
1161,14-03-2015,,,,,,1,,,,,,,,,,,,,,,,,,,,,,,,,,,,,,,,
1161,26-01-2014,,1,,,,,,,,,,,,,,,,,,,,,,,,,,,,,,,,,,,,
1162,18-01-2014,,,,,,,,,,,,,,,,1,,,,,,,,,,,,,,,,,,,,,,
1162,2005-04-14,,,,,,,,,,,,,,,,,,,,,,,,,,,,,,1,,,,,,,,
1163,14-12-2015,1,1,,,,,,,,,,,,,,,,,,,,,,,,,,,,,,,,,,,,
1163,2011-03-14,,,,,,,,,,,,,,,,,,,,,,,,,,,,,,,,,,,,,,
1163,30-04-2014,,,,,,,,,,,,,,,,1,,,,,,,,,,,,,,,,,,,,,,
1164,2001-02-15,,,,,,1,,,,,,,,,,,,,,,,,,,,,,,,,,,,,,,,
1164,30-03-2015,1,,,,,,,,,,,,,,,,,,,,,,,,,,,,,,,,,,,,,
1165,13-04-2015,,,,,,,,,,,,,,,,,,,,,,,1,,,,,,,,,,,,,,,
1165,2001-04-14,,1,,,,,,,,,,,,,,,,,,,,,,,,,,,,,,,,,,,,
1165,2002-05-14,,,,,,,,,,,,,,,,,,,,,,,,,,,,,,,,,,,,1,,
1165,29-12-2015,,,,,,,,,,,,,,,,,,,,1,,,,,,,,,,,,,,,,,,
1166,17-02-2014,,,,,1,,,,,,,,,,,,,,,,,,,,,,,,,,,,,,,,,
1166,2003-06-14,,,,,,,,,,,1,,,,,,,,,,,,,,,,,,,,,,,,,,,
1167,16-02-2015,,,,,,,,,,,,,,,,,,,,,,1,,,,,,,,,,,,,,,,
1167,2001-11-14,,,,,,,,1,,,,,,,,,,,,,,,,,,,,,,,,,,,,,,
1168,2011-02-15,1,,,,,,,,,,,,,,,,,,,,,,,,,,,,,,,,,,,,,
1169,15-01-2014,,,,,,1,,,,,,,,,,,,,,,,,,,,,,,,,,,,,,,,
1169,2001-11-14,,,,,,,,,,,,,,,,,,,,,,,,,,,,,,,,,,,,,,
1170,13-09-2014,,,,,,,1,,,,,,,,,,,,,,,,,,,,,,,,,,,,,,,
1170,19-03-2015,1,,,,,,,,,,,,,,,,,,,,,,,,,,,,,,,,,,,,,
1170,2001-12-15,,,,,,,,,,1,,,,,,,,,,,,,,,,,,,,,,,,,,,,
1170,2003-06-14,,,,,,,,,,,,,,,,,,,,,,,,,,,,,,,,,,1,,,,
1170,2009-10-15,,,,,,,,,,,,,,1,,,,,,,,,,,,,,,,,,,,,,,,
1170,2012-11-15,1,,,,,,,,,,,,,,,,,,,,,,1,,,,,,,,,,,,,,,
1170,22-05-2014,1,,,,,,,,,,,,,,,,,,,,,,,,,,,,,,,,,,,,,
1171,15-01-2015,,,,,,,,,,,,,,,,,,,,,,,,1,,,,,,,,,,,,,,
1171,2004-08-14,,,,,,1,,,,,,,,,,,,,,,,,,,,,,,,,,,,,,,,
1171,2005-05-15,,,,,,,,,,,1,,,,,,,,,,,,,,,,,,,,,,,,,,,
1174,2011-02-15,,,,,,,,1,,,,,,,,,,,,,,,,,,,,,,,,,,,,,,
1174,26-01-2015,,,,,,,1,,,,,,,,,,,,,,,,,,,,,,,,,,,,,,,
1174,26-07-2014,,,,,,,,,,,,,,1,,,,,,,,,,,,,,,,,,,,,,,,
1175,2002-01-14,,,,,,,,,,,,1,,,,,,,,,,,,,,,,,,,,,,,,,,
1175,2010-06-15,1,,,,,,,,,,,,,1,,,,,,,,,,,,,,,,,,,,,,,,
1175,28-06-2014,,,,,,,,,,,,,,1,,,,,,,,,,,,,,,,,,,,,,,,
1175,30-06-2015,,,,,,,,,,,1,,,,,,,,1,,,,,,,,,,,,,,,,,,,
1176,17-08-2015,,,,,,,,,,,,,1,,,,,,,,,,,,,,,,,,,,,,,,,
1176,2004-09-14,,,,,,,,,,,,,,,,,,,,,,,,,,,,,,,,,,,,,,
1176,2009-05-14,,,1,,,,,,,,,,,,,,,,,,,,,,,,,,,,,,,,,,,
1176,30-03-2015,1,,,,,,,,,,,,,,,,,,,,,,,,,,,,,,,,,,,,,
1177,14-10-2015,,,,,,,,1,,,,,,,,,,,,,,,,,,,,,,,,,,,,,,
1178,15-06-2014,,,1,,,,,,,,,,,,,,,,,,,,,,,,,,,,,,,,,,,
1178,15-11-2015,,,,,,,,,,,1,,,,,,,,,,,,,,,,,,,,,,,,,,,
1178,19-04-2015,,,,,,1,,,,,,,,,,,,,,,,,,,,,,,,,,,,,,,,
1179,2011-09-14,,,,,,,,,,1,,,,,,,,,,,,,,,,,,,,,,,,,,,,
1180,24-08-2014,,,,,,,,,,,,,,1,,,,,,,,,,,,,,,,,,,,,,,,
1181,16-11-2015,,,,,,,,,,,,,,,,,,,,,,,,,,,,,,,,,,,,,,
1181,23-10-2014,,,,,,,,,,,,,,,,1,,,,,,,,,,,,,,,,,,,,,,
1182,16-11-2014,,,,,,,,,,,,,,,,,,,,,,,,,,,,,,,,,,,,,,1
1182,2001-09-15,,,,,,,,,,,,1,,,,,,,,,,,,,,1,,,,,,,,,,,,
1182,21-01-2015,,1,,,,,,,,,,,,,,,,,,,,,,,,,,,,,,,,,,,,
1182,29-11-2015,,,,,,,,,,,,1,,,,,,,,,,,,,,,,,,,,,,,,,,
1182,30-09-2014,,,,,,,,1,,,,,,,,,,,,,,,,,,,,,,,,,,,,,,
1183,2004-01-15,,,,,,,,,,,,,,,,,,,,,,,,,,,,,,,,,,,,,,
1183,2012-06-15,,,,,,,,,,,,,,,,,,,,,,,,,,,,,,,,,,,,,,
1183,29-06-2015,,,,,1,,,,,,,,,,,,,,,,,,,,,,,,,,,,,,,,,
1184,16-06-2015,,,,,1,,,,,,,,,,,,,,,,,,,,,,,,,,,,,,,,,
1184,24-06-2014,,1,,,,,,,,,,,,,,,,,,,,,,,,,,,,,,,,,,,,
1185,14-08-2014,,1,,,,,,,,,,,,,,,,,,,,,,,,,,,,,,,,,,,,
1185,24-08-2015,,,,,,,1,,,,,,,,,,,,,,,,,,,,,,,,,,,,,,,
1185,28-09-2014,,,,,,,,,,,,,,,,,,,,,,,,,,1,,,,,,,,,,,,
1186,23-03-2014,,,,,,,,,,,,,,,,1,,,,,,,,,,,,,,,,,,,,,,
1186,26-04-2015,,,,,,1,,,,,,,,,,,,,,,,,,,,,,,,,,,,,,,,
1187,2008-06-14,,,,,,,,,,,,,,,,,,,,,,,,,,,,,,,,,,,,,,
1187,2009-11-14,,,,,,,,,,,,,,1,,,,,,,,,,,,,,,,,,,,,,,,
1187,2012-12-15,,,,,,1,,,,,,,,,,,,,,,,,,,,,,,,,,,,,,,,
1188,2009-01-15,1,,,,,,,,,,,,,,,,,,,,,,,,,,,,,,,,,,,,,
1188,21-11-2014,,,,,,1,,,,,,,,,,,,,,,,,,,,,,,,,,,,,,,,
1189,23-02-2014,,,1,,,,,,,,,,,,,,,,,,,,,,,,,,,,,,,,,,,
1190,18-05-2014,,,,,,,1,,,,,,,,,,,,,,,,,,,,,,,,,,,,,,,
1190,2011-06-15,,,,,1,,,,,,,,,,,,,,,,,,,,,,,,,,,,,,,,,
1190,24-04-2014,,,,,,,,,,,,1,,,,,,,,,,,,,,,,,,,,,,,,,,
1191,2008-08-15,,,,,,,,,,,,1,,1,,,,,,,,,,,,,,,,,,,,,,,,
1191,2010-03-14,,,,,,,,,,,,,,,,,,,,,,,,,,,1,,,,,,,,,,,
1192,2009-01-15,,,,1,,,,,,,,,,,,,,,,,,,,,,,,,,,,,,,,,,
1193,2012-11-15,,,,,,,,,,,,,,1,,,,,,,,,,,,,,,,,,,,,,,,
1194,13-05-2015,,,,1,,,,,,,,,,,,,,,,,,,,,,,,,,,,,,,,,,
1194,16-01-2014,1,,,,,,,,,,,,,,,,,,,,,,,,,,,,,,,,,,,,,
1194,27-02-2014,,,,,,,1,,,,,,,,,,,,,,,,,,,,,,,,,,,,,,,
1195,14-08-2014,,,,1,,,,,,,,,,,,,,,,,,,,,,,,,,,,,,,,,,
1195,28-09-2015,1,,,,,,,,,,,,,,,,,,,,,,,,,,,,,,,,,,,,,
1196,20-01-2014,,,,,,,1,,,,,,,,,,,,,,,,,,,,,,,,,,,,,,,
1196,27-11-2015,,,,,,,,,,,,,,,,,,,,,,,,,,,,,,,,,,,,,,1
1197,16-01-2015,,,,,,,,,,,,,,,,,,,,,,,,,,,,,,,,,,,,,,
1197,19-03-2014,,,,,,,1,,,,,,,,,,,,,,,,,,,,,,,,,,,,,,,
1197,2003-05-14,1,,,,,,,,,,,,,,,,,,,,,,,,,,,,,,,,,,,,,
1197,2012-05-14,,1,,,,,,,,,,,,,,,,,,,,,,,,,,,,,,,,,,,,
1197,22-11-2015,,,,,1,,,,,,,,,1,,,,,,,,,,,,,,,,1,,,,,,,,
1197,27-04-2015,,,,,,,,,,,,,,1,,,,,,,,,,,,,,,,,,,,,,,,
1198,22-03-2014,,,,,,,,,,,,,,1,,,,,,,,,,,,,,,,,,,,,,,,
1198,31-01-2015,,,,,,1,,,,,,,,,,,,,,,,,,,,,,,,,,,,,,,,
1199,21-11-2015,1,,,,,,,1,,,,,,,,,,,,,,,,,,,,,,,,,,,,,,
1200,2008-08-15,,,,,,,,,,,,,,1,,,,,,,,,,,,,,,,,,,,,,,,
1200,26-09-2015,,,,,,,,,,,,,,,,,,,,,,,,,,,,,,,,,,,,,,1
1200,27-02-2014,,,,,,,,,,,,,,,,,,,,,,,,,,,,,1,,,,,,,,,
1201,24-11-2014,,,,,,,,,,,,,,,,,,,,,,,,,,,,,,1,,,,,,,,
1202,21-04-2014,,,,,,,,,,,,,,,,,,,,,,1,,,,,,,,,,,,,,,,
1202,22-04-2015,,,,,,,,,,,,,,,,,,,1,,,,,,,,,,,,,,,,,,,
1202,22-07-2015,,,,,,,,,,,,,,,,,,,,,,,,,,,,,,,,,,,,,,
1202,29-07-2014,,,,,,,,,,,,,,,,,,,1,,,,,,,,,,,,,,,,,,,
1204,18-05-2014,,,,,1,,,,,,,,,,,,,,,,,,,,,,,,,,,,,,,,,
1204,2011-04-15,,,,,,,,,,1,,,,,,,,,,,,,,,,,,,,,,,,,,,,
1204,23-06-2014,,,,,,,,1,,,,,,,,,,,,,,,,,,,,,,,,,,,,,,
1204,25-05-2014,1,,,,,,,,,,,,,,,,,,,,,,,,,,,,,,,,,,,,,
1205,14-03-2015,1,,,,,,,,,,,,,,,,,,1,,,,,,,,,,,,,,,,,,,
1205,2012-08-14,,,,,,,,,,,,,,,,1,,,,,,,,,,,,,,,,,,,,,,
1205,30-04-2014,1,,,,,,,,,,,,,,,,,,,,,,,,,,,,,,,,,,,,,
1206,15-05-2015,,,,,,,,1,,,,,1,,,,,,,,,,,,,,,,,,,,,,,,,
1206,2002-01-15,,,,,,,,,,,,,,,,,,,,,,,,,,,,,,,,,,,,,,
1206,2003-02-14,,,1,,,,,,,,,,,,,,,,,,,,,,,,,,,,,,,,,,,
1207,2009-12-14,1,,,,,,,,,,,,,,,,,,,,,,,,,,,,,,,,,,,,,
1208,16-12-2015,,,1,,,,,,,,,,,,,,,,,,,,,,,,,,,,,,,,,,,
1208,21-08-2015,,,,,,,,1,,,,,,,,,,,,,,,,,,,,,,,,,,,,,,
1208,24-08-2015,,,,,,,,,,,,,,,,,,,,,,,,,,,,,,,,1,,,,,,
1208,25-10-2014,,,,,,,,,,,,,,,,,,,,,,,1,,,,,,,,,,,,,,,
1209,2001-11-14,,,,,,,,,,,,,,,,,,,,,,,,,,,,,,,,,,,,,,
1209,2005-03-14,,,,,,,,,,,,,,,,,,,1,,,,,,,,,,,,,,,,,,,
1209,2011-11-14,,,,,,,,,,,,,,,,,,1,,,,,,,,,,,,,,,,,,,,
1211,19-04-2015,1,,,,,,,,,,,,,,,,,,,,,,,,,,,,,,,,,,,,,
1211,2010-03-15,,,,1,,,,,,,,,,,,,,,,,,,,,,,,,,,,,,,,,,
1211,24-05-2015,,,,,,,,1,,,,,,,,,,,,,,,,,,,,,,,,,,,,,,
1212,19-06-2015,,,1,,,,,,,,,,,,,,,,,,,,,,,,,,,,,,,,,,,
1212,2003-06-14,,,1,,,,,,,,,,,,,,,,,,,,,,,,,,,,,,,,,,,
1212,25-05-2014,,1,,,,,,,,,,,,,,,,,,,,,,,,,,,,,,,,,,,,
1212,31-07-2015,,,,,1,,,,,,,,,,,,,,,,,,,,,,,,,,,,,,,,,
1213,14-09-2015,,,,,,,,,,,,,,1,,,,,,,,,,,,,,,,,,,,,,,,
1213,2003-03-15,,1,,,,,,,,1,,,,,,,,,,,,,1,,,,,,,,,,,,,,,
1213,2007-02-15,,,,,,,,,,,,,,,,,,,,,1,,,,,,,,,,,,,,,,,
1214,2010-01-15,,,,,,,,,,1,,,,,,,,,,,,,,,,,,,,,,,,,,,,
1215,18-01-2015,,,,,,,1,,,,,,,,,,,,,,,,,,,,,,,,,,,,,,,
1216,2007-02-14,,,,,,,,,,,,,,1,,,,,,,,,,,,,,,,,,,,,,,,
1216,25-08-2015,1,,,,1,,,,,,,,1,,,,,,,,,,,,,,,,,,,,,,,,,
1217,18-02-2015,1,,,,,,,,,,,,,,,,,,,,,,,,,,,,,,,,,,,,,
1217,2003-12-14,,,,,,,,,,,,,,1,,,,,,,,,,,,,,,,,,,,,,,,
1217,21-07-2014,1,,,,,,,,,,,,,,,,,,,,,,,,,,,,,,,,,,,,,
1218,13-06-2015,,,,,,1,,,,,,,,,,,,,,,,,,,,,,,,,,,,,,,,
1218,20-08-2015,,,1,,,,,,,,,,,,,,,,,,,,,,,,,,,,,,,,,,,
1218,2005-07-15,1,,,,,,,,,,,,,,,,,,,,,,,,,,,,,,,,,,,,,
1218,2007-09-14,,,,,,,,,,,,,,,,,,,,,,,1,,,,,,,,,,,,,,,
1218,2008-05-14,,,,,,,,,,,,,,1,,,,,,,,,,,,,,,,,,,,,,,,
1218,29-12-2015,,,1,,,,,,,,,,,,,,,,,,,,,,,,,,,,,,,,,,,
1220,16-11-2014,,,,,,,,,,,,,,,,,,,,,,,,,,,,,,,,,,,,,,
1220,2008-09-15,,,,,,,,,,,,,1,,,,,,,,,,,,,,,,,,,,,,,,,
1220,2009-02-15,,,,,,,,1,,,,,,,,,,,,,,,,1,,,,,,,,,,,,,,
1223,18-11-2014,,,,,,,,,,,,,,1,,,,,,,,,,,,,,,,,,,,,,,,
1223,2005-09-14,,,,,,,,,,,,,,1,,,,,,,,,,,,,,,,,,,,,,,,
1224,20-09-2014,,,,,,,,,,,,,,,,,,,,,,,,,,,,,,,,,,,,,,
1225,2002-09-14,,,,,,,,,,,,,1,,,,,,,,,,,,,,,,,,,,,,,,,
1225,2003-10-14,,,,,,,,,,,,,,,,1,,,,,,,,,,,,,,,,,,,,,,
1225,26-02-2015,1,,,,,,,,,,,,,,,,,,,,,,,,,,,,,,,1,,,,,,
1225,26-03-2015,,,,,,,,,,,,,,,,,,,,,,,,,1,,,,,,,,,,,,,
1226,2012-11-15,,1,,,,,,,,,,,,1,,,,,,,,,,,,,,,,,,,,,,,,
1227,2008-05-14,,,,,,,,,,,,,,,,,,,1,,,,,,,,,,,,,,,,,,,
1229,2003-09-14,,1,,,,,,,,,,,,,,,,,,,,,,,,,,,,,,,,,,,,
1230,2006-04-15,1,,,,,,,,,,,,,,,,,,,,,,,,,,,,,,,,,,,,,
1230,27-01-2015,,,,,,,,,,,,,,,,,,,,,,,,,,,,,,,,,,,,,,
1231,14-10-2015,,,,,,,,,,,,,,,,,,,,,,,,,,,,,,,,,,,,,,
1231,27-01-2015,,,,,,,,,,,,,,,,,,,,,,,,,,1,,,,,,,,,,,,
1231,27-10-2015,,,,,,,,,,,,,,,,,,,,,,,1,,,,,,,,,,,,,,,
1231,29-09-2014,,,,,,,,,,,,,,,,,,,1,,,,,,,,,,,,,,,,,,,
1232,2001-07-15,,,,1,,,,,,,,,,,,,,,,,,,,,,,,,,,,,,,,,,
1232,21-01-2015,,,,,,,,1,,,,,,,,,,,,,,,,,,,,,,,,,,,,,,
1233,20-03-2015,,,,,,,,1,1,,,,,,,,,,,,,,,,,,,,,,,,,,,,,
1233,31-07-2015,,,,,,,,,,1,,,,,,,,,,,,,,,,,,,,,,,,,,,,
1234,14-04-2014,,,,,,,,,,,,,,,,,,,1,,,,,,,,,,,,,,,,,,,
1234,16-03-2014,,,,,1,,,,,,,,,,,,,,,,,,,,,,,,,,,,,,,,,
1234,20-11-2015,,,,,,,,,,,,,,,,,1,,,,,,,,,,,,,,,,,,,,,
1234,2012-05-14,,,,,,,,,,,,,,,,,,,,1,,,,,,,,,,,,,,,,,,
1235,2001-01-15,,,,,,,,,,,,,,,,,,,,,,,,,,,,,,,,,,,,,,
1235,25-06-2014,,,,,,1,,,,,,,,,,,,,,,,,,,,,,,,,,,,,,,,
1235,29-05-2015,,,,,,,,,,,,,,,,,,,,,,,,,,,,,,,,1,,,,,,
1236,2011-05-15,1,,,,,,,,,,,,,,,,,,,,,,,,,,,,,,,,,,,,,
1236,27-06-2014,,,,,,,,,,,,,,,,,,,,,,,,,,,,,,,,,,,1,,,
1237,2008-03-15,,,,,,,,1,,,,,,,,,,,,,,,,,,,,,,,,,,,,,,
1237,2009-04-15,1,,,,,1,,,,,,,,,,,,,,,,,,,,,,,,,,,,,,,,
1237,2012-03-14,,,,,,,,,,,,,,1,,,,,,,,,,,,,,,,,,,,,,,,
1237,22-06-2014,,,,,,,,,,,,,,,,,,,,,,,1,,,,,,,,,,,,,,,
1239,2002-07-15,,,,,,,,,1,,,,,,,,,,,,,,,,,,,,,,,,,,,,,
1239,22-03-2015,,,,,,,,,,,,,,,,,,,,,,,,,,,,,,,,,,,,,,
1239,31-08-2015,,,,,,,,,,,,,,,,,,,,,,,,,,,,,1,,,,,,,,,
1240,14-04-2015,1,,,,,,,,,,,,,,,,,,,,,,,,,,,,,,,,,,,1,,
1240,27-11-2014,,,,,,,,,,,,,,,,,,,,,,,,,,,,,,,,,,,,,,
1241,14-08-2014,,,,,,,,,,,,,,,,,,,,,,,,1,,,,,,,,,,,,,,
1242,14-12-2015,,,,,,,,,,,,,,,,,,,,,,,,,,,,,,,,1,,,,,,
1242,18-05-2015,,,,,,,,,,,,,,,,,,,,,,,,,,,,,,,,,,,,,,
1242,2004-04-15,,,,,,,,,,,,,,1,,,,,,,,,,,,,,,,,,,,,,,,
1242,2004-12-15,,,,,,,,,,,,,,,,,,,,,,,,,,,,,,,,,,,,,,
1244,24-11-2014,,,,,,,,,,,,,,,,,,,,,,,,,,,,,,,,,,,,,,1
1244,25-11-2014,,,,,,,,1,,,,,,,,,,,,,,,,,,,,,,,,,,,,,,
1245,2002-03-15,,,,,,,,,,,,,,,,,,,,,,,,,1,,,,,,,,,,,,,
1245,2008-10-15,,,1,,,,,,,,,,,,,,,,,,,,,,,,,,,,,,,,,,,
1245,27-06-2015,,,,,,,,,,,,,,,,,,,,,,,,,,,,,,,,,,,,,,
1245,27-09-2014,,,,,,,,,,,,,,,,,,,,,,1,,,,,,,,,,,,,,,,
1246,13-06-2014,,,1,,,,,,,,,,,,,,,,,,,,,,,,,,,,,,,,,,,
1246,29-12-2014,,,,,,1,,,,,,,,,,,,,,,,,,,,,,,,,,,,,,,,
1247,2004-10-14,,,,,,,,,,,,,,,,,,,,,,,,,,,,,,,,,,,,1,,
1248,14-08-2014,,,1,,,,,,,,,,,,,,,,,,,,,,,,,,,,,,,,,,,
1248,2001-02-14,,,,,,,,,,1,,,,,,,,,,,,,,,,,,,,,,,,,,,,
1248,2008-05-14,,,,,,,,,,,,,,1,,,,,,,,,,,,,,,,,,,,,,,,
1248,2009-05-14,,,,,1,,,,,,,,,,,,,,,,,,,,,,,,,,,,,,,,,
1248,25-08-2015,,1,,,,,,,,,,,,,,,,,,,,,,,,,,,,,,,,,,,,
1249,2001-01-14,,,,,,,,,,,,,,1,,,,,,,,,,,,,,,,,,,,,,,,
1249,2011-10-14,,,,,,,,,,,,,,,,,,,,,,,,,,,,,,,,,,,,,,
1250,2008-10-14,,,,,,1,,,,,,,,,,,,,,,,,,,,,,,,,,,,,,,,
1252,13-04-2015,,,,,,,,,,,,,,,,,,,,,,,1,,,,,,,,,,,,,,,
1252,2011-03-15,,,,,,,,,,1,,,,,,,,,,,,,,,,,,,,,,,,,,,,
1253,20-06-2015,,,,,,,,,,,,,,,1,,,,,,,,,,,,,,,,,,,,,,,
1253,2001-03-14,,,,,,,,,,,,,1,,,,,,,,,,,,,,,,,,,,,,,,,
1256,2002-08-15,,,,,,,,,,,,,,,,,,,,,,,,,,,,,,,,,,,,,,
1256,29-08-2015,1,,,,,,,,,,,,,,,,,,,,,,,,,,,,,,,,,,,,,
1257,16-09-2014,,,,,,,,1,,,,,,,,,,,,,,,,,,,,,,,,,,,,,,
1258,2009-08-14,,,,,,,,1,,,,,,,,,,,,,,,,,,,,,,,,,,,,,,
1259,20-09-2015,,,,,,,,,,,,,,,,,,,,,,,,,,1,,,,,,,,,,,,
1259,2010-06-14,,,,,,,,,,,,1,,,,,,,,,,,,,,,,,,,,,,,,,,
1259,21-11-2015,,,,,,,,,,,,,,,,,,,,,,,,,,,,,,,,,,,,,,
1259,24-06-2014,,,,,,,,,,,,,,,,,,1,,,,,,,,,,,,,,,,,,,,
1259,27-11-2015,,,,,,,,,,,,,,,,,,,,,,,1,,,,,,,,,,,,,,,
1260,2009-07-14,,,,,,,,,,,,,,,,,,,,,,,,,,,,,,,,,,,,,,
1261,2006-10-14,1,,,,,,,,,,,,,,,,,,,,,,,,,,,,,,,,,,,,,
1261,21-05-2015,,,,,,,,1,,,,,,,,,,,,,,,,,,,,,,,,,,,,,,
1262,22-07-2014,1,,,,,,,,,,,,,,,,,,,,,,,,,,,,,,,,,,,,,
1263,2011-05-14,,,,,,,,,,,,,,1,,,,,,,,,,,,,,,,,,,,,,,,
1264,17-11-2015,,,,,,,,,,,1,,,,,,,,,,,,,,,,,,,,,,,,,,,
1264,2007-12-15,,,1,,,,,,,,,,,,,,,,1,,,,,,,,,,,,,,,,,,,
1264,2011-12-14,,,1,,,,,,,,,,,,,,,,,,,,,,,,,,,,,,,,,,,
1264,30-07-2015,,,,,,,,,,,,,,,,,,,,,,,,,,,,,,,,,,,,,,
1265,13-04-2015,,,,,,,,,,,,,,,,,,,,,,,1,,,,,,,,,,,,,,,
1265,19-01-2015,,,,,,,,,,,,1,,,,,,,,,,,,,,,,,,,,,,,,,,
1265,2001-02-14,,,,,,1,,,,,,,,,,,,,,,,,,,,,,,,,,,,,,,,
1265,2003-10-15,,,,,,,,,,,,,,,,,,,,,,,1,,,,,,,,,,,,,,,
1265,2005-12-14,1,,,,,,,,,,,,,,,,,,,,,,,,,,,,,,,,,,,,,
1265,2007-03-15,,,,,,,1,,,1,,,,1,,,,,,,,,,,,,,,,,,,,,,,,
1265,29-09-2015,,,,,,,,,,,,,,,,,,,,,,,,,,,,,,,,1,,,,,,
1266,27-08-2014,,,,,,1,,,,,,,,,,,,,,,,,,,,,,,,,,,,,,,,
1268,22-07-2014,1,,,,,,,,,,,,,,,,,,,,,,,,,,,,,,,,,,,,,
1268,30-01-2014,,,,,,1,,,,,,,,,,,,,,,,,,,,,,,,,,,,,,,,
1269,2012-09-15,,,,,,1,,,,,,,,,,,,,,,,,,,,,,,,,,,,,,,,
1269,24-04-2014,,,1,,,,,,,,,,,,,,,,,,,,,,,,,,,,,,,,,,,
1269,30-09-2015,,,,,,1,,,,,,,,,,,,,,,,,,,,,,,,,,,,,,,,
1270,2003-02-15,,,,,,,,,,,,,,1,,,,,,,,,,,,,,,,,,,,,,,,
1270,25-04-2015,,,,,,,,,,,,,,,,,,,,,,,1,,,,,,,,,,,,,,,
1273,31-01-2015,,,,,,,,,,,,,,,,,,,,,,,1,,,,,,,,,,,,,,,
1274,16-05-2014,,,,,,,,,,,,,,,,,,,,,,,,,1,,,,,,,,,,,,,
1274,2010-07-14,,,,,,,,,,,,,,,,,,,,,,1,,,,,,,,,,,,,,,,
1275,16-07-2015,,,,,,1,,,,,,,,,,,,,,,,,,,,,,,,,,,,,,,,
1275,17-02-2015,,,,,,,,,,,,,,,,,,,,,,,,,,,,,,,,,,,,,,
1275,18-10-2015,,,,,,,,,,,,,,,,1,,,,,,,,,,,,,,,,,,,,,,
1275,19-06-2014,,,,,,,,,,,,,,,,,,,,,,,,,,1,,,,,,,,,,,,
1275,2004-06-15,,,,,,,,,,,,,,,,,,,,1,,,,,,,,,,,,,,,,,,
1275,2007-05-15,,,,,1,,,,,,,,,,,,,,,,,,,,,,,,,,,,,,,,,
1275,2010-06-14,,,,,,,,,,,,,,1,,,,,,,,,,,,,,,,,,,,,,,,
1276,28-04-2015,,,,,,,,,,,,,,,,,,,,,,,,,,,,,,,,,,,,,,
1276,28-08-2015,1,,,,,,,,,,,,,,,,,,,,,,,,,,,,,,,,,,,,,
1277,2001-12-15,,,,,,,,,,,,,,,,,,,,,,,,,,,,,,,,,,,,,,
1277,2007-06-15,1,,,,1,,,,,,,,,,,,,,,,,,,,,,,,,,,,,,,,,
1277,23-10-2015,,,,,,,,,1,,,,,,,,,,,,,,,,,,,,,,,,,,,,,
1277,25-01-2014,,,,1,,,,,,,,,,,,,,,,,,,,,,,,,,,,,,,,,,
1278,2006-09-14,,,,,,,,,,,,,,1,,,,,,,,,,,,,,,,,,,,,,,,
1278,2009-12-15,,,,,,1,,,,,,,,,,,,,,,,,,,,,,,,,,,,,,,,
1278,24-01-2014,,,,,1,,,,,,,,,,,,,,,,,,,,,,,,,,,,,,,,,
1279,19-07-2015,,,,,1,,,,,,,,,,,,,,,,,,,,,,,,,,,,,,,,,
1279,2006-09-15,,,1,,,,,,,,,,,,,,,,1,,,,,,,,,,,,,,,,,,,
1279,2010-09-15,,,,,,,,,,,,,,,,,,,,,,,,,,,,,,,,,,,,,,
1279,25-08-2014,,,,,,,,,,1,,,,,,,,,,,,,,,,,,,,,,,,,,,,
1280,2012-08-15,1,,,,,,,,,,,,,,,,,,,,,,,,,,,,,,,,,,,,,
1281,2002-06-15,,,,,,,,1,,,,,,,,,,,,,,,,,,,,,,,,,,,,,,
1281,2011-02-15,,,1,,,,,,,,,,,,,,,,,,,,,,,,,,,,,,,,,,,
1281,28-07-2014,,,,,,,,1,,,,,,,,,,,,,,,,,,,,,,,,,,,,,,
1282,18-11-2015,,,,,,,,,,,,,,,,,,,,,,,,,,,,,,1,,,,,,,,
1282,2004-05-14,,,,,,1,,,,,,,,,,,,,,,,,,,,,,,,,,,,,,,,
1282,2006-06-14,,,,,,,,,,,,,,,,,,,,,,,,,,,,,,,,,,,,,,
1282,24-10-2014,,,,,,1,,,,,,,,,,,,,,,,,,,,,,,,,,,,,,,,
1283,15-03-2015,1,,,,,,,,,,,,,,,,,,,,,,,,,,,,,,,,,,,,,
1283,2009-02-14,,,,1,,,,,,,,,,,,,,,,,,,,,,,,,,,,,,,,,,
1283,22-09-2015,,,,,1,,,,,,,,,,,,,,,,,,,,,,,,,,,,,,,,,
1283,30-05-2015,,,,,,,,,,,1,,,,,,,,,,,,,,,,,,,,,,,,1,,,
1285,2008-01-14,,,,1,,,,,,,,,,,,,,,,,,,,,,,,,,,,,,,,,,
1285,21-06-2014,,,,,,,,,,,,,,1,,,,,,,,,,,,,,,,,,,,,,,,
1285,21-07-2015,,,,,,,,,,,,,,,,,,,1,,,,,,,,,,,,,,,,,,,
1285,29-05-2014,,,1,,,,,,,,,,,,,,,,,,,,,,,,,,,,,,,,,,,
1286,19-12-2014,,,,,1,,,,,,,,,,,,,,,,,,,,,,,,,,,,,,,,,
1286,2002-07-14,,,,,,,,,,,,,,,,,,,,,,,,,,,,1,,,,,,,,,,
1286,2012-08-15,1,,,,,,,,,,,,,,,,,,,,,,,,,,,,,,,,,,,,,
1286,26-04-2014,,,,,,,,,,,,,,,,,,,,,,,1,,,,,,,,,,,,,,,
1287,2008-07-14,,,,,,,,,,1,,,,,,,,,,,,,,,,,,,,,,,,,,,,
1287,28-08-2015,1,,,1,,,1,,,,,,,1,,,,,,,,,,,,,,,,,,,,,,,,
1288,20-08-2014,1,,,,,,,,,,,,,,,,,,,,,,,,,,,,,,,,,,,,,
1288,28-09-2014,,,,,,,,,,,,,,1,,,,,,,,,,,,,,,,,,,,,,,,
1289,2008-11-15,,,,,,1,,,,,,,,,,,,,,,,,,,,,,,,,,,,,,,,
1289,2009-05-14,,,,,,,,1,,,,,,,,,,,,,,,,,,,,,,,,,,,,,,
1289,2009-08-14,,,,,1,,,,,,,,,,,,,,,,,,,,,,,,,,,,,,,,,
1290,22-09-2015,,,,,,,,,,,,,,,,,,,,,,,,,,,,,,,,,,,,,,
1290,24-04-2015,1,,,,,1,,,,,,,,,,,,,,,,,,,,,,,,,,,,,,,,
1291,14-01-2015,,,1,,,,,,,,,,,1,,,,,,,,,,,,,,,,,,,,,,,,
1291,20-03-2015,,,,,,,,,,,,,,,,,,,,,1,,,,,,,,,,,,,,,,,
1291,2006-03-15,1,,,,,,,,,,,,,,,,,,,,,,,,,,,,,,,,,,,,,
1293,2001-03-15,1,,,,,,,,,,,,,,,,,,,,,,,,,,,,,,,,,,,,,
1293,2005-03-15,,,1,,,,,,,,,,,,,,,,,,,,,,1,,,,,,,,,,,,,
1293,26-10-2015,1,,,,,,,,,,,,,,,,,,,,,,,,,,,,,,,,,,,,,
1294,14-08-2014,,,,,1,,,,,,,,,,,,,,,,,,,,,,,,,,,,,,,,,
1295,13-03-2014,,,,,,1,,,,,,,,,,,,,,,,,,,,,,,,,,,,,,,,
1295,23-07-2015,,,,,,,,,,1,,,,,,,,,,,,,,,,,,,,,,,,,,,,
1295,28-01-2015,,,,,,,,,,,,,,,,,,,,,,,,,,,,,,,,,,,,,,
1296,20-08-2015,,,1,,,,,,,,,,,,,,,,,,,,,,,,,,,,,,,,,,,
1296,2006-11-15,,,,,,,1,,,,,,,,,,,,,,,,,,,,,,,,,,,,,,,
1296,23-11-2015,,,,,,1,,,,,,,,,,,,,,,,,,,,,,,,,,,,,,,,
1297,13-12-2014,,,,,,,,,,1,,,,,,,,,,,,,,,,,,,,,,,,,,,,
1297,2006-07-14,,,,,,,,,,,,,,,,,,,,,,,,,,,,,,,,,,,,,,
1297,31-01-2014,,,,,,,,,,,,,,,,,,,1,,,,,,,,,,,,,,,,,,,
1298,23-06-2015,,,,,,,,,,1,,,,,,,,,,,,,,,,,,,,,,,,,,,,
1299,2003-06-15,1,,,,,,,,,,,,,,,,,,,,,,,,,,,,,,,,,,,,,
1299,23-02-2014,,,,,,,,1,,,,,,,,,,,,,,,,,,,,,,,,,,,,,,
1300,2004-09-14,,,,,,,,,,1,,,,,,,,,,,,,,,,,,,,,,,,,,,,
1301,2007-01-15,,,,,,,,,,,,,,,,,,,,,,,,,,,,,,,,,,,,,,
1302,2002-12-14,,,,,,,,,,,,,,,,,,,,,,,,,,,,,,,,1,,,,,,
1302,26-08-2015,,,,,,,,,,,,,,1,,,,,,,,,,,,,,,,,,,,,,,,
1302,29-09-2015,,,,,,,,,,,,,,,,,,1,,,,,,,,,,,,,,,,,,,,
1303,2008-09-15,,,,,,,,1,,,,,,,,,,,,,,,,,,,,,,,,,,,,,,
1303,29-05-2015,1,,,,,,,,,,,,,,,,,,,,,,,,,,,,,,,,,,,,,
1304,30-04-2015,,,,,,,,1,,,,,,,,,,,,,,,,,,,,,,,,,,,,,,
1305,23-05-2015,,,,,,,,,,,,,,,,,,,,,,,,,,,,,,,,,,,,,,
1305,24-05-2015,,,1,,,,,,,,,,,1,,,,,,,,,1,,,,,,,,,,,,,,,
1305,26-07-2014,,,,,,,,,,,,,,,,,,,,,,,,,,,,,,,,,1,,,,,
1306,20-11-2015,1,,,,,,,,,,,,,,,,,,,,,,,,,,,,,,,,,,,,,
1306,2008-01-15,,,,,,,,,,,,,,,,,,,1,,,,,,,,,,,,,,,,,,,
1306,23-06-2015,1,,,,,,,,,,,,,,,,,,,,,,1,,,,,,,,,,,,,,,
1307,15-12-2014,,,,,,,,,,,,1,,,,,,,,,,,,,,,,,,,,,,,,,,
1307,2001-11-14,,,,,,1,,,,,,,,,,,,,,,,,,,,,,,,,,,,,,,,
1307,22-06-2015,,,,,,,,,,,,,,,,,,,,,,,,,,,,,,,,,,,,,,
1308,14-03-2015,,,,,,,,,,,,,,,,,,,,,,,1,,,,,,,,,,,,,,,
1308,23-11-2014,,,,,,,,,,,,,,,,,,,,,,,,,,,,,1,,,,,,,,,
1309,20-04-2014,,,,,,,,,,,,,,,,,,,,,,,,,,,,,,,,,,,,,,
1309,2001-04-15,,,1,,,,,,,,,,,,,,,,,,,,,,,,,,,,,,,,,,,
1309,2006-05-14,,,,,,,,,,,,,1,,,,,,,,,,,,,,,,,,,,,,,,,
1309,2010-08-14,,,,,,,,,,,,,,,,,,,,1,,,,,,,,,,,,,,,,,,
1309,23-12-2014,,,,,,,,,,,,,,,,,,,,,,,,,1,,,,,,,,,,,,,
1311,14-01-2014,,,,,,1,,,,,,,,,,,,,,,,,,,,,,,,,,,,,,,,
1311,2012-02-15,,,,,,,,,,,,,,,,,,,,,,,,,,,,,,,,,,,,,,1
1311,29-06-2015,,,,,,,,1,,,,,,,,,,,,,,,,,,,,,,,,,,,,,,
1312,2002-09-14,,,,,,,1,,,,,,,,,,,,,,,,,,,,,,,,,,,,,,,
1312,2007-09-14,,,1,,,,,,,,,,,,,,,,,,,,,,,,,,,,,,,,,,,
1312,2009-02-15,,,,,,,,,,,,,,,,,,,,,,,,,,,,1,,,,,,,,,,
1312,2012-11-14,,,,,,,,,,,,,,,,,,,,,,,,,,,,1,,,,,,,,,,
1313,25-12-2015,,,,,,1,,,,,,,,,,,,,,,,,,,,,,,,,,,,,,,,
1316,26-03-2015,,,,,,,,,,,,,,,,,,,,1,,,,,,,,,,,,,,,,,,
1317,26-07-2014,,,,,,,,,,,,,,1,,,,,,,,,,,,,,,,,,,,,,,,
1318,26-09-2015,,,,,,,,,,,,,1,,,,,,,,,,,,,,,,,,,,,,,,,
1319,18-08-2015,,,,,,,1,,,,,,,,,,,,,,,,,,,,,,,,,,,,,,,
1319,19-05-2015,,,,,,,,,,,,,,,,,,,,,,,1,,,,,,,,,,,,,,,
1319,2010-01-15,,,,,,,,,,,,,,,,,,,,,,,,,,,,,,1,,,,,,,,
1321,2011-07-14,,,,,,,,,,,,,,1,,,,,,,,,,,,,,,,,,,,,,,,
1322,19-10-2015,,,,,,,,,,,,,,,,,,,,,,,1,,,,,,,,,,,,,,,
1322,2009-01-15,,,,,,,,,,1,,,,,,,,,,,,,,,,,,,,,,,,,,,,
1322,2011-12-14,,,,,,,,,,,,,,1,,,,,,,,,,,,,,,,,,,,,,,,
1323,18-06-2014,1,,,,,,,,,,,,,,,,,,,,,,,,,,,,,,,,,,,,,
1323,30-04-2015,1,,,,,,,,,,,,,,,,,,,,,,,,,,,,,,,,,,,,,
1324,2010-04-15,,,,,,,,,,,,,,,,,,,,,,,,1,,,,,,,,,,,,,,
1324,2010-07-15,,,,,,,,,,,1,,,1,,,,,,,,,,,,,,,,,,,,,,,,
1324,26-03-2015,,,,,,,,,,,,,,,,,,,1,,,,,,,,,,,,,,,,,,,
1324,27-12-2015,,,,,,,,,,,,,,,,,,,,,,,,,,,,,,1,,,,,,,,
1325,26-05-2015,,,,,,,,,,,1,,,,,,,,,,,,,,,,,,,,,,,,,,,
1325,29-03-2014,,,,,,,,1,,,,,,,,,,,,,,,,,,,,,,,,,,,,,,
1326,19-06-2015,,1,,,,,,,,,,,,,,,,,,,,,,,,,,,,,,,,,,,,
1326,2009-11-15,,,,,,,,,,,,,,,,,,,,,,,,,,1,,,,,,,,,,,,
1327,18-07-2014,,,,,,1,,,,,,,,,,,,,,,,,,,,,,,,,,,,,,,,
1327,2004-07-15,,,,,,,,,,1,,,,,,,,,,,,,,,,,,,,,,,,,,,,
1327,2004-12-14,,,,,,,1,,,,,,,,,,,,,,,,,,,,,,,,,,,,,,,
1327,2009-08-15,,,,,,,,1,,,,,,,,,,,,,,,,,,,,,,,,,,,,,,
1328,14-08-2014,,,1,,,,,,,,,,,,,,,,,,,,,,,,,,,,,,,,,,,
1328,24-03-2015,,,,,,,,,,,,,,,,,,,,,,,,,,,,,,,,,,,,,,
1329,2002-02-15,,,,,,,,,,,,,,,,,,,,,,,,,,,,,,,,,,,,,,
1329,22-02-2014,,,,,,,,,,,,,,,,,,,,,,,,,1,,,,,,,,,,,,,
1329,23-05-2015,,,,,,,,,,,,1,,,,,,,,,,,,,,,,,,,,,,,,,,
1329,29-03-2015,,,,,,,,,,,,,,,,,,,,,,,,,,,,,,,,,,,,,,
1330,18-05-2015,,,,,,,,,,1,,,,,,,,,,,,,,,,,,,,,,,,,,,,
1330,2002-11-15,,,,,,,,,,,,,,,,,,,,,,,,,,,,,,,,,,,,,,
1330,2010-07-15,,,,,,,,,,,,,,,,,,,,,,,,,,,,,,,,,,,1,,,
1330,2011-02-14,1,,,,,,,,,,,,,,,,,,,,,,,,,,,,,,,,,,,,,
1331,29-04-2015,,,,,,,,,,,,,,,,,,,,,,,,,,,,,,,,,,,,,,
1331,29-11-2015,,,,,,1,,,,,,,,,,,,,,,,,,,,,,,,,,,,,,,,
1332,2002-12-15,,,,,1,,,,,,,,,1,,,,,,,,,,,,,,,,,,,,,,,,
1332,2003-04-15,,,,,,,,,,,,,,,1,,,,,,,,,,,,,,,,,,,,,,,
1332,30-04-2015,,,,,,,,,,,,,1,,,,,,,,,,,,,,,,,,,,,,,,,
1333,2003-04-15,,,,,,,,,,,,,,,,,,,,,,,,,,,,,,,,,,,,,,
1333,2010-10-14,,,,,,,,,,,,,,1,,,,,,,,,,,,,,,,,,,,,,,,
1333,22-09-2015,,,,,,,,,,,,,,,,,,,,,,,,,,,,,,,,,,,,,,
1333,26-06-2014,,,,,,,,,,,,,,,,,,,,1,,,,,,,,,,,,,,,,,,
1333,27-11-2014,1,,,,,,,,,,,,,,,,,,,,,,,,,,,,,,,,,,,,,
1334,2007-06-15,,,,,,,,,,1,,,,,,,,,,,,,,,,,,,,,,,,,,,,
1335,18-10-2015,,,,,,,,,1,,,,,,,,,,,,,,,,,,,,,,,,,,,,,
1336,2004-04-15,,,,,,,,,,,,,,1,,,,,,,,,,,,,,,,,,,,,,,,
1336,23-01-2014,,,,,,,,1,,,,,,,,,,,,,,,,,,,,,,,,,,,,,,
1337,25-12-2015,,,,,,1,,,,,,,,,,,,,,,,,,,,,,,,,,,,,,,,
1339,2005-05-15,,,,,,,,,,,,,,,,,,,,,,,,,,,,,,,,,,,,,,
1339,23-05-2015,,,1,,,,,,,,,,,,,,,,,,,,,,,,,,,,,,,,,,,
1339,28-11-2015,1,,,,,,,,,,1,,,,,,,,,,,,,,,,,,,,,,,,,,,
1340,13-03-2015,,,,,1,,,,,,,,,,,,,,,,,,,,,,,,,,,,,,,,,
1340,18-11-2015,,,,,,,,,1,,,,,,,,,,,,,,,,,,,,,,,,,,,,,
1340,23-01-2015,1,,,,,,,,,,,,,,,,,,,,,,,,,,,,,,,,,,,,,
1340,24-02-2015,,,,,,,,,,,,,,1,,,,,,,,,,,,,,,,,,,,,,,,
1340,29-03-2014,1,,,,,,,,,,,,,,,,,,,,,,,,,,,,,,,,,,,,,
1341,16-09-2015,,,,,,1,,,,,,,,,,,,,,,,,,,,,,,,,,,,,,,,
1341,2008-11-14,,,,,,,,,,,1,,,,,,,,,,,,,,,,,,,,,,,,,,,
1342,2003-04-14,,,,,,1,,,,,,,,,,,,,,,,,,,,,,,,,,,,,,,,
1342,2007-01-15,,,1,,,,,,,,,,,,,,,,,,,,,,,,,,,,,,,,,,,
1343,2001-11-15,,,,,,1,,,,,,,,,,,,,,,,,,,,,,,,,,,,,,,,
1343,2007-02-14,,,,,,,,,,1,,,,,,,,,,,,,,,,,,,,,,1,,,,,,
1344,2004-09-15,,,,,,,,,,,1,,,,,,,,,,,,,,,,,,,,,,,,,,,
1345,2008-04-14,,,,,,,,,,,,,,,,,,,,,,,,,,,,,,,,,,,,,,
1345,21-03-2015,1,,,,,,,,,,,,,,,,,,,,,,,,,,,,,,,,,,,,,
1346,2003-04-15,,,,,,1,,,,,,,,,,,,,,,,,,,,,,,,,,,,,,,,
1346,2008-05-15,,,,,,,1,,,,,,,,,,,,,,,,,,,,,,,,,,,,,,,
1347,15-09-2015,,1,,,,,,1,,,,,,,,,,,,,,,,,,,,,,,,,,,,,,
1347,22-07-2014,,,,,,,,,,,,,,,,,,,,,,,,,,,1,,,,,,,,,,,
1347,27-03-2015,,1,,,,,,,,,,,,,,,,,,,,,,,,,,,,,,,,,,,,
1347,31-07-2015,1,,,,,,,,,,,,,,,,,,,,,,,,,,,,,,,,,,,,,
1348,13-06-2015,,,,,1,,,,,,,,,,,,,,,,,,,,,,,,,,,,,,,,,
1348,17-09-2015,,,,,,,,,,,,,,,,,,,,,,,,,,,,,,,,,,,,,,
1349,13-04-2015,1,,,,,,,,,,1,,,,,,,,,,,,,,,,,,,,,,,,,,,
1349,13-12-2014,,,,,,,,,,,,,,,,,,,,1,,,,,,,,,,,,,,,,,,
1350,2003-09-14,1,,,,,,,,,,,,,,,,,,,,,,,,,,,,,,,,,,,,,
1351,15-01-2014,,,1,,,,,,,,,,,,,,,,,,,,,,,,,,,,,,,,,,,
1353,2009-02-15,,1,,,,,,,,,,,,,,,,,,,,,1,,,,,,,,,,,,,,,
1353,2012-09-14,,,,,,,,1,,,,,,,,,,,,,,,,,,,,,,,,,,,,,,
1354,2001-12-15,1,,,,,,,,,,,,,,,,,,,,,,,,,,,,,,,,,,,,,
1354,29-11-2015,,,,,,,,,,,,,,,,,,,,,,,,,,1,,,,,,,,,,,,
1355,25-02-2015,,,,,,,,,,,,,1,,,,,,,,,,,,,,,,,,,,,,,,,
1355,28-02-2015,,,1,,,,,,,,,,,,,,,,1,,,,,,,,,,,,,,,,,,,
1355,28-03-2015,,,,,,,,1,,,,,,,,,,,,,,,,,,,,,,,,,,,,,,
1355,29-03-2014,,,,,,,,,,,,,,,,,,,,1,,,,,,,,,,,,,,,,,,
1357,2006-09-15,,,,,1,,,,,,,,,,,,,,,,,,,,,,,,,,,,,,,,,
1357,2010-04-15,,,,,,,,,,,,,,,,,,,,,,,,,,,,,,,,,,,,,,
1358,2011-09-15,1,,,,,,,,1,,,,,,,,,,,,,,,,,,,,,,,,,,,,,
1358,29-12-2015,,,,,,,,,,,,,,,,,,,,,1,,,,,,,,,,,,,,,,,
1359,29-05-2014,,,1,,,,,,,,,,,,,,,,,,,,,,,,,,,,,,,,,,,
1360,17-06-2014,,,,,,,,,,,,,,,,,,,,1,,,,,,,,,,,,,,,,,,
1360,2005-02-15,,,,,1,,,,,,,,,,,,,,,,,,,,,,,,,,,,,,,,,
1360,23-10-2015,,,,,,,,,,,,,,,,,,,,,,,1,,,,,,,,,,,,,,,
1361,2003-09-14,,,,,,,,1,,,,,,,,,,,,,,,,,,,,,,,,,,,,,,
1361,2006-07-15,,,,,,1,,,,,,,,,,,,,,,,,,,,,,,,,,,,,,,,
1361,2008-09-15,1,1,,,,,,,,,,,,,,,,,,,,,,,,,,,,,,,,,,,,
1361,2010-12-14,1,,,,,,,,,,,,,,,,,,,,,,,,,,,,,,,,,,,,,
1361,2012-07-15,,,,,,,,,,,,,,,,,,,,,,,,,,,,,,,,,,,,,,
1362,2003-01-14,,,1,,,,,,,,,,,,,,,,,,,,,,,,,,,,,,,,,,,
1362,2006-10-15,,,,,,,,,,,,,,,,,,,,1,,,,,,,,,,,,,,,,,,
1363,14-10-2015,1,,,,,,,,,,,,,,,,,,,,,,,,,,,,,,,,,,,,,
1363,16-06-2015,1,,,,,,,,,,,,1,,,,,,,,,,,,,,,,,,,,,,,,,
1363,21-07-2014,1,,,,,,,,,,,,,,,,,,,,,,,,,,,,,,,,,,,,,
1364,20-06-2015,,,,,1,,,,,,,,,,,,,,,,,,,,,,,,,,,,,,,,,
1364,2007-01-14,,,,,,,,,,,,,,1,,,,,,,,,,,,,,,,,,,,,,,,
1364,2011-08-14,,,,,,1,,,,,,,,,,,,,,,,,,,,,,,,,,,,,,,,
1364,31-07-2015,,,,,,,,,,,,,,,,,,,,,,,,,,,,,,,,,,,,,,
1365,20-05-2015,,,,,,1,,,,,,,,,,,,,,,,,,,,,,,,,,,,,,,,
1365,23-08-2014,,,,,,,,,,,,,,,,,,,,,,,,,,,,,,,,,,,,,,
1365,25-06-2014,,,,,,,,1,,,,,,,,,,,,,,,,,,,,,,,,,,,,,,
1366,25-10-2015,,,,,,1,,,,,,,,,,,,,,,,1,,,,,,,,,,,,,,,,
1366,29-05-2015,,1,1,,,,,1,,,,,,,,,,,,1,,,,,,,,,,,,,,,,,,
1366,29-08-2014,,,,,,1,,,,,,,,,,,,,,,,,,,,,,,,,,,,,,,,
1366,29-11-2015,1,,,,,,,,,,,,,,,,,,,,,,,,,,,,,,,,,,,,,
1366,30-05-2015,1,,,,,,,,,,,,,,,,,,,,,,,,,,,,,,,,,,,,,
1367,2005-08-15,,,,,,1,,,,,,,,,,,,,,,,,,,,,,,,,,,,,,,,
1367,31-01-2014,1,,,,,,,,,,,,,,,,,,,,,,,,,,,,,,,,,,,,,
1368,15-07-2015,,1,,,,,,,,,,,,,,,,,,,,,,,,,,,,,,,,,,,,
1369,2005-05-14,,,,,,,,,,,,,,,,,,,,,,,,,,,,,,,,,1,,,,,
1369,2008-02-14,,,,,,1,,,,,,,,,,,,,,,,,,,,,,,,,,,,,,,,
1370,2005-07-15,,,1,,,,,,,,,,,,,,,,,,,,,,,,,,,,,,,,,,,
1370,2009-09-14,,,,,,,,,,,,,,,,,,1,,,,,,,,,,,,,,,,,,,,
1370,28-06-2015,1,,,,,,,,,,,,,,,1,,,,,,,,,,,,,,,,,,,,,,
1371,17-08-2014,,,,,1,,,,,,,,,,,,,,,,,,,,,,,,,,,,,,,,,
1371,22-01-2015,,,,,,,,,,,,,,,,,,,,,,,,,,,,,,,,,,,,1,,
1372,2004-05-14,,,,,,,,,,,,1,,,,,,,,,,,,,,,,,,,,,,,,,,
1372,25-04-2015,,,,,,,,,,,,,,,,,,,,,,,,,,,,,,,,,,,,,,
1372,25-06-2015,1,,,,,,,,,,,,,,,,,,,,,,,,,,,,,,,,,,,,,
1373,19-07-2015,,,,,,,,,,,,,,,,,,,,1,,,,,,,,,,,,,,,,,,
1373,2010-05-15,,,,,,,,,,,,,,,,,,,1,,,,,,,,,,1,,,,,,,,,
1373,28-04-2014,,,,,,,,,,,,,,,,,,,,,,,,,,,,,,,,,,,,,1,
1374,2010-03-15,1,,,,,,,,,,,,,,,,1,,,,,,,,,,,,,,,,,,,,,
1374,2011-09-14,,,,,,,,,,,,,,,,,,,,,,,,,,,,,,,,,,,,,,1
1375,2011-10-15,,,,,,1,,,,,,,,,,,,,,,,,,,,,,,,,,,,,,,,
1376,2002-04-14,,,,,,,,,,,,,,,,,,,,,,,,,1,,,,,,,,,,,,,
1376,29-11-2014,,,,,,,1,,,,,,,,,,,,,,,,,,,,,,,,,,,,,,,
1376,30-06-2015,,,,,,,,,,,,,,,,,,,,,,,,,,,,,,,,,,,,,,
1377,14-03-2015,,,,,,1,,,,,,,,,,,,,,,,,,,,,,,,,,,,,,,,
1377,2006-02-15,1,,,,,,,,,,,,,,,,,,,,,,,,,,,,,,,,,,,,,
1379,17-04-2015,,,,,,,,,,,,,1,,,,,,,,,,,,,,,,,,,,,,,,,
1379,18-05-2015,,,,,,,,,,,,,,,,,,,,,,,1,,,,,,,,,,,,,,,
1379,2001-07-15,,,,,,1,,,,,,,,,,,,,,,,,,,,,,,,,,,,,,,,
1379,2002-07-14,1,,,,,,,,,,,,,,,,,,,,,,,,,,,,,,,,,,,,,
1379,2006-02-15,,,,,,,,,,1,,,,,,,,,,,,,,,,,,,,,,,,,,,,
1379,2007-07-15,,,,,,1,,,,,,,,,,,,,,,,,,,,,,,,,,,,,,,,
1379,21-09-2014,,,,,,,,,,,1,,,,,,,,,,,,,,,,,,,,,,,,,,,
1380,13-05-2015,,,,,,,1,,,,,,,,,,,,,,,,,,,,,,,,,,,,,,,
1380,20-04-2015,,,,,,,,,,,,,,,,,,,,,,,,,,,,,,,,,,,,,,1
1380,2009-04-15,,,,,,,,1,,,,,,,,,,,,,,,,,,,,,,,,,,,,,,
1380,21-11-2015,1,,,,,,,,,,,,,,,,,,,,,,,,,,,,,,,,,,,,,
1380,22-04-2014,,,,,,,,1,,,,,,,,,,,,,,,,,,,,,,,,,,,,,,
1381,2005-02-14,,,,,,,,,,,,,,,,,,,,,,1,,,,,,,,,,,,,,,,
1381,2006-03-15,,,,,,1,,,,,,,,,,,,,,,,,,,,,,,,,,,,,,,,
1382,2008-05-14,,,,,,,,,,,,,,1,,,,,,,,,,,,,,,,,,,,,,,,
1382,26-03-2015,,,,,,,,,,,,,,,,,,,,1,,,,,,,,,,,,,,,,,,
1382,29-09-2015,,,,,,,,,,,,,,,,,,,,,,1,,,,,,,,,,,,,,,,
1383,23-02-2015,,,,,,,1,,,,,,,,,,,,,,,,,,,,,,,,,,,,,,,
1384,19-12-2015,,,,,,1,,,,,,,,,,,,,,,,,,,,,,,,,,,,,,,,
1384,2009-08-15,,,,,,,1,,,,,,,,,,,,,,,,,,,,,,,,,,,,,,,
1384,23-03-2015,,,,,,,,,,,,,,,,,,,,,,,,,,,,,,,,,,,,,,
1385,19-11-2015,,,,,,,1,,,,,,,,,,,,1,,,,,,,,,,,,,,,,,,,
1385,21-06-2015,,,,,,,,,1,,,,,,,,,,,,,,,,,,,,,,,,,,,,,
1385,26-11-2015,1,,,,,,,,,,,,,,,,,,,,,,,,,,,,,,,,,,,,,
1385,27-02-2014,,1,,,,,,,,,,,,,,,,,,,,,,,,,,,,,,,,,,,,
1385,28-03-2014,,,,,,,,,,,,,,,,,,,,,,1,,,,,,,,,,,,,,,,
1386,21-12-2014,,,,,,,,,,,,,,,,,,,,,,,1,,,,,,,,,,,,,,,
1386,31-07-2015,,,,,,,,,,,,,,,,,,,,,,,1,,,,,,,,,,,,,,,
1387,31-05-2014,,,,,,,,1,,,,,,,,,,,,,,,,,,,,,,,,,,,,,,
1388,2003-04-15,1,,,,,,,,,,,,,,,,,,,,,,,,,,,,,,,,,,,,,
1389,13-11-2014,,,,,1,,,,,,,,,,,,,,,,,,,,,,,,,,,,,,,,,
1389,18-02-2015,,,,,1,,,,,,,,,,,,,,,,,,,,,,,,,,,,,,,,,
1390,2002-03-15,,,,,,,,,,,,,1,,,,,,,,,,,,,,,,,,,,,,,,,
1390,31-07-2014,,,,,,,,1,,,,,,,,,,,,,,,,,,,,,,,,,,,,,,
1391,14-03-2015,,,,,,,,1,,,,,,,,,,,,,,,,,,,,,,,,,,,,,,
1391,19-03-2015,,,,,,,,,,,,,,,,,,,,,,,,,,,,,,,,,,,,,,
1391,2001-08-15,,,,,,,,,,,,,,,,,,,1,,,,,,,,,,,,,,,,,,,
1392,2012-09-14,,,,,,1,,,,,,,,,,,,,,,,,,,,,,,,,,,,,,,,
1393,21-07-2014,,,,,,,,,,,,,,,,,,,1,,,,,,,,,,,,,,,,,,,
1393,25-06-2014,,,,,,,,,,,,,,,,,,,,,,,,,,,,,,,,,,1,,,,
1394,14-02-2015,1,,,,,,,,,,,,,,,,,,,,,,,,,,,,,,,,,,,,,
1395,20-05-2014,,,,,,,,,,,,,,,,,,,,,,,,,,,,1,,,,,,,,,,
1395,2011-06-15,,,,,,,,,,,,,,,,,,,,,,,,,,,,,1,,,,,,,,,
1395,2012-10-15,,,,,,,,,,,,,,,,,,,,,,,,,,,,,,,,,,,,,,
1395,24-11-2014,,,,,,,,,,,,,,,,,,,,,,,,,,,,,,,,,,,,,,
1395,25-08-2015,,,,,,,,,,,,,,,,,,,,,,,1,,,,,,,,,,,,,,,
1395,26-06-2015,,,1,,,,,,,,,,,,,,,,,,,,,,,,,,,,,,,,,,,
1396,2003-12-14,,,,,,,,,,,,,,,,,,,,,,,,,,,,,,,,,,,,,,
1396,22-07-2015,,,1,,,,,,,,,,,,,,,,,,,,1,,,,,,,,,,,,,,,
1397,21-12-2015,1,,,,,,,,,,,,,,,,,,,,,,,,,,,,,,,,,,,,,
1398,15-04-2015,,,,,,,,,,,,,,,,,,,,,,,,,,,,,,,,,,,,,,
1398,23-08-2014,,,,,,,,,,,,,,,,,,,,,,,,1,,,,,,,,,,,,,,
1399,2006-02-14,,,,,,1,,,,,,,,,,,,,,,,,,,,,,,,,,,,,,,,
1400,2011-10-14,,,,,,,,1,,,,,,,,,,,,,,,,,,,,,,,,,,,,,,
1401,29-05-2015,,,,,,,,,,,,,,,,,,,,,,,,,,,,,,,,,,,,,,
1402,14-10-2014,,,,,,,,1,,,,,,,,,,,,,,,,,,,,,,,,,,,,,,
1403,16-05-2015,,,,,,,,,,,,1,,,,,,,,,,,,,,,,,,,,,,,,,,
1403,25-03-2015,,,,,,,,,,,,,,,,,1,,,,,,,,,,,,,,,,,,,,,
1404,16-01-2015,,,,,,,,,,,,,,,,,,,,,,,,,,1,,,,,,,,,,,,
1404,2003-05-15,,,,,,,,,,,1,,,,,,,,,,,,,,,,,,,,,,,,,,,
1404,28-09-2014,,,,,,,,1,,,,,,,,,,,,,,,,,,,,,,,,,,,,,,
1405,14-05-2014,,,,,,1,,,,,,,,,,,,,,,,,,,,,,,,,,,,,,,,
1406,23-03-2015,,,,,,,,,,1,,,,,,,,,,,,,,,,,,,,,,,,,,,,
1406,28-12-2015,,,1,,,,,,,,,,,,,,,,,,,,,,,,,,,,,,,,,,,
1407,2003-11-14,1,,,,,,,,,,,,,,,,,,,,,,,,,,,,,,,,,,,,,
1407,2010-09-14,,,,,,,,,,,,,,,,1,,,,,,,,,,,,,,,,,,,,,,
1407,26-06-2015,,1,,,,,,,,,,,,,,,,,,,,,,,,,,,,,,,,,,,,
1407,29-04-2015,,,,,1,,,,,,,,,,,,,1,,,,,,,,,,,,,,,,,,,,
1408,2001-03-15,,,,,1,,,,,,,,,,,,,,,,,,,,,,,,,,,,,,,,,
1408,2009-01-14,,,,,,,,,,,,1,,,,,,,,,,,,,,,,,,,,,,,,,,
1408,23-07-2015,,,,,1,,,,,,,,,,,,,,,,,,,,,,,,,,,,,,,,,
1409,17-02-2015,1,,,,,,,,,,,,,,,,,,,,,,,,,,,,,,,,,,,,,
1409,2002-07-15,,,,,,,,,,,,,,,,,,,,,,,,,,,,,,,,1,,,,,,
1409,28-07-2015,,,,,,,,,,,,,,,,,,,,,,,,,,,,,,,,,,,,,,
1410,2004-10-15,,,,,,,,,,,,,,1,,,,,,,,,,,,,,,,,,,,,,,,
1410,2006-01-14,,,,,,,,,,,,,,,,,,,,,,,,,,,,,,,,,,,,,,
1410,2007-02-14,,,,,,1,,,,,,,,,,,,,,,,,,,,,,,,,,,,,,,,
1410,23-05-2014,,,,,,,,,,,,,,,,,,,1,,,,,,,,,,,,,,,,,,,
1410,25-12-2014,,,,,,1,,,,,,,,,,,,,,,,,,,,,,,,,,,,,,,,
1410,26-06-2014,,,,,,,,,,,,,,,,,,,,,,,,1,,,,,,,,,,,,,,
1412,16-11-2015,,,,,,,,,,,,,,,,,,,,,,,,,,,,,,,,,,,,,,
1412,20-06-2014,,,,,,,,1,,,,,,,,,,,,,,,,,,,,,,,,,,,,,,
1412,2005-07-15,,,,,1,,,,,,,,,,,,,,,,,,,,,,,,,,,,,,,,,
1413,2003-12-14,,,,,,,,,,,,,,1,,,,,,,,,,,,,,,,,,,,,,,,
1414,24-05-2015,1,,,,,,,,,,,,,,,,,,,,,,,,,,,,,,,,,,,,,
1415,2005-01-14,,,,,,,,,,,,,,,,,,,,,,,,,,,,,,,,,,,,,,
1415,28-12-2014,,,,,,,,,,,,,,,,,,,,,,,,,,,,,,,,,,,,,,
1416,20-06-2015,,,,,,1,,,,,,,,,,,,,,,,,,,,,,,,,,,,,,,,
1416,2004-03-15,,,,,,,,,,,,,,,,,,,,,,,,,,,,,,,,,,,,,,
1416,22-08-2015,,,,,,1,,,,,,,,,,,,,,,,,,,,,,,,,,,,,,,,
1417,13-07-2015,,,,,,,1,,,,,,,,,,,,,,,,,,,,,,,,,,,,,,,
1417,14-10-2014,,,,,,,,,1,,,,,,,,,,,,,,,,,,,,,,,,,,,,,
1417,2001-08-14,,,,,,,,,,,,,,,,,,,1,,,,,,,,,,,,,,,,,,,
1417,27-08-2014,1,,,,,,,,,,,,,,,,,,,,,,,,,,,,,,,,,,,,,
1418,30-06-2014,,,,,,,,,,,,,,1,,,,,,,,,,,,,,,,,,,,,,,,
1419,2007-04-15,,,,,1,,,,,,,,,,,,,,,,,,,,,,,,,,,,,,,,,
1419,2008-12-14,,,,,,,,,,,,,,,,,,,1,,,,,,,,,,,,,,,,,,,
1419,2012-03-14,,,,1,,,,,,,,,,,,,,,,,,,,,,,,,,,,,,,,,,
1420,14-01-2015,,,,,,1,,,,,,,,,,,1,,,,,,,,,,,,,,,,,,,,,
1420,2008-12-15,,,,,,,,,,,,,,,,,,,,1,,,,,,,,,,,,,,,,,,
1420,25-03-2014,,,,,,,,,,,,,,,,,,,,,1,,,,,,,,,,,,,,,,,
1421,30-08-2014,,,,,,,1,,,,,,,,,,,,,,,,,,,,,,,,,,,,,,,
1422,2001-01-15,,,1,,,,,,,,,,,,,,,,,,,,,,,,,,,,,,,,,,,
1422,2004-10-15,,,,,,,1,,,,,,,,,,,,,,,,,,,,,,,,,,,,,,,
1422,21-08-2015,,,,,,1,,,,,,,,,,,,,,,,,,,,,,,,,,,,,,,,
1422,28-02-2015,,,,,,,,,,,,,,,,,,,1,,,,,,,,,,,,,,,,,,,
1423,26-02-2014,,,,,,,,,,,,,,1,,,,,,,,,,,,,,,,,,,,,,,,
1424,2004-04-14,,,,,,,,,,,,,,,,,,,,,,,,,,,1,,,,,,,,,,,
1424,2009-10-15,,,,,,,,,,,,,,1,,,,,,,,,,,,,,,,,,,,,,,,
1425,2006-02-14,,,,,,,,,,,,,,1,,,,,,,,,,,,,,,,,,,,,,,,
1425,24-09-2015,,,,,,,,,,,,,,1,,,,,,,,,,,,,,,,,,,,,,,,
1426,18-11-2014,,1,,,,,,,,,,,,,,,,,,,,,,,,,,,,,,,,,,,,
1426,2003-10-14,,,,,,,,,,,1,,,,,,,,,,,,,,,,,,,,,,,,,,,
1426,26-10-2014,,,,,1,,,,,,,,,,,,,,,,,,,,,,,,,,,,,,,,,
1427,2010-01-15,,,,,,,,,,1,,,,,,,,,,,,,,,,,,,,,,,,,,,,
1427,2012-06-14,,,,,,,,,,,,,,,,,,,,,,,,,,,,,1,,,,,,,,,
1427,26-11-2015,,,,,,,,1,,,,,,,,,,,,,,,,,,,,,,,,,,,,,,
1428,18-01-2015,,,,,,,,1,,,,,,,,,,,,,,,,,,,,,,,,,,,,,,
1428,18-10-2014,,,,,,,,,,,,,,,,,,,,,,,,,,,1,,,,,,,,,,,
1429,19-10-2014,1,,,,,,,,,,,,,,,,,,,,,,,,,,,,,,,,,,,,,
1429,2007-02-15,1,,,,,,,,,,,,,,,,,,,,,,,,,,,,,,,,,,,,,
1430,2004-09-15,,,,,,,,,,,,,,1,,,,,,,,,,,,,,,,,,,,,,,,
1430,2012-01-14,,,,,,,,,,,,,,,,,,,,,,,,,,,,,,,,,,,,,,
1430,2012-11-15,,,,,,,,1,,,,,,,,,,,,,,,,,,,,,,,,,,,,,,
1430,27-10-2015,,1,,,,,,,,,,,,,,,,,,,,,,,,,,,,,,,,,,,,
1431,13-10-2014,,,,,,,,,1,,,,,,,,,,,,,,,,,,,,,,,,,,,,,
1431,20-07-2015,,,,,,,,,,,,,,,,,,,1,,,,,,,,,,,,,,,,,,,
1431,2005-03-15,,,,,,1,,,,,,,,,,,,,,,,,,,,,,,,,,,,,,,,
1431,2007-11-15,,,,,,,,,,,,,,1,,,,,,,,,,,,,,,,,,,,,,,,
1432,18-02-2014,,,,,,,,,,,,,,,,,,,,,,,,,,,1,,,,,,,,,,,
1432,18-09-2014,,,,1,,,,,,,,,,,,,,,,,,,,,,,,,,,,,,,,,,
1432,2004-08-15,,,,,,1,,,,,,,,,,,,,,,,,,,,,,,,,,,,,,,,
1432,2012-03-14,,,,,,,,,,,,,,,,,,,,,,,,,,,,,,,,,,,,1,,
1433,22-09-2014,,,,,,,,,,,,,,,,,1,,,,,,,,,,,,,,,,,,,,,
1434,13-11-2014,,,,,,,,,,,,,,,,,,,,,1,,,,,,,,,,,,,,,,,
1434,28-11-2014,,,,,,,,,,1,,,,,,,,,,,,,,,,,,,,,,,,,,,,
1435,14-01-2015,,,,,,,,,,,,,,,,,,,,,,,1,,,,,,,,,,,,,,,
1435,17-04-2014,,,,,,,,,,,,,,,,,,,,,,,,,1,,,,,,,,,,,,,
1435,2006-02-14,,,,,,,,,,,,,,,,,,,,,,,,1,,,,,,,,,,,,,,
1435,2007-12-14,,1,,,,,,,,,,,,,,,,,,,,,,,,,,,,,,,,,,,,
1437,15-03-2014,,,,,,,,,,,,,1,,,,,,,,,,,,,,,,,,,,,,,,,
1437,15-08-2015,,,,,,,,,,,,,,,,,1,,,,,,,,,,,,,,,,,,,,,
1438,18-05-2014,,,,1,,,,,,,,,,,,,,,,,,,,,,,,,,,,,,,,,,
1438,19-01-2014,1,,,,,,,,,,,,,,,,,,,,,,,,,,,,,,,,,,,,,
1438,19-10-2015,,,1,,,,,,,,,,,,,,,,,,,,,,,,,,,,,,,,,,,
1438,2011-05-15,,,,,,,,,,,,,,,,,,,,,,,,,,,,,,,,,,,,,,
1440,14-07-2014,1,,,,,,,,,,,,,,,,,,,,,,,,,,,,,,,,,,,,,
1440,2001-01-14,,,,,,1,,,,,,,,,,,,,,,,,,,,,,,,,,,,,,,,
1440,2006-01-14,,,1,,,,,,,,,,,,,,,,,,,,,,,,,,,,,,,,,,,
1440,2006-09-15,,,,,,,,,,,,,,,,,,,,,,,,,,,,,,,,1,,,,,,
1440,2006-12-15,,,,,,,,,,,,,,,,,,,,,,,,,,,,,,,,,,,,,,
1440,26-07-2014,,,,,,,,1,,,,,,,,,,,,,,,,,,,,,,,,,,,,,,
1442,25-07-2015,,,,,,,,,,,,,1,,,,,,,,,,,,,,,,,,,,,,,,,
1442,28-07-2014,,,,,,,,,,,,,,1,,,,,,,,,,,,,,,,,,,,,,,,
1442,30-03-2015,,,,,,,,,,,,,,,,,,,,,,,,,,,,,,,,,,,1,,,
1442,31-08-2015,,,,,,,,,,1,,,,,,,,,,,,,,,,,,,,,,,,,,,,
1443,13-01-2014,,,,,,,,,,,,1,,,,,,,,,,,,,,,,,,,,,,,,,,
1443,2009-10-15,,,,1,,,,1,,,,,,,,,,,,,,,,,,,,,,,,,,,,,,
1443,25-08-2014,,,1,,,,,,,,,,,,,,,,,,,,,,,,,,,,,,,,,,,
1444,14-10-2015,1,,,,,,,,,,,1,,,,,,,,,,,,,,,,,,,,,,,,,,
1444,16-12-2015,,,,,,,,1,,,,,,,,,,,,,,,,,,,,,,,,,,,,,,
1444,2006-06-15,,,,1,,,,,,,,,,,,,,,,,,,,,,,,,,,,,,,,,,
1444,2007-03-14,1,,,,,,,,,,,,,,,,,,,,,,,,,,,,,,,,,,,,,
1444,30-04-2014,,,,,,,1,,,,,,,,,,,,,,,,,,,,,,,,,,,,,,,
1445,2002-05-14,,,,,,1,,,,,,,,,,,,,,,,,,,,,,,,,,,,,,,,
1446,2007-05-14,,,,,,,,,,,,,,,,,,,,,,,,,,,,,1,,,,,,,,,
1447,2005-06-14,,,1,,,,,,,,,,,,,,,,,,,,,,,,,,,,,,,,,,,
1448,19-03-2015,,,,,,,,,,,,,,,,,,,,,,,1,,,,,,,,,,,,,,,
1448,2005-07-14,,,,,,,,,,,,,,,,,1,,,,,,,,,,,,,,,,,,,,,
1449,18-07-2014,1,,,,,,,,,,,,,,,,,,,,,,,,,,,,,,,,,,,,,
1449,27-05-2015,1,,,,,,,,,,,,,,,,,,,,,,,,,,,,,,,,,,,,,
1450,17-11-2014,,,,,1,,,,,,,,,,,,,,,,,,,,,,,,,,,,,,,,,
1450,2008-07-15,,,,,,,,,,,,1,,,,,,,,,,,,,,,,,,,,,,,,,,
1451,27-01-2015,,,1,,,,,,,,,,,,,,,,,,,,,,,,,,,,,,,,,,,
1451,28-08-2014,,,1,,,,,,,,,,,,,,,,,,,,,,,,,,,,,,,,,,,
1452,21-05-2015,,,,,,,,,,,,,,,,,,,,,,,,,,,,,,,,1,,,,,,
1452,25-11-2015,,,1,,,,,,,,,,,,,,,,,,,,,,,,,,,,,,,,,,,
1452,27-10-2015,,,,,,,,,,1,,,,,,,,,,,,,,,,,,,,,,,,,,,,
1452,29-03-2015,,,,,,,,,,,,,,,,,,,,,,,,,,,,,,,,,,,,1,,
1453,13-03-2014,,,,,,,,,,,,,,1,,,,,,,,,,,,,,,,,,,,,,,,
1454,2003-05-14,,,,,,,,,,1,,,,,,,,,,,,,,,,,,,,,,,,,,,,
1454,22-10-2015,,1,,,,,,,,,,,,,,1,,,,,,,,,,,,,,,,,,,,,,
1454,28-01-2014,,,,,,,,,,,,,,,,,,,,,,,,,,,,,1,,,,,,,,,
1456,18-09-2015,1,,,,1,,,1,,,,,,,,,,,,,,,,,,,,,,,,,,,,,,
1456,19-07-2015,1,,,,,,,,,,,,,,,,,,,,,,,,,,,,,,,,,,,,,
1456,20-11-2015,,,,,,,,,,,,,,,,,,,,,,,,,,,,,,,,,,,1,,,
1457,15-04-2014,,,,,,,,,,,,,,,,,,,,,,,,,,,,1,,,,,,,,,,
1457,2002-12-14,1,,,,,,,,,,,,,,,,,,,,,,,,,,,,,,,,,,,,,
1457,2009-01-15,,,,,,,,,,,,,,,,,,,1,,,,,,,,,,,,,,,,,,,
1457,2012-05-14,,,,,1,,,,,,,,,,,,,,,,,,,,,,,,,,,,,,,,,
1458,20-10-2014,,,,,,,1,,,,,,,,,,,,,,,,,,,,,,,,,,,,,,,
1458,24-02-2015,,,,,,,,,,,,,,,,,,,,,,,,,,1,,,,,,,,,,,,
1458,24-08-2015,,,,,,,,,,,,,,,,,,,,,,,1,,,,,,,,,,,,,,,
1459,18-07-2015,1,,,,,,,,,,,,,1,,,,,,,,,,,,,,,,,,,,,,,,
1460,24-06-2015,,,1,,,,,,,,,1,,,,,,,,,,,,,,,,,,,,,,,,,,
1461,2005-08-14,,,,,,1,,,,,,,,,,,,,,,,,,,,,,,,,,,,,,,,
1461,21-12-2015,,,,,,,,,,,1,,,,,,,,,,,,,,,,,,,,,,,,,,,
1462,18-01-2014,,,,,,,,,,,,,,,,,1,,,,,,,,,,,,,,,,,,,,,
1462,24-09-2014,,,,,,,,,,,1,,,,,,,,,,,,,,,,,,,,,,,,,,,
1463,17-11-2014,,,,,,1,,,,,,,,,,,,,,,,,,,,,,,,,,,,,,,,
1463,24-12-2015,,,,,,,,,,,,,,,,,,,,,,,,,,,,,,,,,,,,,,
1463,28-09-2015,,,1,,,,,,,,,,,,,,,,,,,,,,,,,,,,,,,,,,,
1464,2003-06-15,,,,,,1,,,,,,,,,,,,,,,,,,,,,,,,,,,,,,,,
1464,2007-03-15,,,,,,,,,,,,,,,,,,,,,,,,,,,,,,,,,,,,,,
1465,2003-02-15,,,,,,,,,,,,,,,,,,,,,,,,,,,,,,,,,,,,,,
1465,26-06-2015,,,,,,,,,,,,,,,,,,,,,,,,,,,,,,,,,,,,,,
1465,27-06-2014,1,,,,,,,,,,,,,,,,,,,,,,,,,,,,,,,,,,,,,
1466,13-07-2014,,,,,,,,,,,,1,,,,,,,,,,,,,,,,,,,,,,,,,,
1466,19-04-2015,,1,,,,,,,,,,,,,,,,,,,,,,,,,,,,,,,,,,,,
1466,2001-12-15,,,,,,,,,,,,,,,,,,,,,,,,,,,,,,,,,,,,,,
1466,2003-02-14,,,,,,,,,,,,,,1,,,,,,,,,,,,,,,,,,,,,,,,
1466,23-08-2014,,,,,,,,,,,,,,,,,,,,,,,,,,1,,,,,,,,,,,,
1466,24-05-2014,,,,,1,,,,,,,,,,,,,,,,,,,,,,,,,,,,,,,,,
1466,25-04-2014,,,,,1,,,,,,,,,,,,,,,,,,,,,,,,,,,,,,,,,
1467,2002-05-15,,,,,,,,,,,,,,,,,,,,,,,,,,,,,,,,,,,,,,
1468,2002-10-14,1,,,,,,,,,,,,,,,,,,,,,,,,,,,,,,,,,,,,,
1468,21-08-2014,,,,,1,,,,,,,,,,,,,,,,,,,,,,,,,,,,,,,,,
1470,2011-06-14,,,1,,,,,,,,,,,,,,,,,,,,,,,,,,,,,,,,,,,
1471,21-08-2014,,,1,,,,,,,,,,,,,,,,,,,,,,,,,,,,,,,,,,,
1472,15-02-2014,,,,,,,,,,,,,,,,,,,,,,,1,,,,,,,,,,,,,,,
1472,19-09-2015,,,,,1,,,,,,,,,,,,,,,,,,,,,,,,,,,,,,,,,
1472,2006-07-15,,,,,1,,,,,,,,,,,,,,,,,,,,,,,,,,,,,,,,,
1473,2010-10-14,1,,,,,,,,,,,,,,,,,,,,,,,,,,,,,,,,,,,,,
1473,27-02-2014,,,,,,,,,,,,,,,,,,,,,,,,,,,,,,,,,,,,,,
1474,24-06-2015,,,,,,,,,,,,,,,,1,,,,,,,,,,,,,,,,,,,,,,
1475,2005-03-14,,,,,,,,,,,,,1,,,,,,,,,,,,,,,,,,,,,,,,,
1475,21-09-2014,,,,,,,,,,,,,,,,,,,1,,,,,,,,,,,,,,,,,,,
1475,28-03-2015,,,,,,,,,,,,1,,,,,,,,,,,,,,,,,,,,,,,,,,
1476,16-01-2014,,,,,,,,,,,,,,,,,,,1,,,,,,,,,,,,,,,,,,,
1476,22-03-2015,1,,,,,,,,,,,,,,,,,,,,,,,,,,,,,,,,,,,,,
1476,26-08-2015,,,,,,,,,,,,,,,,,,,1,,,,,,,,,,,,,,,,,,,
1476,29-03-2015,,,1,,,,,,,,,,,,,,,,,,,,,,,,,,,,,,,,,,,
1477,16-05-2015,,,,,,,,,,,,,,,,,,,,,,,,,,,,,,1,,,,,,,,
1477,20-11-2015,,,,,,,,,,,,,,,,,,,,,,,,,,,,,,,,,,,,,,
1478,2007-04-14,,,,,,,,,1,,,,,,,,,,,,,,,,,,,,,,,,,,,,,
1478,2012-02-15,,,,,,,,,,,,,,,,,,,,,,,1,,,,,,,,,,,,,,,
1479,14-05-2015,,,,,,1,,,,,,,,,,,,,,,,,,,,,1,,,,,,,,,,,
1479,15-05-2015,,,,,,,,,,,,,,,,,,,,,,,,,,,,,,,,,,,,,,
1479,24-04-2014,,,1,,,,,,,,,,,,,,,,,,,,,,,,,,,,,,,,,,,
1479,29-03-2014,,,,,,,1,,,,,,,,,,,,,,,,,,,,,,,,,,,,,,,
1480,2004-02-14,,,1,,,,,,,,,,,,,,,,,,,,,,,,,,,,,,,,,,,
1480,21-11-2015,,,,,,,,1,,,,,,,,,,,,,,,,,,,,,,,,,,,,,,
1480,22-12-2014,,,,,,,1,,,,,,,,,,,,,,,,,,,,,,,,,,,,,,,
1480,24-08-2015,,,,,,,,,,,,,,,,,,,,,,,,,,,1,,,,,,,,,,,
1480,25-05-2014,,1,,,,,,,,,,,,,,,,,,,,,,,,,,,,,,,,,,,,
1481,17-01-2015,,,,,,,,,,,,,,,,,,,1,,,,,,,,,,,,,,,,,,,
1481,2004-06-15,,,,,,,,,,,,,,,,,,,1,,,,,,,,,,,,,,,,,,,
1482,2006-07-15,1,,,,,,,,,,,,,,,,,,,,,,,,,,,,,,,,,,,,,
1482,21-02-2015,,,,,,,1,,,,,,,,,,,,,,,,,,,,,,,,,,,,,,,
1482,22-10-2014,,,,,,,,1,,,,,,,,,,,,,,,,,,,,,,,,,,,,,,
1482,24-07-2015,,,,,,,,,,,,,,,,,,,,,,,,,,,,,,,,,,,,,,
1483,14-06-2015,,,,,1,,,,,,,,,,,,,,,,,,,,,,,,,,,,,,,,,
1483,2001-04-15,,,1,,,,,,,,,,,,,,,,,,,,,,,,,,,,,,,,,,,
1483,2003-01-14,,,,,,,,,,,,,1,,,,,,,,,,,,,,,,,,,,,,,,,
1483,25-01-2014,,,,,,,,,,,,,,,,,,1,,,,,,,,,,,,,,,,,,,,
1483,25-04-2015,,,,,,,,,,,,,,,,,,,,,,,,,,,,,1,,,,,,,,,
1483,27-06-2015,,,,,,,,1,,,,,,,,,,,,,,,,,,,,,,,,,,,,,,
1484,2007-10-15,,1,,,,,,,,,,,,,,,,,,,,,,,,,,,,,,,,,,,,
1484,24-02-2015,,,,,1,,,,,,,,,,,,,,,,,,,,,,,,,,,,,,,,,
1484,27-08-2015,,,,,,,,,,,,,,,,,,,,,,,,,,,,,,,,,,,,,,
1485,15-05-2015,,1,,,,,,,,,,,,,,,,,,,,,,,,,,,,,,,,,,,,
1485,2012-07-15,,,,,,,,,,,,,,,,,,,,,,,,,,,,,,,,,,,,,,
1486,14-12-2015,,,,,,1,,,,1,,,,,,,,,,,,,,,,,,,,,,,,,,,,
1486,20-08-2015,,,,,,,,,,,,,1,,,,,,,,,,,,,,,,,,,,,,,,,
1486,2011-02-15,,,,,,,1,,,,,,,,,,,,,,,,,,,,,,,,,,,,,,,
1486,23-09-2015,,,,,,,,,,1,,,,,,,,,,,,,,,,,,,,,,,,,,,,
1486,30-11-2014,,,,,,,,,,,,,,,,,,,,,,,,,,,,,,,,,,,,,,
1487,2002-11-14,,,,,,,,,,,,,,,,,,,1,,,,,,,,,,,,,,,,,,,
1487,2009-04-14,,,,,,,,1,,,,,,,,,,,,,,,,,,,,,,,,,,,,,,
1488,21-06-2015,,1,,,,,,,,,,,,,,,,,,,,,,,,,,,,,,,,,,,,
1488,22-06-2014,,,,,1,,,,,,,,,,,,,,,,,,,,,,,,,,,,,,,,,
1489,13-03-2015,,,,,,,,,,,,,,,,,,,,,,,1,,,,,,,,,,,,,,,
1489,2004-11-14,,,,,,,,,,,,,,,,,,,,,,,,,,,,,,,,,,,,,,
1489,2007-03-15,,,,,,,,,,,,,,,,,,,,,,,,,,,,,,,,,,,,1,,
1489,23-06-2015,,,1,,,,,1,,,,,,,,,,,,,,,,,,,,,,,,,,,,,,
1490,2004-10-15,1,,,,,,,,,,,,,,,,,,,,,,,,,,,,,,,,,,,,,
1491,17-10-2015,,,,,1,,,,,,,,,,,,,,,,,,,,,,,,,,,,,,,,,
1491,2004-08-14,,,,,,,,,,,,1,,,,,,,,,,,,,,,,,,,,,,,,,,
1491,30-12-2015,,,,,,,,,,1,,,,,,,,,,,,,,,,,,,,,,,,,,,,
1492,2002-05-14,1,,,,,,,,,,,,,,,,,,,,,,,,,,,,,,,,,,,,,
1493,2001-10-15,,,,,,,,,,,,,,,,,,,,,,,,,,,,,,,1,,,,,,,
1493,22-05-2015,,,,,,,,,1,,,,,,,,,,,,,,,,,,,,,,,,,,,,,
1493,28-01-2014,,,,,1,,,,,,,,,,,,,,,,,,,,,,,,,,,,,,,,,
1494,13-02-2014,,,,,,,,,,,1,,,,,,,,,,,,,,,,,,,,,,,,,,,
1494,16-05-2014,,1,,,,,,,,,,,,,,,,,,,,,,,,,,,,,,,,,,,,
1494,26-03-2015,,,,,,,,,,,,,,,,,,,,,,,,,,,,,,,,,,,,,,
1494,29-09-2015,1,,,,,,,,,,,,,,,,,,,,,,,,,,,,,,,,,,,,,
1495,2009-01-15,,,,,1,,,,,,,,,,,,,,,,,,,,,,,,,,,,,,,,,
1495,2010-11-14,,,,,,,,,1,,,,,,,,,,,,,,,,,,,,,,,,,,,,,
1496,26-04-2014,,,,,1,,,,,,,,,,,,,,,,,,,,,,,,,,,,,,,,,
1497,18-04-2015,,,,,,,,,,,,,,,,,,,,,,,,,,,,,,,,,,,,,,
1497,26-07-2015,,,,,,,,,,,,,,,,,,,,,,,,,,,,,,,,1,,,,,,
1498,28-10-2015,,,,,,,,,,,,,,,,,,,,,,,,,,,,,,,,,,,,1,,
1498,29-10-2014,,,,,,,,,,,,,,1,,,,,,,,,,,,,,,,,,,,,,,,
1499,17-05-2015,1,,,,,,,,,,,,,,,,,,,,,,,,,,,,,,,,,,,,,
1499,2006-03-15,,,,,,,,1,,,,,,,,,,,,,,,,,,,,,,,,,,,,,,
1499,2011-05-14,,,,,1,,,,,,,,,,,,,,,,,,,,,,,,,,,,,,,,,
1500,2006-01-15,,,,,,,,1,,,,,,,,,,,,,,,,,,,,,,,,,,,,,,
1500,2008-03-15,,,,,,,,,,,,,,,,,,,,,,,,,,,,,,,,,,,,,,
1500,21-03-2015,1,,,,,,,,,,,,,,,,,,,,,,,,,,,,,,,,,,,,,
1501,17-08-2015,,,,,,,,,,,1,,,,,,,,,,,,,,,,,,,,,,,,,,,
1501,2003-11-14,1,,,,,,,,,,,,,,,,,,,,,,,,,,,,,,,,,,,,,
1501,24-05-2014,,,,,,,,,,1,,,,,,,,,,,,,,,,,,,,,,,,,,,,
1501,28-08-2014,,,,,,,,,,,,,,,,,,,,1,,,,,,,,,,,,,,,,,,
1502,16-04-2015,,,,,,,,,,,,,,,,,,,,,,,,,,,,,,,,,,,,,,
1502,31-10-2015,,,,,,,,,,,,,,,,,,,,,,,,,,,,,,,,,,,,1,,
1503,2012-05-15,,,,,,,,,,,,,,,,,,,,,,,1,,,,,,,,,,,,,,,
1503,25-07-2015,,,,,,,,,,1,,,,,,,,,,,,,,,,,,,,,,,,,,,,
1504,14-10-2014,,,,,,,,,,,,,,,,,,,1,,,,,,,,,,,,,,,,,,,
1504,2012-01-14,,,,,,,,,,,,,,,,,,,,,,,,,,,,,,,,,,,,,,
1504,29-12-2014,,,1,,,,,,,,,,,,,,,,,,,,,,,,,,,,,,,,,,,
1504,30-11-2015,,,,,,,,,,,,,,,,,,,,1,,,,,,,,,,,,,,,,,,
1505,27-07-2015,,1,,,,,,,,,,,,,,,,,,,,,,,,,,,,,,1,,,,,,
1506,23-10-2014,,,,,,,,,,,,,,,,,,,,,,,,,,,,1,,,,,,,,,,
1507,14-09-2014,1,,,,,,,,,,,,,,,,,,,,,,,,,,,,,,,,,,,,,
1507,2004-04-14,,,,,,,,,,,,1,,,,,,,,,,,,,,,,,,,,,,,,,,
1507,2006-06-14,,,,,,,,,,,1,,,,,,,,,,,,,,,,,,,,,,,,,,,
1507,22-06-2015,,,,,,,,,,1,,,,,,,,,,,,,,,,,,,,,,,,,,,,
1507,24-05-2014,,,,,,,,,,,,,,,,,,,1,,,,,,,,,,,,,,,,,,,
1508,15-11-2015,,,,,,,,,,,,,,,,,,,,,,,,,,,,,,,,,,,,,,
1508,2010-03-15,,,,,,,1,,,,,,,,,,,,,,,,,,,,,,,,,,,,,,,
1508,25-04-2014,,,,,,,,,,,,,,,,,,,,,,,,,,,,,1,,,,,,,,,
1509,13-05-2015,,,,,,,,,,,,,,,,,,,,,,,,,,,,,,,,,,1,,,,
1509,2004-11-15,,,,,,,,,,1,,,,,,,,,1,,,,,,,,,,,,,,,,,,,
1509,30-12-2015,,,,,,1,,,,,,,,,,,,,,,,,,,,,,,,,,,,,,,,
1510,16-05-2015,,,,,,,,,,,,,,,,,,,,,,,,,,,,,,,,,,,,,,
1510,17-04-2014,,,,,,1,,,,,,,,,,,,,,,,,,,,,,,,,,,,,,,,
1510,2003-12-14,,1,,,,,,,,,,,,,,,,,,,,,,,,,,,,,,,,,,,,
1510,21-08-2015,,,,,,1,,,,,,,,,,,,,,,,,,,,,,,,,,,,,,,,
1511,22-03-2015,,,,,,,,,,,,,,,,,,,,,,,,,,1,,,,,,,,,,,,
1511,28-08-2014,,,,,,,,,,,1,,,,,,,,,,,,,,,,,,,,,,,,,,,
1512,20-09-2015,,,,,,,,,,1,,,,,,,,,,,,,,,,,,,,,,,,,,,,
1512,23-02-2015,1,,,,,,,,,,,,,,,,,,,,,,,,,,,,,,,,,,,,,
1513,2003-08-15,,,,,,,,,,,,,,,,,,,1,,,,,,,,,,,,,,,,,,,
1513,2012-11-15,,,,,,,,,,,,,,,,,,,,,,,,,,,,,,,,,,,,,,
1513,29-05-2014,,,,,,,,,1,,,,,,,,,,,,,,,,,,,,,,,,,,,,,
1514,2008-04-15,,,,,,,,,1,,,,,,,,,,,,,,,,,,,,,,,,,,,,,
1514,2011-01-15,,,,,1,,,,,,,,,,,,,,,,,,,,,,,,,,,,,,,,,
1514,24-08-2015,1,,,,,,,,,,,,,,,,,,,,,,,,,,,,,,,,,,,,,
1514,28-02-2015,,,,,,,,1,,,,,,,,,,,,,,,,,,,,,,,,,,,,,,
1515,2009-03-14,,,,,1,,,,,,,,,,,,,,,,,,,,,,,,,,,,,,,,,
1515,2009-11-15,,,,,,,,,,,,1,,,,,,,,,,,,,,,,,,,,,,,,,,
1515,21-09-2015,,,,,,,,,,,,,1,,,,,,,,,,,,,,,,,,,,,,,,,
1516,20-02-2014,,,,,,,,,,,,,,,,,,,,,,,,1,,,,,,,,,,,,,,
1516,28-01-2015,,,,,,,,,,,,,,,,,,,,,,,,,,,,,1,,,,,,,,,
1517,2001-08-15,,,,,,,,1,,,,,,,,,,,,,,,,,,,,,,,,,,,,,,
1517,2003-09-14,,,,,,,,,,,,,,,,,,,,,,,,,,,,,,,,,,,,,,
1517,2011-09-14,,,,,,,,,,,,,,,,,,,,,,,,,,1,,,,,,,,,,,,
1518,2007-09-15,,,,,,,,,,,,,1,,,,,,,,,,,,,,,,,,,,,,,,,
1518,21-06-2015,,,1,,,,,,,,,,,,,,,,,,,,,,,,,,,,,,,,,,,
1519,28-10-2014,,,,1,,,,,,,,,,,,,,,,,,,,,,,,,,,,,,,,,,
1520,2003-06-14,,1,,,,,,,,,,,,,,,,,,,,,,,,,,,,,,,,,,,,
1520,30-04-2014,,,,,,1,,,,,,,,,,,,,,,,,,,,,,,,,,,,,,,,
1521,2011-09-14,1,,,,,,,,,,,,,,,,,,,,,,,,,,,,,,,,,,,,,
1522,16-06-2014,,,1,,,,,,,,,,,,,,,,,,,,,,,,,,,,,,,,,,,
1522,2007-01-14,1,,,,,,,,,,,,,,,,,,,,,,,,,,,,,,,,,,,,,
1522,2011-10-14,,,,,,,,,,,,,,,,,,,,,,,,,,,,,,,,,,,1,,,
1522,23-08-2014,,,,,,,,,,,,,,,,,,,,,,,,,,,,,,,,,,,1,,,
1522,27-03-2014,,,,,,,,,,,,,,,,,,,,,,,,,,,,,,,,,,,,,,
1522,30-01-2014,1,,,,,,,,,,,,,,,,,,,,,,,,,,,,,,,,,,,,,
1523,2009-11-14,,,,,,,,,,,,,,,,,,,,,1,,,,,,,,,,,,,,,,,
1523,28-03-2015,,1,,,,,,,,,,,,,,,,,,,,,,,,,,,,,,,,,,,,
1524,2005-03-15,,,1,,,,,,,,,,,,,,,,,,,,,,,,,,,,,,,,,,,
1524,2005-12-15,,,,,1,,,,,,,,,,,,,,,,,,,,,,,,,,,,,,,,,
1524,2006-02-14,,,,,,,,,1,,,,,,,,,,,,,,,,,,,,,,,,,,,,,
1524,2006-08-15,1,,,,,,,,,,,,,,,,,,,,,,,,,,,,,,,,,,,,,
1525,13-07-2014,,,,,,,,,,,,,,,,,,,,,,,,,,,,,,,,,,,,,,
1526,13-07-2014,,,,,,,,,,,,,,,,,,,1,,,,,,,,,,,,,,,,,,,
1526,26-11-2015,,,,,,,,,,,,,,,,,,,,,,,,,,,,,,,,,,,,,,
1527,20-04-2015,,,,,,,,1,,,,,,1,,,,,,,,,,,,,,,,,,,,,,,,
1527,29-01-2014,,,,,,1,,,,,,,,,,,,,,,,,,,,,,,,,,,,,,,,
1527,30-12-2015,,,,,,,,,,,,,,,,,,,,,1,,,,,,,,,,,,,,,,,
1528,15-09-2015,,,,,,,,,,1,,,,,,,,,,,,,,,,,,,,,,,,,,,,
1528,20-02-2015,,,,,,,,,,,,,,,,,,,,,,,,,,,,,,,,,,,,,,
1528,2001-02-14,,,,,,,,,,,,,,,,,,,,,,,,,,,,,,,,,,,,1,,
1528,2012-06-14,1,,,,,,,,,,,,,,,,,,,,,,,,,,,,,,,,,,,,,
1529,29-05-2014,,,,,,1,,,,,,,,,,,,,,,,,,,,,,,,,,,,,,,,
1530,2005-09-14,,,,,,,,,,,,,1,,,,,,,,,,,,,,,,,,,,,,,,,
1531,19-01-2015,,,,,,,,,,,,,,,,,,,,,,,,,,,,,,,,,,,,,,
1532,20-06-2015,1,,,,,,,,,,,,,,,,,,,,,,,,,,,,,,,,,,,,,
1533,2007-11-15,,,,,,,,,,,,,,1,,,,,,,,,,,,,,,,,,,,,,,,
1534,13-08-2015,,,1,,,,,1,,,,,1,,,,,,,,,,,,,,,,,,,,,,,,,
1534,2002-07-14,,,,,,1,,,,,,,,,,,,,,,,,,,,,,,,,,,,,,,,
1534,2005-11-14,,,,,,,,,,,,,,,,,,,,,,,1,,,,,,,,,,,,,,,
1534,2010-07-15,,,,,,,,,,,,,,,,,,,,,,,,,1,,,,,,,1,,,,,,
1535,14-01-2015,,,,,,,,,,,,,,,,,,,,,,,,,,,,,,,,1,,,,,,
1535,2003-07-15,,,,,,,1,,,,,,,,,,,,,,,,,,,,,,,,,,,,,,,
1535,26-06-2014,,,,,,,,,,,,,,,,,,,,,,,1,,,,,,,,,,,,,,,
1536,2002-05-15,1,,,,,,,,,,,,,,,,,,,,,,,,,,,,,,,,,,,,,
1536,30-07-2014,,,,,1,,,,,,,,,,,,,,,,,,,,,,,,,,,,,,,,,
1537,2001-02-15,,,,,,,,,,,1,,,,,,,,,,,,,,,,,,,,,,,,,,,
1537,2008-12-14,,,,,,1,,,,,,,,,,,,,,,,,,,,,,,,,,,,,,,,
1538,2008-03-15,,,,,,,,,,,,,,,,,,,,,,,,,,,,,,,,,,,,,,
1538,2012-06-14,,,,,,,,,,,,,,,,,,,,,,,,,,,,,,,,,,,,,,
1538,30-11-2015,,,1,,,,,,,,,,,,,,,,,,,,,,,,,,,,,,,,,,,
1539,27-09-2015,,,,,,,1,,,,,,,,,,,,,,,,,,,,,,,,,,,,,,,
1540,14-08-2015,1,1,,,,,,,,,,,,,,,,,,,,,,,,,,,,,,,,,,,,
1542,13-09-2014,,,,,,,,,,,,,,,,,,,1,,,,,,,,,,,,,,,,,,,
1542,15-05-2015,,,1,,,,,,,,,,,,,,,,,,,,,,,,,,,,,,,,,,,
1542,2007-08-15,,,,,,,,,,,,,,,,,,,,,,,1,,,,,,,,,,,,,,,
1542,2008-12-14,,,,,,,,,,,,1,,,,,,,,,,,,,,,,,,,,,,,,,,
1542,22-07-2014,,,,,,,,,,,,,,,,,,,,,,,,,,,,,,,,,,,,,,
1542,28-04-2015,,,,,,,,,,,,,,,,,,,,1,,,,,,,,,,,,,,,,,,
1544,2001-05-14,,,,,,1,,,,,,,,,,,,,,,,,,,,,,,,,,,,,,,,
1544,25-02-2015,,,,,,,,,,,,,,,,,,,,,,,,,1,,,,,,,,,,,,,
1545,17-10-2015,1,,,,,,,,,,,,,,,,,,,,,,,,,,,,,,,,,,,,,
1545,28-02-2015,,,,,,,,,,,,,,1,,,,,,,,,,,,,,,,,,,,,,,,
1546,2002-04-14,,,,,,,,,,,,,,,,1,,,,,,,,,,,,,,,,,,,,,,
1546,2003-01-15,,,,1,1,,,,,,,,,,,,,,,,,,,,,,,,,,,,,,,,,
1546,2003-10-14,,,,,,,,,,,,,,,,,,,,,,1,,,,,,,,,,,,,,,,
1548,2001-10-14,,,,,,,,,,,,,,,,,,,,,,,,,,,,1,,,,,,,,,,
1549,18-03-2015,,,,,,,,1,,,,,,,,,,,,,,,,,,,,,,,,,,,,,,
1549,2002-03-14,,,,,,,,,,,,,,,,,,,,,1,,,,,,,,,,,,,,,,,
1550,2003-09-14,,,,,,,,,,,,,,,,,,,,,1,,,,,,,,,,,,,,,,,
1550,2005-05-14,,,,,,,,,,,,,,,,,,,,,,,1,,,,,,,,,,,,,,,
1551,14-01-2015,,,,,,,,,,,,,,,,,,,,,,,,,,,,,,,,,,,,,,
1551,2011-06-15,,,1,,,,,,,,,,,,,,,,,,,,,,,,,,,,,,,,,,,
1551,21-07-2015,,,,,,,,,,,,,,,,,,,,,,,,,1,,,,,,,,,,,,,
1553,2007-04-14,,,,,,,1,,,,,,,,,,,,,,,,,,,,,,,,,,,,,,,
1553,2009-05-14,,,,,,,,,,,,,,1,,,,,,,,,,,,,,,,,,,,,,,,
1553,21-07-2015,,,,,,1,,,,,,,,,,,,,,,,,,,,,,,,,,,,,,,,
1553,23-07-2014,,,,,,,,,,,,,,,,,,,1,,,,,,,,,,,,,,,,,,,
1554,2004-02-14,,1,,,,,,,,,,,,,,,,,,,,,,,,,,,,,,,,,,,,
1554,21-05-2015,,,1,,,,,,,,,,,,,,,,,,,,,,,,,,,,,,,,,,,
1554,23-05-2014,,,,,,,1,,,,,,,,,,,,,,,,,,,,,,,,,,,,,,,
1555,27-03-2015,,,,,,,,1,,,,,,,,,,,,,,,,,,,,,,,,,,,,,,
1557,2004-08-15,,1,,,,,,,,,,,,,,,,,,,,,,,,,,,,,,,,,,,,
1559,2003-10-15,,1,,,,,,,,,,,,1,,,,,,,,,,,,,,,,,,,,,,,,
1559,2009-08-14,,,,,,,,,,,,,,,,,,,,,,,,,,,,,,,,,,,,,,
1561,25-07-2015,1,,,,,,,,,,,,,,,,,,,,,,,,,,,,,,,,,,,,,
1561,28-03-2014,,,,,,,,,,,,,,,,,,,1,,,,,,,,,,,,,,,,,,,
1562,22-01-2015,,,,,,,,,,,,,,,,,,,,,,,,,,,,,,,,,,,,1,,
1563,2011-03-14,,,,,,,,,,,,,,1,,,,,,,,,,,,,,,,,,,,,,,,
1564,15-11-2014,,,,,1,,,,,,,,,,,,,,,,,,,,,,,,,,,,,,,,,
1564,19-06-2015,,,1,,,,,,,,,,,,,,,,,,,,,,,,,,,,,,,,,,,
1564,23-10-2015,,,,,,,,,,,,,,,,,,,,,,,,,,,,,,,,,,,,,,
1564,30-10-2014,,,1,,,,,,,,,,,,,,,,,,,,,,,,,,,,,,,,,,,
1565,14-12-2015,,,,,,,,,,,,,,,,,,,,,,,,,,,1,,,,,,,,,,,
1565,15-10-2015,1,,,,,,,,,,,,,,,,,,,,,,1,,,,,,,,,,,,,,,
1566,19-11-2015,,,1,,,,,,,,,,,,,,,,,,,,,,,,,,,,,,,,,,,
1566,2003-06-14,,,,,,,,,,,,,,1,,,,,,,,,,,,,,,,,,,,,,,,
1566,2005-06-15,,,,,,,,,,,,,,,,,,,1,,,,,,,,,,,,,,,,,,,
1566,24-01-2014,,,,,,,,,,,,,,1,,,,,,,,,,,,,,,,,,,,,,,,
1566,24-02-2015,1,,,,,,,,,,,,,,,,,,,,,,,,,,,,,,,,,,,,,
1566,30-01-2014,,,1,,,,,,,,,,,,,,,,,,,,,,,,,,,,,,,,,,,
1567,13-03-2015,,,,,,,,1,1,,,,,1,,,,,,,,,,,,,,,,,,,,,,,,
1568,2009-01-14,,,,,,,,,,,,,,,,,,,,,,,,,,,,,,,,,,,,,,1
1569,20-05-2014,,,,,,,,1,,,,,,,,,,,,,,,,,,,,,,,,,,,,,,
1569,2009-03-14,,,,,,1,,,,,,,,,,,,,,,,,,,,,,,,,,,,,,,,
1570,20-03-2015,,,,,,1,,,,,,,,,,,,,,,,,,,,,,,,,,,,,,,,
1571,17-11-2014,,,,,,,,,,,,,,,,,,,,,,,,,,,,,,1,,,,,,,,
1571,24-05-2015,,,,,,,,,,,,,,,,,,,,,,,,,,,,,,,,,,,,,,
1572,14-07-2015,,,,,,,,,,,,,,,,,,,,,,,,1,,,,,,,,,,,,,,
1572,17-05-2014,,,,,,,,,,1,,,,,,,,,,,,,,,,,,,,,,,,,,,,
1572,21-09-2015,,,,,,,,,,,,,,,,,,,,,,,,,,,,,,,,,,,,,,
1573,18-05-2014,,,,,,,,,,,,,1,,,,,,,,,,,,,,,,,,,,,,,,,
1573,21-01-2015,,,,,,,,,,,,,,,,,,,,,,,,,,,,,,1,,,,,,,,
1574,15-01-2014,1,,,,,,,,,,,,,,,,,,,,,,,,,,,,,,,,,,,,,
1574,17-06-2014,,,,,,,,,,,,,,,,,,,,,,,,,,,,,,,,,,,,,,
1574,18-04-2015,,,,,,1,,,,,,,,,,,,,,,,,,,,,,,,,,,,,,,,
1574,2004-08-15,,,,,,,,,,,,,,,,,,,,,,,,1,,,,,,,,,,,,,,
1574,25-04-2014,,,,,,,,,,,,1,,,,,,,,,,,,,,,,,,,,,,,,,,
1574,28-02-2014,,,,1,,,,,,,,,,,,,,,,,,,,,,,,,,,,,,,,,,
1574,30-11-2014,1,,,,,,,,,,,,,,,,,,,,,,,,,,,,,,,,,,,,,
1575,14-02-2014,,,,,,,,1,,,,,,,,,,,,,,,,,,,,,,,,,,,,,,
1575,2004-01-15,,,,,,,,,,,,,,,,,,,1,,,,,,,,,,,,,,,,,,,
1575,2005-04-14,,,,,,,,,,,,,,,,,,,,,,,,,1,,,,,,,,,,,,,
1575,27-06-2014,,,,,,,,,,,,,,,,1,,,,,,,,,,,,,,,,,,,,,,
1577,16-03-2015,,1,,,,,,,,,,,,,,,,,,,,,,,,,,,,,,,,,,,,
1578,26-03-2014,1,,,,,,,,,,,,,,,,,,,,,,,,,,,,,,,,,,,,,
1578,29-11-2014,,,,,,,,,,,,,,,,,,,,,,,,,,,,,,,,,,,,1,,
1580,14-06-2015,,,,,,,,,,,,,,1,,,,,,,,,,,,,,,,,,,,,,,,
1580,20-02-2014,,,,,,,,,,,,,,,,,,,,,,,,,,,,,,1,,,,,,,,
1580,2005-12-15,,,,,,1,,,,,,,,,,,,,,,,,,,,,,,,,,,,,,,,
1580,2007-08-15,,,,,,1,,,,,,,,,,,,,,,,,,,,,,,,,,,,,,,,
1580,24-02-2014,,,1,,,,,,,,,,,,,,,,,,,,,,,,,,,,,,,,,,,
1581,17-02-2014,,,,,,,,,,,,,,,,,,,,,,,,,,,,,,,,,,,1,,,
1582,2006-08-15,,,,,,,,,,,,,,,,,,,,1,,,,,,,,,,,,,,,,,,
1582,2008-07-15,,,,,,,,,,,,,,,,,,,,,,,,,,,,,,,,,,,,,,
1583,23-11-2015,,,,,,,,,,,,,,,,,,,,,,,,,,,,,,,,,,,,,,
1583,27-11-2014,,,,,,,,,,,,,,1,,,,,,,,,,,,,,,,,,,,,,,,
1583,28-07-2015,,,,,,,,,,,,,,,,,,,,,,,,,,,,,,,,,,,,,,
1583,31-05-2015,,,,,,,,,,,1,,,,,,,,,,,,,,,,,,,,,,,,,,,
1584,2010-07-15,,,,,,,,,,,,,,,,,,,1,,,,,,,,,1,,,,,,,,,,
1584,26-01-2015,,,,,,,,1,,,,,,,,,,,,,,,,,,,,,,,,,,,,,,
1585,17-09-2014,,,1,,,,,,,,,,,,,,,,,,,,,,,,,,,,,,,,,,,
1585,20-04-2014,,,,,,,,,,,,,,,,,,,,,,,,,,,,,,,,,,,,,,
1585,2007-01-15,,,,,,1,,,,,,,,,,,,,,,,,,,,,,,,,,,,,,,,
1586,2002-05-14,,,,,,,1,,,,,,,,,,,,,,,,,,,,,,,,,,,,,,,
1586,2011-03-14,,,,,,,,,,,,,,1,,,,,,,,,,,,,,,,,,,,,,,,
1587,13-09-2014,,,,,,,,,,,,,,,,,,,1,,,,,,,,,,,,,,,,,,,
1587,15-05-2014,,,,,,,,1,,,,,,,,,,,,,,,,,,,,,,,,,,,,,,
1587,2001-07-15,1,,,,,1,,,,,,,,,,,,,,,,,,,,,,,,,,,,,,,,
1587,26-12-2014,,,,,,,,,,,,,,,,,,,,1,,,,,,,,,,,,,,,,,,
1588,13-10-2015,,,,,,,,,,,,,,,,,,,,,,,,,,,,,,,,,,,,,,
1588,19-01-2015,,,,,,,,,,,,,,,,,,,,,,,1,,,,,,,,,,,,,,,
1589,2011-01-14,,,,,,,,,,,,,,,,,,,,,,,,,1,,,,,,,,,,,,,
1589,27-08-2014,,,,,,,,,,,,1,,,,,,,,,,,,,,,,,,,,,,,,,,
1590,15-08-2015,,,,,,,,,,,,,,,,,,,,,,1,,,,,,,,,,,,,,,,
1590,2001-06-14,,,,,,,,,,,,,,1,,,,,,,,,,,,,,,,,,,,,,,,
1590,21-06-2014,,,,,,,,,,,,,,,,,,1,,,,,,,,,,,,,,,,,,,,
1591,19-12-2014,,,,,1,,,,,,,,,,,,,,,,,,,,,,,,,,,,,,,,,
1592,28-11-2014,,,,,,1,,,,,,,,,,,,,,,,,,,,,,,,,,,,,,,,
1593,2008-08-15,,,,,,,,,,,,,,,,,,,,,,,,,,,,,,,,,,,,,,
1594,23-01-2015,,,,,,,,,,,,,,,,,,,,,,,,,,,,,1,,,,,,,,,
1595,2005-10-15,1,,,,,,,,,,,1,,,,,,,,,,,,,,,,,,,,,,,,,,
1595,2011-04-15,,,,,,,1,,,,,,,,,,,,,,,,,,,,,,,,,,,,,,,
1595,26-01-2014,,,,,,1,,,,,,,,,,,,,,,,,,,,,,,,,,,,,,,,
1595,27-06-2014,,1,,,,,,,,,,,,,,,,,,,,,,,,,,,,,,,,,,,,
1596,14-07-2015,,,,,,,,,,,1,,,,,,,,,,,,,,,,,,,,,,,,,,,
1596,2012-10-14,,,,,,,,,,,,,,,,,,,,,,,,,1,,,,,,,,,,,,,
1596,27-07-2014,1,,,,,,,,,,,,,,,,,,,,,,,,,,,,,,,,,,,,,
1597,23-12-2014,,,,,,1,,,,,,,,,,,,,,,,,,,,,,,,,,,,,,,,
1598,18-07-2014,,,,,,,,,,,,,,,,,,,,,,,,,,1,,,,,,,,,,,,
1598,2002-03-15,,,,,1,,,,,,,,,,,,,,,,,,,,,,,,,,,,,,,,,
1599,13-10-2015,,,,,,,,,,,,,,,,,,,,,,,,,,,,,,,,,,,,,,
1599,20-04-2015,,,,,,,,,,,,,,,,,,,,,,,,,,,,,,,1,,,,,,,
1599,21-08-2014,,,,,,,,,,,,,,,,,,,,,,,,,,,,,,,,,,,,,,
1599,29-05-2015,,,1,,,,,,,,,,,,,,,,,,,,,,,,,,,,,,,,,,,
1601,2002-12-15,,1,,,,,,,,,,,,,,,,,,,,,,,,,,,,,,,,,,,,
1601,2009-08-14,,,,1,,,,,,,,,,,,,,,,,,,,,,,,,,,,,,,,,,
1601,2009-12-15,1,,,,,,,,,,,,,,,,,,,,,,,,,,,,,,,,,,,,,
1602,15-03-2014,,,,,,,,,,,,,,,,,,,1,,,,,,,,,,,,,,,,,,,
1602,2002-08-14,,,,,,,,,,,,,,,,,,,,,,,,,,1,,,,,,,,,,,,
1602,2004-08-15,,,,,,,,,,,,,,,,,,,,,,,,,,,,,,,,,,,,,,
1602,29-05-2014,,,,,,,1,,,,,,,,,,,,,,,,,,,,,,,,,,,,,,,
1602,29-08-2015,,,,,,,,,,,,,,1,,,,,,,,,,,,,,,,,,,,,,,,
1603,2007-09-15,1,,,,,,,,,,,,,,,,,,,,,,,,,,,,,,,,,,,,,
1603,30-09-2015,,,,,,,,,,1,,,,,,,,,,,,,,,,,,,,,,,,,,,,
1604,18-08-2015,,,,,,,,,,,,,,,,,,,,,,,,,,,,,,,,,,,,,,
1604,2003-02-14,,,,,,,,1,,,,,,,,,,,,,,,,,,,,,,,,,,,,,,
1604,2004-11-15,,,,,,,1,,,,,,,,,,,,,,,,,,,,,,,,,,,,,,,
1604,2011-11-15,,,1,,,,,,,,,,,,,,,,,,,,,,,,,,,,,,,,,,,
1605,13-11-2014,,,,,,1,,,,,,,,,,,,,,,,,,,,,,,,,,,,,,,,
1605,18-06-2015,,,,,,,,,,,,,,,,,,,1,,,,,,,,,,,,,,,,,,,
1605,2006-07-15,,,,,,,,,,,,,,,,,,,,,,,,,,,,,,,,,,,,,,
1607,2005-10-14,,,,,,1,,,,,,,,,,,,,,,,,,,,,,,,,,,,,,,,
1608,13-11-2015,,,,,1,,,,,,,,,,,,,,,,,,,,,,,,,,,,,,,,,
1608,2006-08-15,1,,,,,,,,,,,,,,,,,,,,,,,,,,,,,,,,,,,,,
1608,2010-11-15,,,1,,,,,,,,,,,,,,,,,,,,,,,,,,,,,,,,,1,,
1609,17-12-2015,,,,,,,,1,,,,,,,,,,,,,,,,,,,,,,,,,,,,,,
1609,2003-05-15,,,,,,1,,,,,,,,,,,,,,,,,,,,,,,,,,,,,,,,
1609,21-12-2014,,,,,,1,,,,,,,,,,,,,,,,,,,,,,,,,,,,,,,,
1610,26-05-2015,,,,,,,,,,,,,,,,,,,1,,,,,,,,,,,,,,,,,,,
1611,18-03-2014,,,,,,,,,,,,,,,,,,,,,,,,,,,,,,,,,,,,,,
1612,19-11-2014,,,,,,,,,,,,,,,,,,,,,,,,,,,,,,,,,,,,,,
1612,2006-11-15,,,,,,,,,,,1,,,,,,,,,,,,,,,,,,,,,,,,,,,
1612,2008-10-14,,,,1,,,,,,,,,,,,,,,,,,,,,,,,,,,,,,,,,,
1612,25-12-2014,,,,,,,,,,,,,,,,,,,1,,,,,,,,,,,,,,,,,,,
1613,17-01-2014,,,1,,,,,,,,,,,,,,,,,,,,,,,,,,,,,,,,,,,
1613,19-11-2014,,,,,,1,,,,,,,,,,,,,,,,,,,,,,,,,,,,,,,,
1613,2008-08-15,,,,,,,,,,,,,,,,,,,,,,,,,,,,,,,,,,,,,,
1613,25-08-2015,,,,,,,,,,,,,,,,,,,1,,,,,,,,,,,,,,,,,,,
1615,2003-12-15,,,,,,,,,,,,,,,,,,,1,,,,,,,,,,,,,,,,,,,
1615,25-01-2015,,,,,,,,,,,,,,,,,,,,,,,,,,,,,,,,,,,,,,
1616,2007-11-14,1,,,,,,,,,,,,,,,,,,,,,,,,,,,,,,,,,,,,,
1616,2008-12-15,1,,,,,,,,,,,,,,,,,,,,,,,,,,,,,,,,,,,,,
1617,2010-02-15,,,,,,,,1,,,,,,,,,,,,,,,,,,,,,,,,,,,,,,
1618,14-05-2014,,,,,1,,,,,,,,,,,,,,,,,,,,,,,,,,,,,,,,,
1618,2002-08-15,,,,,,,,,,1,,,,,,,,,,,,,,,,,,,,,,,,,,,,
1618,2008-04-14,,,,,,,,,,,,1,,,,,,,,,,,,,,,,,,,,,,,,,,
1618,30-10-2014,1,,,,,,,,,,,,,,,,,,,,,,,,,,,,,,,,,,,,,
1619,20-07-2014,,,,,,,,,,,,,,,,,,,,,,,,,1,,,,,,,,,,,,,
1619,2004-03-15,,1,,,,,,,,,,,,,,,,,,,,,,,,,,,,,,,,,,,,
1619,21-09-2014,,,,,1,,,,,,,,,,,,,,,,,,,,,,,,,,,,,,,,,
1619,29-10-2015,1,,,,,,,,,,,,,,,,,,,,,,,,,,,,,,,,,,,,,
1620,20-08-2015,,,,,,,,,,1,,,,,,,,,,,,,,,,,,,,,,,,,,,,
1620,22-03-2015,,,1,,,,,,,,,,,,,,,,,,,,,,,,,,,,,,,,,,,
1621,13-02-2014,,1,,,,,,,,,,,,,,,,,,,,,,,,,,,,,,,,,,,,
1621,18-06-2014,,,,,,1,,,,,,,,,,,,,,,,,,,,,,,,,,,,,,,,
1623,2001-03-15,,,,,,,,,,,,,,1,,,,,,,,,,,,,,,,,,,,,,,,
1623,2012-01-14,,,,,,,,,,,,,,,,,,,,,,,,,,,,,,,,,,,,,,
1624,2004-02-15,1,,,,,,,1,,,,,,,,,,,,,,,,,,,,,,,,,,,,,,
1625,2008-10-15,,,,,,1,,,,,,,,,,,,,,,,,,,,,,,,,,,,,,,,
1625,21-05-2014,,,,,,,,,,,,,,,,,,,,,,,,,,,,,,,,,,,,,,
1626,18-02-2015,,,,,,,,,,,,,1,,,,,,,,,,,,,,,,,,,,,,,,,
1627,2011-02-15,,,,,1,,1,,,,,,,,,,,,,,,,,,,,,,,,,,,,,,,
1627,2011-04-15,,,,,,,,1,,,,,,,,,,,,,,,,,,,,,,,,,,,,,,
1627,2011-08-14,,,,,,,,1,,,,,,,,,,,,,,,,,,,,,,,,,,,,,,
1628,13-11-2014,,,,,,,,,,,,1,,,,,,,,,,,,,,,,,,,,,,,,,,
1628,19-11-2015,,,,,,,,,,,,,,,,,,,,,,,,,,,,,,,,,,,,,,
1628,20-06-2014,,,,,,,,,,,,,,,,,,1,,,,,,,,,,,,,,,,,,,,
1628,2005-02-15,,,,,,,,,,1,,,,,,,,,,,,,,,,,,,,,,,,,,,,
1628,2010-02-14,1,,,,,,,,,,,,,,,,,,,,,,,,,,,,,,,,,,,,,
1628,25-10-2014,,,,,,,,,,,,,1,,,,,,,,,,,,,,,,,,,,,,,,,
1629,17-05-2015,,,,,,,,,,,,,,1,,,,,,,,,,,,,,,,,,,,,,,,
1629,22-07-2014,,,,,,,,,,,,,,,,,,,1,,,,,,,,,,,,,,,,,,,
1630,22-05-2015,,,,,,,,,,,,,,,,,,,,,,,,,,,,,,,1,,,,,,,
1630,22-10-2014,1,,,,,,,,,,,,,,,,,,,,,,,,,,,,,,,,,,,,,
1631,14-08-2015,,,1,,,,,,,,,,,,,,,,,,,,,,,,,,,,,,,,,,,
1631,2005-02-15,,,,,,,,,,,,,,,,,,,,,1,,,,,,,,,,,,,,,,,
1632,16-02-2014,,,,,,,,,,,,,,,,,,,,,,,,,,,,,1,,,,,,,,,
1632,27-08-2015,,,,,,,,,,1,,,,,,,,,,,,,,,,,,,,,,,,,,,,
1632,30-05-2014,,,,,,,,,,,,,,,,,,,,,,,,,,,,,,1,,,,,,,,
1633,2009-08-15,,,,,,,,,,,,,,,,,,,,,,,1,,,,,,,,,,,,,,,
1634,16-01-2015,,,,,,,,,,,,,,,,,,,,,,,,,,,,,1,,,,,,,,,
1634,16-09-2014,,,,,,,,,,1,,,,,,,,,,,,,,,,,,,,,,,,,,,,
1634,2003-12-15,,,,,,,,,,,1,,,,,,,,,,,,,,,,,,,,,,,,,,,
1634,2009-02-15,1,,,,,1,,,,,,,,,,,,,,,,,,,,,,,,,,,,,,,,
1634,28-05-2015,,,,,,,,1,,,,,,,,,,,,,,,,,,,,,,,,,,,,,,
1635,17-11-2014,,,,,,,,,,,,,,,,,,,,,,,,,,,,,,,,,,1,,,,
1635,20-12-2014,1,,,,,,,,,,,,,,,,,,,,,,,,,,,,,,,,,,,,,
1635,25-11-2015,,,,1,,,,,,,,,,,,,,,,,,,,,,,,,,,,,,,,,,
1636,19-09-2015,,,,,,,,1,,,,,,,,,,,,,,,,,,,,,,,,,,,,,,
1636,20-05-2014,,,,,1,,,,,,,,,,,,,,,,,,,,,,,,,,,,,,,,,
1636,2004-05-15,,,,,,1,,,,,,,,,,,,,,,,,,,,,,,,,,,,,,,,
1636,2005-12-15,,,,,,,,,,,,,,,,,,,,,,,,,,,1,,,,,,,,,,,
1636,2008-08-14,,,,,,1,,,,,,,,,,,,,,,,,,,,,,,,,,,,,,,,
1636,2009-07-14,,,,,,,,,,,,,,,,1,,,,,,,,,,,,,,,,,,,,,,
1638,2012-03-15,1,,,,,,,,,,,,,,,,,,,,,,,,,,,,,,,,,,,,,
1640,2008-03-14,,,,,1,,,,,,,,,,,,,,,,,,,,,,,,,,,,,,,,,
1641,17-08-2014,,,,,,1,,,,,,,,,,,,,,,,,,,,,,,,,,,,,,,,
1641,23-06-2015,1,,,,,,,,,,,,,,,,,,,,,,,,,,,,,,,,,,,,,
1641,27-05-2015,,,,,,,1,,,,,,,,,,,,,,,,,,,,,,,,,,,,,,,
1642,28-09-2014,,,,,,,,,,,1,,,,,,,,,,,,,,,,,,,,,,,,,,,
1643,2012-04-14,1,,,,,,,,,,,,,,,,,,,,,,,,,,,,,,,,,,,,,
1643,28-04-2015,,,,,,,,,,,,,,,,,,,1,,,,,,,,,,,,,,,,,,,
1644,13-07-2014,,,,,,,,,,,,,,,,,1,,,,,,,,,,,,,,,,,,,,,
1644,28-02-2014,,,,,,,,,,,,,,1,,,,,,,,,,,,,,,,,,,,,,,,
1645,2005-10-14,1,,,,,,,,,,,,,,,,,,,,,,,,,,,,,,,,,,,,,
1646,28-08-2015,,,,,,,,,,,,,,,,,,,,,,,,,,,,,,,,,,,,,,
1647,20-12-2015,,,,,,,,,,,,,,,,,,,1,,,,,,,,,,,,,,,,,,,
1647,22-02-2014,,,,,,1,,,,,,,,,,,,,,,,,,,,,,,,,,,,,,,,
1648,13-02-2014,,,,,,,,,,,,,,,,,,,,,,,,,,,,,,,,,,,1,,,
1648,2001-05-15,,,,,,,,,,,,,,,,,,,,,,,1,,,,,,,,,,,,,,,
1648,27-02-2015,,,,,,,,,,,,,,,,,,,,,,,,,,,,,,,,,,,,,,
1649,16-05-2015,,,,,,,,,,,,,,,,,,,,,,,1,,,,,,,,,,,,,,,
1649,24-11-2014,,,,,,,,1,,,,,,,,,,,,,,,,,,,,,,,,,,,,,,
1649,25-06-2015,,,1,,,,,,,,,,,,,,,,,,,,,,,,,,,,,,,,,,,
1649,26-05-2015,,,,,,,1,,,,,,,,,,,,,,,,,,,,,,,,,,,,,,,
1649,29-07-2014,,,,,,,,,,,,,,,,,,,,,,,1,,,,,,,,,,,,,,,
1649,29-11-2015,,,,,,,,,,,,,,,,,,,,1,,,,,,,,,,,,,,,,,,
1649,30-06-2015,,,,,,,,,,,1,,,,,,,,,,,,,,,,,,,,,,,,,,,
1650,20-01-2014,,,,,,,,,,,,,,,,,,,,,,1,,,,,,,,,,,,,,,,
1651,17-12-2015,,,1,,,,,,,,,,,,,,,,,,,,,,,,,,,,,,,,,,,
1651,2006-05-15,,,1,,,,,,,,,,,,,,,,,,,,,,,,,,,,,,,,,,,
1651,22-02-2015,,,,,,,,,,,,1,,,,,,,,,,,,,,,,,,,,,,,,,,
1651,23-03-2014,,,,,,,,,,,,,,,,,,,,,,,,,,,,,,,,,,,,1,,
1651,28-07-2015,,1,,,,,,,,,,,,,,,,,,,,,,,,,,,,,,,,,,,,
1652,15-03-2014,,,,,1,,,,,,,,,,,,,,,,,,,,,,,,,,,,,,,,,
1652,17-03-2015,,,,,,1,,,,,,,,,,,,,,,,,,,,,,,,,,,,,,,,
1652,2005-05-14,,,,,,,,,,,,,,,,,,,,,,,,,,,,,,,,,,,1,,,
1653,18-07-2014,,,,,,,,,,1,,,,,,,,,,,,,,,,,,,,,,,,,,,,
1653,20-12-2014,,,,,,,,,,,,,,1,,,,,,,,,,,,,,,,,,,,,,,,
1653,2007-12-15,,,,,,,1,,,,,,,,,,,,,,,,,,,,,,,,,,,,,,,
1653,23-04-2014,,,,,,,,,,,,1,,,,,,,,,,,,,,,,,,,,,,,,,,
1653,27-12-2014,,,,,,,,,,,,,,,,,,,,,,,,,,,,,,,,,,,1,,,
1653,29-05-2014,1,,,,,,,,,,,,,,,,,,,,,,,,,,,,,,,,,,,,,
1654,2007-06-14,1,,,,,,,,,,,,,,,,,,,,,,,,,,,,,,,,,,,,,
1654,2008-09-14,1,,,,,,,,,,,,,,,,,,,,,,,,,,,,,,,,,,,,,
1654,2009-11-15,,1,,,,,,,,,,,,,,,,,,,,,,,,,,,,,,,,,,,,
1654,26-11-2014,,,,,,,1,,,,,,,,,,,,,,,,,,,,,,,,,,,,,,,
1654,29-04-2015,,,,,,,,1,,,,,,,,,,,,,,,,,,,,,,,,,,,,,,
1655,20-11-2015,,,,,,,,,,,,,,,,,,,,,,,,,,,,,,,,,,,,,,
1655,2004-11-14,,,,,,,1,,,,,,,,,,,,,,,,,,,,,,,,,,,,,,,
1655,21-06-2014,,,,,,,,,,,,,,,,,,,,,,,,,,,,,1,,,,,,,,,
1656,2007-07-15,,,1,,,,,,,,,,,,,,,,,,,,,,,,,,,,,,,,,,,
1657,2012-05-14,,,,,,1,,,,,,,,,,,,,,,,,,,,,,,,,,,,,,,,
1658,15-06-2015,,1,,,,,,,,,,,,,,,,,,,,,,,,,,,,,,,,,,,,
1658,2003-09-15,,,,,,,,,,,,,,,,,,,,,,,,,,,,,,,,,,,,,,
1658,2009-08-14,,,,,,,,,,,,,,,,,,,,,,,,,,,,,,,,,,,1,,,
1658,26-06-2014,,,,,,,,,,,,,,,,,,,,,,,1,,,,,,,,,,,,,,,
1659,2010-03-15,,,,,,,,,,,,,,,,,,,1,,,,,,,,,,,,,,,,,,,
1659,25-12-2014,,,,,,,,,,,,,,,,,,,,,,,,,,,,,1,,,,,,,,,
1659,30-11-2015,,,,,,,,,,,,,,,,,,,,,,1,,,,,,,,,,,,,,,,
1660,15-06-2014,,,,,,,,,,,,,,,,,,,,,,,,,,,,,,1,,,,,,,,
1660,26-07-2015,,1,,,,,,,,,,,,,,,,,,,,,,,,,,,,,,,,,,,,
1661,2001-06-15,,,,,1,,,,,,,,,,,,,,,,,,,,,,,,,,,,,,,,,
1661,2002-03-14,,,,,1,,,,,,,,,,,,,,,,,,,,,,,,,,,,,,,,,
1661,2008-11-15,,,,,,,1,,,,,,,,,,,,,,,,,,,,,,,,,,,,,,,
1661,21-01-2014,,,,,,,1,,,,,,,,,,,,,,,,,,,,,,,,,,,,,,,
1661,21-07-2014,,,,,,,,,,,,,,,,,,,,,,,,,1,,,,,,,,,,,,,
1662,2012-06-15,,1,,,,,,,,,,,,,,,,,,,,,,,,,,,,,,,,,,,,
1662,27-01-2014,,,,,,,,1,,,,,,,,,,,,,,,,,,,,,,,,,,,,,,
1663,19-05-2015,,,,,,,,,,,,,,,,,,,,,,,1,,,,,,,,,,,,,,,
1663,2007-02-15,,,,,,,,1,,,,,,,,,,,,,,,,,,,,,,,,,,,,,,
1663,2011-11-15,,,1,,,,,,,,,,,,,,,,,,,,,,,,,,,,,,,,,,,
1663,24-02-2014,,,,,,,,,,,,,,,,,,,1,,,,,,,,,,,,,,,,,,,
1664,2001-04-15,1,,,,,,,,,,,,,,,,,,,,,,,,,,,,,,,,,,,,,
1664,2001-10-14,,,,,,,,1,,,,,,,,,,,,,,,,,,,,,,,,,,,,,,
1664,2006-10-14,,,,,,,,,,,,,,,,,,,,,,,1,,,,,,,,,,,,,,,
1665,2011-04-15,1,,,,,,,,,,,,,,,,,,,,,,,,,,,,,,,,,,,,,
1665,29-11-2015,,,,,,1,,,,,,,,,,,,,,,,,,,,,,,,,,,,,,,,
1666,13-05-2014,,,,,,,1,,,,,,,,,,,,,,,,,,,,,,,,,,,,,,,
1666,15-04-2015,,,,,,,,,,,,,,,,,,,,,,,,,,,,,,,,,,,,,,
1667,2012-01-15,,1,,,,,,,,,,,,,,,,,,,,,,,,,,,,,,,,,,,,
1668,2005-05-15,,,,,,,,1,,1,,,,,,,,,,,,,,,,,,,,,,,,,,,,
1668,21-08-2015,,,,,,,,,,,,,,1,,,,,,,,,,,,,,,,,,,,,,,,
1669,19-08-2015,,,,,1,,,,,,,,,,,,,,,,,,1,,,,,,,,,,,,,,,
1670,17-05-2015,,,,,,,,,,,,,,,,,,,,,,,,,,1,,,,,,,,,,,,
1670,30-06-2015,,,,,,,,,,1,,,,,,,,,,,,,,,,,,,,,,,,,,,,
1672,2005-02-15,,,,,,,1,,,,,,,,,,,,,,,,,,,,,,,,,,,,,,,
1672,2007-10-15,1,,,,,,,,,,,,,,,,,,,,,,,,,,,,,,,,,,,,,
1672,26-01-2014,,,,,,,,,,,,,,,,,,,,,,,,,,,,,,,,,,,,,,
1673,2008-04-14,,,,,,,,,,,,,,1,,,,,,,,,,,,,,,,,,,,,,,,
1674,2004-12-15,,,,,,,,,,,,,,,,,,,,,,,,,,,,,,,,,,,,,,
1674,30-06-2014,,,,,,,,,,1,,,,,,,,,,,,,,,,,,,,,,,,,,,,
1676,15-05-2014,,,,,,1,,,,,,,,,,,,,,,,,,,,,,,,,,,,,,,,
1676,2011-10-15,,,,,,,,,,,,,,1,,,,,,,,,,,,,,,,,,,,,,,,
1676,2011-11-14,,,,,,1,,,,,,,,,,,,,,,,,,,,,,,,,,,,,,,,
1676,29-03-2014,,,,,1,,,,,,,,,,,,,,,,,,,,,,,,,,,,,,,,,
1677,2009-12-15,,,1,,,,,,,,,,,,,,,,,,,,,,,,,,,,,,,,,,,
1677,21-02-2014,,,,,,,,,,,,1,,,,,,,,,,,,,,,,,,,,,,,,,,
1677,24-07-2014,,,,,,,,,,,,,,1,,,,,,,,,,,,,,,,,,,,,,,,
1678,14-09-2015,,,,,,,,,,,,,,,,,,,,,,,1,,,,,,,,,,,,,,,
1678,14-11-2015,,,,,,,,,,,,,,1,,,,,,,,,,,,,,,,,,,,,,,,
1678,23-08-2015,,,,,,,,,,,1,,,,,,,,,,,,,,,,,,,,,,,,,,,
1679,19-08-2014,,,,,,,,1,,,,,,,,,,,,,,,,,,,,,,,,,,,,,,
1679,2008-12-15,1,,,,,,,,,,,,,,,,,,,,,,,,,,,,,,,,,,,,,
1679,24-06-2015,,,,,,1,,,,,,,,,,,,,,,,,,,,,,,,,,,,,,,,
1680,2009-09-14,,,,,,,,,,,,,,,,,,1,,,,,,,,,,,,,,,,,,,,
1681,2006-07-14,,,,,,,1,,,,,,,,,,,,,,,,,,,,,,,,,,,,,,,
1682,2005-07-14,,,,,,,,,,,,,,1,,,,,,,,,,,,,,,,,,,,,,,,
1682,2009-09-14,,,,,,1,,,,,,,,,,,,,,,,,,,,,,,,,,,,,,,,
1682,2010-09-14,,,,,,,,,,,,,,,,,,,1,,,,,,,,,,,,,,,,,,,
1682,25-06-2015,,,,,,,1,,,,,,,,,,,,,,,,,,,,,,,,,,,,,,,
1683,20-08-2015,1,,,,,,,,,,,,,,,,,,,,,,,,,,,,,,,,,,,,,
1683,26-05-2015,,,,,1,,,,,,,,,,,,,,,,,,,,,,,,,,,,,,,,,
1684,2003-01-15,1,,,,,,,,,,,,,,,,,,,,,,,,,,,,,,,,,,,,,
1685,18-08-2015,,,,,,1,,,,,,,,,,,,,,,,,,,,,,,,,,,,,,,,
1686,2005-05-14,,,,,,,,,,,,,,,,,,,,,,,1,,,,,,,,,,,,,,,
1686,2012-04-14,1,,,,,,,,,,,,,,,,,,,,,,,,,,,,,,,,,,,,,
1687,17-10-2014,,,,,,,,,,,,,,,,,,,,,,1,,,,,,,,,,,,,,,,
1687,21-05-2014,,,,,,,,,,,,,,,,,,,,,1,,,,,,,,,,,,,,,,,
1687,24-02-2014,,,,,,,,,,,,,,,,,,,,,,,,,,,,,,,,,,,,,,
1687,31-07-2014,,,,,,,,,,1,,,,,,,,,,,,,,,,,,,,,,,,,,,,
1689,19-09-2014,,1,,,,,,,,,,,,,,,,,,,,,,,,,,,,,,,,,,,,
1689,2009-12-14,,,,,,,,1,,,,,,,,,,,,,,,,,,,,,,,,,,,,,,
1690,2003-03-15,,,,,,,,,,,,,,,,,,,,,,,,,,,,,,,,,,,,,,
1690,2009-05-14,,,,,,,,,,,,,,,,,,,,,,,,,,,,,,,,,,,1,,,
1690,2010-03-14,,,,,,,,,,,,,,1,,,,,,,,,,,,,,,,,,,,,,,,
1692,2004-05-14,,,,,,1,,,,,,,,,,,,,,,,,,,,,,,,,,,,,,,,
1692,2008-05-15,,,,,,,,,,,,,,1,,,,,,,,,,,,,,,,,,,,,,,,
1692,26-07-2014,,,,,,,,,,,,,,,,,,,,,,,,,1,,,,,,,,,,,,,
1692,28-06-2015,1,,,,,,,,,,,,,,,,,,,,,,,,,,,,,,,,,,,,,
1693,2005-09-15,,,,,,,,,,,,,,,,,,,,,,,,,,,,,,,,,1,,,,,
1694,2001-10-14,,,1,,,,,,,,,,,,,,,,,,,,,,,,,,,,,,,,,,,
1694,27-07-2014,,,,,,,,1,,,,,,,,,,,,,,,,,,,,,,,,,,,,,,
1696,2001-03-15,,,,,,,,,,,,,,,,,,,,,,,,,,,,,,,,,,,1,,,
1696,2002-03-15,,,,,1,,,,,,,,,,,,,,,,,,,,,,,,,,,,,,,,,
1696,2004-10-15,,,1,,,,,,,,,,,,,,,,,,,,,,,,,,,,,,,,,,,
1696,2006-09-14,1,,,,,,,,,,,,,,,,,,,,,,,,,,,,,,,,,,,,,
1696,23-08-2014,,,,,,,,,,,,,,,,,,,,,1,,,,,,,,,,,,,,,,,
1697,15-06-2014,,,,,,,1,,,,,,,,,,,,,,,,,,,,,,,,,,,,,,,
1697,21-05-2015,,,,,,,,1,,,,,,,,,,,,,,,,,,,,,,1,,,,,,,,
1697,22-01-2014,,,,,,,,,,,,,,,,,,,,,,,,,,,,,,,,,,,,,,
1697,23-02-2015,,,1,,,,,,,,,,,,,,,,,,,,,,,,,,,,,,,,,,,
1697,29-05-2015,,,,,1,,,,,,,,,,,,,,,,,,,,,,,,,,,,,,,,,
1698,22-07-2015,,,,,,1,,,,,,,,,,,,,,,,,,,,,,,,,,,,,,,,
1698,26-06-2015,,,,,,1,,,,,,,,,,,,,,,,,,,,,,,,,,,,,,,,
1699,14-05-2015,,,,,,,,,,,,,,1,,,,,,,,,,,,,,,,,,,,,,,,
1700,2005-11-14,,,,,,,1,,,,,,,,,,,,,,,,,,,,,,,,,,,,,,,
1700,30-10-2015,,,,,,1,,,,,,,,,,,,,,,,,,,,,,,,,,,,,,,,
1702,13-05-2014,,,,,,,,,,,,,,,,,,,,,,,1,,,,,,,,,,,,,,,
1702,14-01-2015,1,,,,,,,,,,,,,,,,,,,,,,,,,,,,,,,,,,,,,
1702,2005-05-14,,,,,,,,,,,,,1,,,,,,,,,,,,,,,,,,,,,,,,,
1702,2012-01-14,,,,,,,,,,,,,,,,,,,1,,,,,,,,,,,,,,,,,,,
1703,15-02-2015,,,,,,,,,,,,,,,,,,,,,,,,,,,,,,1,,,,,,,,
1703,2002-08-14,1,,,,,,,,,,,,,,,,,,,,,,,,,,,,,,,,,,,,,
1703,21-02-2015,,,,,,,,,,,,,,,,,,,,,,,1,,,,,,,,,,,,,,,
1705,20-07-2015,,,,,,,,,,,,,,,,1,,,,,,,,,,,,,,,,,,,,,,
1705,2005-05-14,,,,,,,,1,,,,,,,,,,,,,,,,,,,,,,,,,,,,,,
1706,13-11-2014,,,,,1,,,,,,,,,,,,,,,,,,,,,,,,,,,,,,,,,
1706,2007-03-15,,,,,,,,,,,,,,,,,,,,,,1,,,,,,,,,,,,,,,,
1707,2009-06-15,,,,,,,,,,,,,,,,,,,,,,,,,,,,,,,,,,,,,,
1708,18-09-2015,1,,,,,,,,,,,,,,,,,,,,,,,,,,,,,,,,,,,,,
1708,2009-07-14,,,,,,1,,,,,,,,,,,,,,,,,,,,,,,,,,,,,,,,
1708,28-12-2015,,,,,,,,,,,,,,1,,,,,,,,,,,,,,,,,,,,,,,,
1709,22-04-2015,,,,,,,,,,,,,,,,,,,,,,,,,,,,,,,,,,,,,,
1710,2005-12-15,,,,,,,,,,1,,,,,,,,,,,,,,,,,,,,,,,,,,,,
1710,21-05-2015,,,,,,,,,,1,,,,,,,,,,,,,,,,,,,,,,,,,,,,
1711,15-12-2014,,,,,,,,,,,,,,,,,,,1,,,,,,,,,,,,,,,,,,,
1711,18-06-2015,1,,,,,,,,,,,,,,,,,,,,,,,,,,,,,,,,,,,,,
1711,2006-06-15,,,,,,,,,,,,,,,,,,,,,,,,,,,,,,,,,,,,,,
1711,26-02-2015,,,,,,,,,,1,,,,,,,,,,,,,,,,,,,,,,,,,,,,
1712,30-08-2014,,,,,,,,,,,,,,,,,,,,,,,,,,,,,,,,,1,,,,,
1714,2002-08-15,,,,,,,,,1,,,,,,,,,,,,,,,,,,,,,,,,,,,,,
1715,18-10-2014,,,,,,,,,,,,,,,,,,,,,,,,,,,,,,,,,,,1,,,
1715,2003-05-15,1,,,,,,,,,1,,,,,,,,,,,,,,,,,,,,,,,,,,,,
1715,21-05-2015,,,,1,,,,,,,,,,,,,,,,,,,,,,,,,,,,,,,,,,
1715,25-02-2014,,,,,,,,,,,,,,,,,,,,,,,,,,,,,,,,,1,,,,,
1716,16-08-2014,,,,,,,,,,,,,,,,,,,,,,,,,,,,,1,,,,,,,,,
1716,31-05-2014,1,,,,,,,,,,,,,,,,,,,,,,,,,,,,,,,,,,,,,
1717,2006-04-14,,,,,,,,1,,,,,,,,,,,,,,,,,,,,,,,,,,,,,,
1717,2009-11-15,,,,,,,,,,1,,,,,,,,,,,,,,,,,,,,,,,,,,,,
1717,26-07-2014,,,,,,,1,,,,,,,,,,,,,,,,,,,,,,,,,,,,,,,
1718,2003-12-14,,,,,,,,,,,,,,,,,,,,,1,,,,,,,,,,,,,,,,,
1718,2011-03-15,,,,,,,,,,,,1,,,,,,,,,,,,,,,,,,,,,,,,,,
1719,14-11-2014,1,,,,,,,,,,,,,,,,,,,,,,,,,,,,,,,,,,,,,
1719,2010-09-15,,,,,,,,,,,,,,,,,,,,,,1,,,,,,,,,,,,,,,,
1719,25-04-2014,,,,,,,,,,,,,,,,,,,,,,,,,,,,,,,,,,,,,,
1720,2005-12-15,,,,,1,,,,,,,,,,,,,,,,,,,,,,,,,,,,,,,,,
1721,15-10-2015,,,,,,1,,,,,,,,,,,,,,,,,,,,,,,,,,,,,,,,
1721,2007-03-14,,,,,,,,,,,1,,,,,,,,,,,,,,,,,,,,,,,,,,,
1722,13-07-2015,,,1,,,,,,,,,,,,,,,,,,,,,,,,,,,,,,,,,,,
1722,2012-07-14,1,,,,,,,,,,,,,,,,,,,,,,,,,,,,,,,,,,,,,
1722,28-08-2014,,,1,,,,,,,,,,,,,,,,,,,,,,,,,,,,,,,,,,,
1723,2002-09-15,,,,,,,,,,,,,,,,,,,1,,,,,,,,,,,,,,,,,,,
1723,2008-12-15,,,1,,,,,,,,,,,,,,,,,,,,,,,,,,,,,,,,,,,
1723,21-07-2014,,,,,,,,,,,,,,1,,,,,,,,,,,,,,,,,,,,,,,,
1724,2004-04-14,,,,,,,,,,1,,,,,,,,,,,,,,,,,,,,,,,,,,,,
1724,2009-09-15,,,,,,,,1,,,,1,,,,,,,,,,,,,,,,,,,,,,,,,,
1724,22-02-2014,,,,,,,,,,,,,,,,,,1,,,,,,,,,,,,,,,,,,,,
1724,23-07-2015,1,,,,,,,,,,,,,,,,,,,,,,,,,,,,,,,,,,,,,
1725,21-08-2014,,,,,,,,,,,,,,,,,,,,1,,,,,,,,,,,,,,,,,,
1725,27-10-2014,,,1,,,,,,,,,,,,,,,,,,,,,,,,,,,,,,,,,,,
1726,2002-11-15,,,,,,1,1,,,,,,,,,,,,,,,,,,,,,,,,,,,,,,,
1726,2005-04-14,,,,,1,,,,,,,,,,,,,,,,,,,,,,,,,,,,,,,,,
1726,26-12-2015,,,,,,1,,,,,,,,,,,,,,,,,,,,,,,,,,,,,,,,
1727,18-07-2015,,,,,,,,,,,,,,1,,,,,,,,,,,,,,,,,,,,,,,,
1727,2011-08-14,,,,,,,,,,,,,,,,,,,,,,,,,,,,,1,,,,,,,,,
1728,15-08-2015,,,,,,,,,,,,,,,,,,,,,,,,,,,,,,,,,,,,,,
1728,22-06-2014,,,,,,,,1,,,,,,,,,,,,,,,,,,,,,,,,,,,,,,
1729,15-12-2015,,1,,,,,,,,,,,,,,,,,,,,,,,,,,,,,,,,,,,,
1729,20-03-2014,,,,,,1,,,,,,,,,,,,,,,,,,,,,,,,,,,,,,,,
1730,19-09-2015,,,,,,1,,,,,,,,,,,,,,,,,,,,,,,,,,,,,,,,
1730,24-01-2015,,,,,,,,,,,,,,,,,,,,,,,,,,,,,,,,,,,,,,
1730,25-12-2015,,,,,,,,,,,,,,,,,,,,,,,,,,,,,,,,,,,,,,
1731,17-08-2015,1,,,,,,,,,,,,,,,,,,,,,,,,,,,,,,,,,,,,,
1731,20-11-2015,,,,,,,,,,1,,,,,,,,,,,,,,,,,,,,,,,,,,,,
1731,26-10-2014,,,,,,1,,,,,,,,,,,,,,,,,,,,,,,,,,,,,,,,
1731,28-12-2014,,,,,,,,,,,,,,,,,,,,,,,,,,,,,,,,,,,,,,
1732,2003-04-14,,,,,,,,,,,,,,1,,,,,,,,,,,,,,,,,,,,,,,,
1732,2009-03-15,,,,,,,,,,,,,,1,,,,,,,,,,,,,,,,,,,,,,,,
1732,29-05-2015,,,,,,,,,,,,,,,,,,,,,,,1,,,,,,,,,,,,,,,
1733,18-03-2015,1,,,,,,,,,,,,,,,,,,,,,1,,,,,,,,,,,,,,,,
1733,23-06-2015,,,,,,,1,,,,,,,,,,,,,,,,,,,,,,,,,,,,,,,
1734,13-07-2015,,,,,,,,1,,,,,,,,,,,,,,,,,,,,,,,,,,,,,,
1734,15-02-2015,,,,,,,,,,,,,,,,,,,,,,,,,,,,,,,,,,1,,,,
1734,17-08-2014,,,,,,1,,,,,,,,,,,,,,,,,,,,,,,,,,,,,,,,
1734,20-03-2015,,1,,,,,,,,,,,,,,,,,,,,,,,,,,,,,,,,,,,,
1734,2008-06-15,,,1,,,,,,,,,,,,,,,,,,,,,,,,,,,,,,,,,,,
1735,2006-08-14,,,,,,,,,,,,,,,,,,,,,,,,,,,,,,,,,,,,,,
1735,22-04-2014,,,,,,,,,,,,,,,,,,,,1,,,,,,,,,,,,,,,,,,
1736,2011-03-14,,,,1,,,,,,,,,,,,,,,,,,,,,,,,,,,,,,,,,,
1736,29-08-2015,,,,,,,,1,,,,,,,,,,,,,,,,,,,,,,,,,,,,,,
1737,15-05-2015,,,1,,,,,,,,,,,,,,,,,,,,,,,,,,,,,,,,,,,
1737,2004-09-14,,,,,,,,,,,,,,,,,,,1,,,,,,,,,,,,,,,,,,,
1737,2005-09-15,,,,,,,,,,,,1,,,,,,,,,,,,,,,,,,,,,,,,,,
1737,2009-05-15,,,,,,1,,,,,,1,1,,,,,,,,,,,,,,,,,,,,,,1,,,
1737,23-01-2015,1,,,,,,,,,,,,,1,,,,,,,,,,,,,,,,,,,,,,,,
1737,28-08-2014,,,,,,,,,,,,,,,,,,,,,,,,,,,,,,,,,,,,,,
1738,15-07-2014,,,,,,,,,,,,,,,,,,,,,,,,,,,,,1,,,,,,,,,
1738,2006-09-14,,,,,,,,,,,,,,,,,,,,,,,,,1,,,,,,,,,,,,,
1738,2010-08-14,1,,,,,,,,,,,,,,,,,,,,,,,,,,,,,,,,,,,,,
1739,31-05-2015,,,,,,,,,,,,,,,,,,,,,,,,,,,,,,,,,,,,,,
1740,13-07-2014,,,,,,,,,1,,,,,,,,,,,,,,,,,,,,,,,,,,,,,
1740,21-02-2014,,,,,1,,,,,,,,,,,,,,,,,,,,,,,,,,,,,,,,,
1740,26-07-2014,,,1,,,,,,,,,,,,,,,,,,,,,,,,,,,,,,,,,,,
1740,30-10-2014,,,,,,,,,,,,,,,,,,,,,1,,,,,,,,,,,,,,,,,
1741,20-12-2015,,,,,,,,,,,,,,,,,,,,,,,,,,,,,,,,,,,,,,
1741,2008-10-14,,,,,,,,1,,,,,,,,,,,,,,,,,,,,,,,,,,,,,,
1741,2010-12-14,,,,,,,,,,,,,,,,,,1,,,,,,,,,,,,,,,,,,,,
1742,2012-12-15,,,,,,,,,,,,,,,,,,,,,,,,,,,,,,,,,,,,,,
1742,27-11-2015,,,,,,1,,,,,,,,,,,,,,,,,,,,,,,,,,,,,,,,
1743,13-11-2015,,,,,,,1,,,,,,,,,,,,,,,,,,,,,,,,,,,,,,,
1743,2001-12-14,,,,,1,,,,,,,,,,,,,,,,,,,,,,,,,,,,,,,,,
1744,28-09-2015,,,,,,,,,,,,,,,,,,,,,1,,,,,,,,,,,,,,,,,
1745,22-03-2014,,,1,,,,,,,,,,,,,,,,,,,,,,,,,,,,,,,,,,,
1746,14-10-2015,1,,,,,,,,,,,,,,,,,,,,,,,,,,,,,,,,,,,,,
1746,2008-08-15,,,,,,,1,,,,,,,,,,,,,,,,,,,,,,,,,,,,,,,
1746,21-03-2014,,,,,1,,,,,,,,,,,,,,,,,,,,,,,,,,,,,,,,,
1746,23-10-2014,,,1,,,,,,,,,,,,,,,,,,,,,,,,,,,,,,,,,,,
1747,17-09-2014,,,,,,,,,,,,,,,,,,,,1,,,,,,,,,,,,,,,,,,
1747,24-05-2014,,,,,1,,,,,,,,,,,,,,,,,,,,,,,,,,,,,,,,,
1748,2008-03-15,,,,,,,1,,,,,,,,,,,,,,,,,,,,,,,,,,,,,,,
1748,27-07-2014,,,,,,,,,1,,,,,,,,,,,,,,,,,,,,,,,,,,,,,
1749,2009-09-14,,,,,,,,,,,,,,,,,,,,,,,,,,,1,,,,,,,,,,,
1750,17-07-2014,,,,,1,,,,,,,,,,,,,,,,,,,,,,,,,,,,,,,,,
1750,2009-06-14,1,,,,,,,,,,,,,,,,,,,,,,,,,,,,,,,,,,,,,
1750,28-05-2014,,1,,,,,,,,,,,,,,,,,,,,,,,,,,,,,,,,,,,,
1751,2004-09-14,,,,,,,,,1,,,,,,,,,,,,,,,,,,,,,,,,,,,,,
1751,25-03-2015,,,,,,,,,,,,,,,,,,,,,,,,,,,,,,,,,,,,,,
1751,27-02-2014,,,,,,,,,,,,,,,,,,,1,,,,,,,,,,,,,,,,,,,
1752,19-04-2015,,,,,,,1,,,,,,,,,,,,,,,,,,,,,,,,,,,,,,,
1752,2006-04-15,,,,,,1,,,,,,,,,,,,,,,,,,,,,,,,,,,,,,,,
1753,2003-10-14,,,,,,1,,,,,,,,,,,,,,,,,,,,,,,,,,,,,,,,
1753,2012-12-14,1,,,,,,,,,,,,,,,,,,,,,,,,,,,,,,,,,,,,,
1753,21-08-2015,,,,,1,,,,,,,,,,,,,,,,,,,,,,,,,,,,,,,,,
1753,26-02-2014,,,,,,,,,,,,,,,,,,,,,,,,,,,1,,,,,,,,,,,
1753,26-02-2015,,,,,,,,,,,,,,,,,,,,,,,,,,,,,,,,,,,,,,
1754,17-09-2015,,,,,,,,,,,,,,1,,,,,,,,,,,,,,,,,,,,,,,,
1754,20-04-2014,,,,,,,,,1,,,,,,,,,,,,,,,,,,,,,,,,,,,,,
1754,2008-07-15,,,,,,,,,,,,,,,,,,,,1,,,,,,,,,,,,,,,,,,
1754,30-06-2014,,,,,1,,,,,,,,,,,,,,,,,,,,,,,,,,,,,,,,,
1756,2003-03-15,,,,,,,,,,,,,,,,,,,,,,,1,,,,,,,,,,,,,,,
1756,2003-06-14,1,,,,,,,,,,,,,,,,,,,,,,,,,,,,,,,,,,,,,
1756,23-09-2015,,,,,,,,,,,,,,,,,,,,,,,,,,1,,,,,,,,,,,,
1757,15-06-2015,,,,,,,,,,,,1,,,,,,,,,,,,,,,,,,,,,,,,,,
1757,23-12-2015,,,,,1,,,,,,,,,,,,,,,,,,,,,,,,,,,,,,,,,
1757,24-02-2015,,,,,,,,,,,,,,,,,,,,,,,1,,,,,,,,,,,,,,,
1757,30-03-2014,,,,,,,,,,,,,,,,,,,1,,,,,,,,,,,,,,,,,,,
1758,21-09-2014,,,,,,,,1,,,,,,,,,,,,,,,,,,,,,,,,,,,,,,
1758,26-02-2015,,,,,,1,1,,,,,,,,,,,,,,,,,,,,,,,,,,,1,,,,
1759,28-07-2014,,,,,,,,,,,1,,,,,,,,,,,,,,,,,,,,,,,,,,,
1760,21-09-2014,,,,,,,,,,,,,,,,,,,,,,,,,,,,,,,,,,,,,,
1760,23-01-2015,,,,,,,,,,,,,,,,,,,,,,,,,,,,,,,,,,,1,,,
1761,2009-08-15,,,,,,,,1,,,,,,,,,,,,,,,,,,,,,,,,,,,,,,
1761,26-02-2014,1,,,,,,,,,,,,,,,,,,,,,,,,,,,,,,,,,,,,,
1761,26-07-2014,,,1,,,,,,,,,,,,,,,,,,,,,,,,,,,,,,,,,,,
1762,2001-07-15,,,,,,,,,,,,,,,,,,,,,,,,,1,,,,,,,,,,,,,
1762,21-01-2015,,,,,,,,,,,,,,1,,,,,,,,,,,,,,,,,,,,,,,,
1763,13-09-2015,,,,,,,,,,,,,,,,,,,,,,1,,,,,,,,,,,,,,,,
1763,27-12-2015,,,,,,,,,,,,,,,,,,,,,,,1,,,,,,,,,,,,,,,
1764,20-09-2014,,,,,,,,,,,,,,,,,,,1,,,,,,,,,,,,,,,,,,,
1764,29-09-2015,1,,,,,,,,,,,,,,,,,,,,,,,,,,,,,,,,,,,,,
1765,21-10-2014,,,,,,,,,,,,,,,,,,1,,,,,,,,,,,,,,,,,,,,
1766,15-04-2014,,,,,,,,,,,,,,,,,,,,,,,,,1,,,,,,,,,,,,,
1766,21-01-2015,,,,,,,,,,,,,,,,,,,,,,,1,,,,,,,,,,,,,,,
1767,18-12-2014,,,,,,,,,,,1,,,,,,,,,,,,,,,,,,,,,,,,,,,
1767,24-10-2015,,,,,,,,,,,,,1,,,,,,,,,,,,,,,,,,,,,,,,,
1768,19-05-2015,,,,,,,,,,,,,,,,,,,,,,,,,1,,,,,,,,,,,,,
1768,2004-09-15,,,,,,,,,,,,,,,,,,,,,,,,,,,,,,,,,,,,,,
1768,21-04-2015,,,,,,,,1,,1,,,,,,,,,,,,,,,,,,,,,,,,,,,,
1769,30-12-2015,,,,,,,,1,,,,,,,,,,,,,,,,,,,,,,,,,,,,,,
1770,19-11-2015,,,,,,,,,,,,,,,,,,,,,,,,,,,,,,,1,,,,,,,
1771,20-03-2015,,,,,,1,,,,,,,,,,,,,,,,,,,,,,,,,,,,,,,,
1771,2003-10-14,,,,,,,,,,,,,,,,,,,,,,,,,,,,,,,,,,,,,,
1772,13-11-2014,,,,,,,,,,,,,,,,,,,1,,,,,,,,,,,,,,,,,,,
1772,2002-11-15,,,,,,,,,,,,,,,,,,,,,,,,,,,,,,1,,,,,,,,
1772,2009-04-14,,,,,,,,1,,,,,,,,,,,,,,,,,,,,,,,,,,,,,,
1773,2001-11-15,1,,,,,,,,,,,,,,,,,,,,,,,,,,,,,,,,,,,,,
1773,28-10-2014,,,,,,,,,,,,,,,,,,,,,,,,,,,,,,,,,,,,,,
1774,2007-08-15,,,,,,,,,,,,,,,,,,,,,1,,,,,,,,,,,,,,,,,
1774,2008-06-14,,,,1,,,,,,,,,,,,,,,,,,,,,,,,,,,,,,,,,,
1774,2010-08-14,,,,,,1,,,,,,,,,,,,,,,,,,,,,,,,,,,,,,,,
1774,26-11-2014,,,,,,,,,,,,,,,,,,,1,,,,,,,,,,,,,,,,,,,
1775,2011-10-15,,,1,,,,,,,,,,,,,,,,,,,,,,,,,,,,,,,,,,,
1776,15-04-2015,,,,,,,,,,,1,,,,,,,,,,,,,,,,,,,,,,,,,,,
1776,2002-03-15,1,,,,,,,,,,,,,,,,,,,,,,,,,,,,,,,,,,,,,
1776,25-02-2015,,,,,,,,,,,,,,,,,,,,,,,,,,1,,,,,,,,,,,,
1777,2003-12-15,,,,,,,,,,,,,,,,,,,1,,,,,,,,,,,,,,,,,,,
1777,2010-07-15,1,,,,,,,,,,,,,,,,,,,,,,,,,,,,,,,,,,,,,
1777,2011-07-15,,,,,,,,,,,,,,,,,,,,,,,,,,,,,,,,,,,,,,
1777,21-04-2015,,1,,,,,,,,,,,,,,,,,,,,,,,,,,,,,,,,,,,,
1777,22-04-2015,,,1,,,,,,,,,,,,,,,,,,,,,,,,,,,,,,,,,,,
1778,22-12-2014,,1,,,,,,,,,,,,,,,,,,,,,,,,,,,,,,,,,,,,
1778,27-11-2014,,,,,,,,,,,1,,,,,,,,,,,,,,,,,,,,,,,,,,,
1779,13-01-2014,,,,,,,,,,,,,,1,,,,,,,,,,,,,,,,,,,,,,,,
1779,28-10-2015,1,1,,,,,,,,,,,,,,,,,,,,,,,,,,,,,,,,,,,,
1780,2012-07-15,,,,,,,1,,,,,,,,,,,,,1,,,,,,,,,,,,,,,,,,
1780,21-09-2015,,,,,,,,,,,,,,,,,,,,,,,,,,,,,,,,,,,,,,
1780,27-08-2015,,,,,,,,,,,,,,,,,,,,,,,,,1,,,,,,,,,,,,,
1781,2006-06-15,,,,,,,,,,,,,,,,,,,,,,,,1,,,,,,,,,,,,,,
1781,24-01-2014,,,1,,,,,,,,,,,,,,,,,,,,,,,,,,,,,,,,,,,
1782,13-09-2015,,,1,,,,,,,,,,,,,,,,,,,,,,,,,,,,,,,,,,,
1782,16-08-2015,,,,,,,,,,,,,,,,,,,,,,,,,,,,,,,,,,,,,,
1782,2001-08-15,,,,,,,,,,,,,,,,,,,,,,1,,,,,,,,,,,,,,,,
1782,2010-04-14,,,,,,,,,,,,,,,,,,,,,,,,,,,,,,,,,,,,1,,
1782,2010-10-15,,,,,,,,,,,,,,,,,,,,,,,1,,,,,,,,,,,,,,,
1782,30-08-2014,,,,,,,,1,,,,,,,,,,,,,,,,,,,,,,,,,,,,,,
1783,14-02-2014,,,,,,,,,,,,,,,,,,,,,,,,,,,,,,1,,,,,,,,
1783,18-03-2015,,,1,1,,,,,,,,,,,,,,,,,,,,,,,,,,,,,,,,,,
1783,2005-01-15,,,,,,1,,,,,,,,,,,,,,,,,,,,,,,,,,,,,,,,
1783,2007-07-15,,,,,,,,,,,,,,,,,,,,,,,,,,,,,,,,,,,,,,
1783,2012-05-14,,,,,,,,,,,1,,,,,,,,,,,,,,,,,,,,,,,,,,,
1783,22-07-2014,,,,,,,,1,,,,,,,,,,,,,,,,,,,,,,,,,,,,,,
1784,26-05-2015,,,,,,,1,,,,,,,,,,,,,,,,,,,,,,,,,,,,,,,
1784,26-09-2015,,,,,,,,,,,1,,,,,,,,,,,,,,,,,,,,,,,,,,,
1785,15-07-2015,,,,1,,,,,,,,,,,,,,,,,,,,,,,,,,,,,,,,,,
1785,2007-06-15,,,,,,,,,,,,,,,,,,1,,,,,,,,,,,,,,,,,,,,
1785,21-12-2015,,,,,,,,,,,,,,,,,,,,,,,,,,,,,,,,,,,,,,
1785,23-02-2014,,,,,,1,,,,,,,,,,,,,,,,,,,,,,,,,,,,,,,,
1785,25-05-2014,,,,,,,,,,,,,,,,,,,,1,,,,,,,,,,,,,,,,,,
1787,2006-07-14,,,,,,,,,,,,,,,,,,,,,,,1,,,,,,,,,,,,,,,
1787,2009-05-15,,,,,,,,,1,,,,,,,,,,,,,,,,,,,,,,,,,,,,,
1788,15-04-2015,,,,,,,,,,,,,,,,,,,,,,,,,,,,,,,,,,,,,,
1788,19-09-2014,,,,,,,,,,,,,,,,,,,,,,,,,,,,,1,,,,,,,,,
1788,20-12-2015,,,,,,,,,,,,,,,,,,,,,,,,,1,,,,,,,,,,,,,
1788,2009-10-15,,,,,,,,,,,,,,,,,,,,,,,,,,,,,,,,,,,,,,
1789,2001-01-14,,,,,,,,,,,,1,,,,,,,,,,,,,,,,,,,,,,,,,,
1789,2010-09-14,1,,,,,,,,,,,,,,,,,,,,,,,,,,,,,,,,,,,,,
1789,2011-06-15,,1,,,,,,,,,,,,,,,,,,,,,,,,,,,,,,,,,,,,
1789,22-10-2015,,,,,,,,,,,,,,1,,,,,,,,,,,,,,,,,,,,,,,,
1789,24-04-2015,,,,,,,1,,,,,,,,,,,,,,,,,,,,,,,,,,,,,,,
1790,2005-02-15,,,,,,,,,,,,,,,,,,,,,,,1,,,,,,,,,,,,,,,
1790,29-03-2015,,,,,,,,,,,,,,,,,,,,,,,,,,,,,,,,,,,,,,
1791,2002-02-14,,,1,,,,,,,,,,,,,,,,,,,,,,,,,,,,,,,,,,,
1791,2005-08-14,,,,,,,,,,,,,,,,,,,,,,,1,,,,,,,,,,,,,,,
1792,15-08-2015,,1,1,,,,,,,,,,,,,,,,,,,,,,,,,,,,,,,,1,,,
1792,2006-07-14,,,,,,,,,,,,,,,,,,,,,,,1,,,,,,,,,,,,,,,
1793,14-12-2014,,,,,,,,,,,,,,,,,,,,,,,,,,,,,,,,,,,,1,,
1793,2003-07-15,,1,,,,,,,,1,,,,,,,,,,,,,,,,,,,,,,,,,,,,
1793,2004-12-15,,,,,,,,,,,,,,,,,,,,,,,,,,,,,,1,,,,,,,,
1793,21-09-2015,,,,,,,,,,,,,,,,,,,,,,,,,,,,1,,,,,,,,,,
1793,22-10-2015,,,,,,1,,,,,,,,,,,,,,,,,,,,,,,,,,,,,,,,
1793,24-09-2015,,,,,,,,,,,,,,,,,,,,,,,,,,1,,,,,,,,,,,,
1793,25-08-2014,,1,,,,,,,,,,,,,,,,,,,,,,,,,,,,,,,,,,,,
1793,27-10-2014,,,,,,,,,,,,,,,,,,,,,,,,,,,,,1,,,,,,,,,
1794,14-04-2014,,,,,,,,,,,,,,1,,,,,,,,,,,,,,,,,,,,,,,,
1795,20-05-2014,,,,,,,,,,,,,,,,,,,,,1,,,,,,,,,,,,,,,,,
1795,2003-04-15,,1,,,,,,,,,,,,,,,,,,,,,,,,,,,,,,,,,,,,
1796,15-08-2015,,,,,,,,,,,,,,,,,,,,,,,,,,,,,,,,,,,,,,
1796,2003-11-15,,,,1,,,,,,,,,,,,,,,,,,,,,,,,,,,,,,,,,,
1796,22-03-2014,,,,,,,,,,,,,,,,,,,,,,,,,,,,,,,,,,,,,,
1797,26-07-2014,,,,,,,,,,,,,,,,,,,,,,,,,,,,,,,,,,,,,,
1798,17-01-2014,,,,,,,1,,,,,,,,,,,,,,,,,,,,,,,,,,,,,,,
1798,2001-01-15,,1,,,,,,,,,,,,,,,,,,,,,,,,,,,,,,,,,,,,
1798,2004-07-14,,,,,,,,,,,,,,,,,,,1,,,,,,,,,,,,,,,,,,,
1799,16-12-2014,,,1,,,,,,,,,,,,,,,,,,,,,,,,,,,,,,,,,,,
1799,27-09-2015,,,,,,,,,,,,,,,,,,,,,,,,,,,,,,,,1,,,,,,
1800,16-04-2015,,,,,,,,,,1,,,,,,,,,,,,,,,,,,,,,,,,,,,,
1800,2002-05-15,1,,,,1,,,,,,,,,,,,,,,,,,,,,,,,,,,,,,,,,
1801,19-11-2014,,,,,,,,,,,,,1,,,,,,,,,,,,,,,,,,,,,,,,,
1801,2007-09-14,,,,,,1,,,,,,,,,,,,,,,,,,,,,,,,,,,,,,,,
1801,21-08-2014,,,,,,,,,,,,,,,,1,,,,,,,,,,,,,,,,,,,,,,
1803,2012-05-15,,,,,,,,1,,,,,,,,,,,,,,,,,,,,,,,,,,,,,,
1803,25-10-2014,,,,,,,,,,,,,,1,,,,,,,,,,,,,,,,,,,,,,,,
1804,2012-03-15,,1,,,,,,,,,,,,,,,,,,,,,,,,,,,,,,,,,,,,
1804,26-01-2015,1,,,,,,,,,,,,,,,,,,,,,,,,,,,,,,,,,,,,,
1804,30-11-2015,,,,,,,,,,,,,,,,1,,,,,,,,,,,,,,,,,,,,,,
1805,2002-05-14,,,1,,,,,,,,,,,,,,,,,,,,,,,,,,,,,,,,,,,
1806,2006-07-15,,,,,,,,,,,,1,,,,,,,,,,,,,,,,,,,,,,,,,,
1807,18-05-2015,,,,,,,,,,,,1,,,,,,,,,,,,,,,,,,,,,,,,,,
1808,2004-02-15,,,,,,,,,,,,,,,,,,,,,,,,,,,,1,,,,,,,,,,
1808,21-07-2015,,,1,,,,,,,,,,,,,,,,,,,,,,,,,,,,,,,,,,,
1809,2002-01-14,,,,,1,,,,,,,,,,,,,,,,,,,,,,,,,,,,,,,,,
1809,27-10-2014,1,,,,,,,,,,,,,,,,,,,,,,,,,,,,,,,,,,,,,
1810,13-10-2014,,,,,,,,1,,,,,,,,,,,,,,,,,,,,,,,,,,,,,,
1810,2007-09-14,,,,,,,,,,,,,,,,,,,,,,,1,,,,,,,,,,,,,,,
1810,2009-06-14,,,,,,,,,,,,,,,,,,,,,,,1,,,,,,,,,,,,,,,
1810,30-04-2014,,,,1,,,,,,,,,,,,,,,,,,,,,,,,,,,,,,,,,,
1811,13-11-2014,,,1,,,,,,,,,,,,,,,,,,,,,,,,,,,,,,,,,,,
1811,18-03-2015,,,,,,,,,,,,,,1,,,,,,,,,,,,,,,,,,,,,,,,
1811,23-09-2015,,,,,,,,,,,,,,,,,,,1,,,,,,,,,,,,,,,,,,,
1812,14-10-2015,,,,,,,,,,,,1,,,,,,,,,,,,,,,,,,,,,,,,,,
1814,17-07-2014,,,,,,1,,,,,,,,,,,,,,,,,,,,,,,,,,,,,,,,
1814,20-11-2015,,1,,,,,,,,,,,,,,,,,,,,,,,,,,,,,,,,,,,,
1814,22-01-2015,,,,,1,,,,,,,,,,,,,,,,,,,,,,,,,,,,,,,,,
1814,25-07-2014,,,,,,,,,,,,,,,,,,1,,,,,,,,,,,,,,,,,,,,
1815,13-01-2015,,,,,,,,,,,,,,,,,,,,,,,,,,,,,,,,,,,,,,
1815,2004-12-14,,,,,,,,,,,,,,,,,,,,,,,,,,,,,,,1,,,,,,,
1815,24-10-2014,,,,,,,,,,,,,,,,,,,1,,,,,,,,,,,,,,,,,,,
1815,30-08-2015,,1,,,,,,,,,,,,,,,,,,,,,,,,,,,,,,,,,,,,
1816,2009-01-14,,,,,,,,,,,,,,,,,,,,,,,,,,,,,,,,,,,,,,
1817,15-11-2014,,1,,,,,,,,,,,,,,,,,,,,,,,,,,,,,,,,,,,,
1817,2002-11-14,1,,,,,,,,,,,,,,,,,,,,,,,,,,,,,,,,,,,,,
1817,28-01-2014,,,,,,,,,,,,,1,,,,,,,,,,,,,,,,,,,,,,,,,
1818,2004-07-15,,,,,,,,,,,,,,,,,,,,,,,,,,,,,,,,,,,,,,
1818,2008-12-14,,,,,,1,,,,,,,,,,,,,,,,,,,,,,,,,,,,,,,,
1818,2010-09-15,,,,,,,,,,,,,,,,,,,,,,,,,,,,,,,,,,,,,,
1819,18-12-2015,,,,,1,,,,,,,,,,,,,,,,,,,,,,,,,,,,,,,,,
1819,2009-09-15,,,,,1,,,,,,,,,,,,,,,,,,,,,,,,,,,,,,,,,
1819,2011-11-15,,,1,,,,,,,1,,,1,,,,,,,,,,,,,,,,,,,,,,,,,
1819,25-06-2015,,,,,,,1,,,,,,,,,,,,,,,,,,,,,,,,,,,,,,,
1820,2007-04-15,,,,,,,,,,,,,,,,,,,,,,,1,,,,,,,,,,,,,,,
1820,21-03-2015,,,,,,,,,,,,,1,,,,,,,,,,,,,,,,,,,,,,,,,
1821,13-01-2014,,,,,,,,,,,,,,,,,,,,,,1,,,,,,,,,,,,,,,,
1821,20-04-2015,,,,,1,,,,,,,,,,,,,,,,,,,,,,,,,,,,,,,,,
1821,21-05-2015,,,1,,,,,,,,,,,,,,,,,,,,,,,,,,,,,,,,,,,
1822,2003-03-15,,,1,,,,1,,,,,,,,,,,,,,,,,,,,,,,,,,,,,,,
1822,2005-06-14,,,,,,,,,,,,,,,,,,,,,,,,,,,,,,,,,,,,,,1
1822,24-01-2014,,,,,,,,,,,,,,,,,,,,,,,,,1,,,,,,,,,,,,,
1823,16-04-2014,1,,,,,,,,,,,,,,,,,,,,,,,,,,,,,,,,,,,,,
1823,27-11-2015,1,,,,,,,,,,,,,,,,,,,,,,,,,,1,,,,,,,,,,,
1824,2001-11-15,,,,,,,,,,,,,,,,,,,1,,,,,,,,,,,,,,,,,,,
1824,2008-08-14,,,,,,,,,,,,,,,,,,,,,,,,,,,,,,,,,,,,,,
1825,2006-10-15,,,,,,,,,,1,,,,,,,,,,,,,,,,,,,,,,,,,,,,
1825,2007-01-14,,,,,,,,,,,,,,,,,,,,,,,,,,,,1,,,,,,,,,,
1825,21-11-2015,,,,,,,,,,,,,,,,,,1,,,,,,,,,,,,,,,,,,,,
1826,19-12-2014,,,,,,,,,,,,,,,,,,,,,,,,,,,,,,,,,,,,,,
1827,2001-07-15,1,,,,,,,,,,,,,,,,,,,,,,,,,,,,,,,,,,,,,
1827,2001-09-14,,,,,,,,,,,,,,,,,,,,,,,,,,,,,,,,,,,,,,
1827,2003-12-14,1,,,,,,,,,,,,,,,,,,,,,,,,,,,,,,,,,,,,,
1827,2007-05-15,,,,,,,,,,,,,,,,,,,,,,,,,,,,,,,,,1,,,,,
1828,24-03-2015,,,,,,,,,,,,,,,,,,,,,,,,,,,,,1,,,,,,,,,
1829,19-04-2014,,,,,,,1,,,,,,,,,,,,,,,,,,,,,,,,,,,,,,,
1829,19-06-2015,,,,,,,,,,,,,,,,,,,,,,,1,,,,,,,,,,,,,,,
1829,26-02-2014,,,,,,,,,,,,,,,,,,,,,,,,,,,,,1,,,,,,,,,
1830,2007-06-14,,,,,,,,,,,,,,1,,,,,,,,,,,,,,,,,,,,,,,,
1831,2009-01-15,,,,,,,,,,,,,,,,,,,,,,,1,,,,,,,,,,,,,,,
1831,29-07-2014,1,,,,,,,,,,,,,,,,,,,,,,,,,,,,,,,,,,,,,
1832,17-04-2015,,,,,,,,,1,,,,,,,,,,,,,,,,,,,,,,,,,,,,,
1832,17-11-2015,,,,,,,,,,,,,,,,,,,,,,,,,,,,,,,,,,,,,,
1832,21-08-2014,1,,,,,,,,,,,,,,,,,,,,,,,,,,,,,,,,,,,,,
1832,23-04-2015,,,,,,,,,,,,,,,,,,,,,,,,,,,1,,,,,,,,,,,
1832,28-09-2015,,,,,,,,,,,,,,,,,,,,,,,1,,,,,,,,,,,,,,,
1833,13-04-2015,,,,,,,,,1,,,,,,,,,,,,,,,,,,,,,,,,,,,,,
1833,20-10-2014,,,,,,1,,,,,,,,,,,,,,,,,,,,,,,,,,,,,,,,
1833,2012-07-15,,,,,,,,,,,,,,,,,,,1,,,,,,,,,,,,,,,,,,,
1834,21-12-2014,,,,,,,,,,,,,,,,,,,,,,,,,,,1,,,,,,,,,,,
1835,2001-04-15,,,,,1,,,,,,,,,,,,,,,,,,,,,,,,,,,,,,,,,
1835,2008-07-14,,,,,,,,,,,,,1,,,,,,,,,,,,,,,,,,,,,,,,,
1835,2009-10-14,,,1,,,,,,,,,,,,,,,,,,,,,,,,,,,,,,,,,,,
1835,22-06-2015,,,,,,,,1,,,,,,,,,,,,,,,,,,,,,,,,,,,,,,
1836,13-04-2014,1,,,,,,,,,,,,,,,,,,,,,,,,,,,,,,,,,,,,,
1836,23-10-2014,,,,,,,,,,,,,,,,,,,,,,,,1,,,,,,,,,,,,,,
1837,2009-07-15,,,,,,,,1,,,,,,1,,,,,,,,,,,,,,,,,,,,,,,,
1838,14-06-2014,,,,,,1,,,,,,,,,,,,,,,,,,,,,,,,,,,,,,,,
1838,25-03-2015,,,1,,,,,,,,,,,,,,,,,,,,1,,,,,,,,,,,,,,,
1839,16-08-2015,,,,,,,,,,,,,1,,,,,,,,,,,,,,,,,,,,,,,,,
1839,2009-10-15,,,,,,,,,,,,,,,,,,,,,,,1,,,,,,,,,,,,,,,
1839,2010-04-14,,,,,,,,,,,,,,,,,,,,,,,,,,,1,,,,,,,,,,,
1840,28-12-2014,,,,,,,,,,,,,,,,,,,,,,,,,,,,,,1,,,,,,,,
1841,2010-05-15,,,,,,,1,,,,,,,,,,,,,,,,,,,,,,,,,,,,,,,
1842,23-02-2015,,,,,1,,,,,,,,,,,,,,,,,,,,,,,,,,,,,,,,,
1843,2006-12-15,,,,,,1,,,,,,,,,,,,,,,,,,,,,,,,,,,,,,,,
1843,24-02-2015,,,,,,,,,,,,,,,,,,,,,,,,,,,,,,,,,,,,,,
1843,24-09-2014,,,,,,,,,,,,,,,,,,,,,,,,,,,,,,,,,,,,,,
1844,18-09-2014,,,,,,1,,,,,,,,,,,,,,,,,,,,,,,,,,,,,,,,
1844,2010-02-15,,,,,1,,,,,,,,,,,,,,,,,,,,,,,,,,,,,,,,,
1844,2010-04-14,,,,,,,,,,,,,,1,,,,,,,,,,,,,,,,,,,,,,,,
1844,24-07-2015,,,,,,,1,,,,,,,,,,,,,,,,,,,,,,,,,,,,,,,
1844,27-04-2014,,,,,,,1,,,,,,,,,,,,,,,,,,,,,,,,,,,,,,,
1845,2007-08-15,,,,,,1,,,,,,,,,,,,,,,,,,,,,,,,,,,,,,,,
1845,2011-02-15,1,,,,,,,,,,,,,,,,,,,,,,,,,,,,,,,,,,,,,
1846,18-05-2015,,,,,,,,,,,,,,,,,,,,,,,,,,,,,,,,,,,,,,
1846,19-07-2015,,,,,,,,1,,,,,,,,,,,,,,,,,,,,,,,,,,,,,,
1846,28-05-2015,,,,,,,,,,,,,,,,,,,,,,,1,,,,,,,,,,,,,,,
1846,29-11-2015,,,,,,,,,,,1,,,,,,,,,,,,,,,,,,,,,,,,,,,
1847,13-05-2014,,,,,1,,,,,,,,,,,,,,,,,,,,,,,,,,,,,,,,,
1847,17-04-2015,,,,,,,,,,,,,,,,,,,,,,,,,1,,,,,,,,,,,,,
1848,2006-07-15,,,,,,,,,,,,1,,,,,,,,,,,,,,,,,,,,,,,,,,
1849,2006-10-14,1,,,,,,,,,,,,,,,,,,,,,,,,,,,,,,,,,,,,,
1849,25-06-2015,,,,,,,,,,,,,,,,,,,,,,,1,,,,,,,,,,,,,,,
1849,30-03-2014,,,,,,,,1,,,,,,,,,,,,,,,,,,,,,,,,,,,,,,
1850,17-02-2015,,,,,,,,,,,,,,,,,,,1,,,,,,,,,,,,,,,,,,,
1850,2011-01-15,,,1,,,,,,,,,,,,,,,,,,,,,,,,,,,,,,,,,,,
1850,2011-03-15,,,,,,,,,,,,,,1,,,,,,,,,,,,,,,,,,,,,,,,
1851,2011-07-15,,,,,,1,,,,,,,,,,,,,,,,,,,,,,,,,,,,,,,,
1851,2012-02-14,,,,,,,,,,,,,,,,,,,,1,,,,,,,,,,,,,,,,,,
1851,29-06-2015,,,,,,,,,,,,,,,,,,,,,,,,,,,1,,,,,,,,,,,
1852,14-07-2014,,,,,,,,,,,,,,,,,,,,,,,,,,,,,,,,,,,,,,
1852,2004-01-14,,,1,,,,,,,,,,,,,,,,,,,,,,,,,,,,,,,,,,,
1852,2004-03-14,1,,,,,,,,,,,,,,,,,,,,,,,,,,,,,,,,,,,,,
1853,2003-02-15,,,,,,,,,,1,,,,,,,,,,,,,,,,,,,,,,,,,,,,
1853,25-03-2014,,,,,,,,,,,,,,1,,,,,,,,,,,,,,,,,,,,,,,,
1853,31-05-2015,,1,,,,,,,,,,,,,,,,,,,,,,,,,,,,,,,,,,,,
1854,26-07-2015,,,,,,1,,,,,,,,,,,,,,,,,,,,,,,,,,,,,,,,
1855,16-07-2014,,,,,,1,,,,,,,,,,,,,,,,,,,,,,,,,,,,,,,,
1855,2009-11-15,,,,,,,,,,,,1,,,,,,,,,,,,,,,,,,,,,,,,,,
1855,26-09-2014,,,,,,,,,,,,1,,,,,,,,,,,,,,,,,,,,,,,,,,
1855,28-04-2015,,,,,,,,,,1,,,,,,,,,,,,,,,,,,,,,,,,,,,,
1856,26-04-2014,,,,,,,,,,,,,,,,,,,,,,,,,,,,,,,,,,1,,,,
1856,26-10-2015,,,,,1,,,,,,,,,,,,,,,,,,,,,,,,,,,,,,,,,
1857,2010-08-15,,,,,,,1,,,,,,,,,,,,,,,,,,,,,,,,,,,,,,,
1857,2010-09-15,,,,,,,,,,,,,,,,,,,,,,,1,,,,,,,,,,,,,,,
1858,25-01-2015,,,,,,,,,,,,,1,,,,,,,,,,,,,,,,,,,,,,,,,
1859,14-01-2014,,,,,,,,,,,,,,,,,,,,,,,,,,,,,,,,,,,,,,
1859,2005-11-14,,,1,,,,,,,,,,,,,,,,,,,,,,,,,,,,,,,,,,,
1859,28-05-2015,,,,,1,,,,,,,,,,,,,,,,,,,,,,,,,,,,,,,,,
1860,26-07-2014,,,,,,,,,,,,,,,,,,,,,,,,,,,,,,,,,,,,,,
1860,31-01-2014,,,,,,,,,,,,,,,,,,,,,,,,,,,,,,,,,,,,,,
1861,19-05-2015,,,,,,,1,,,,,,,,,,,,,,,,,,,,,,,,,,,,,,,
1861,2012-08-15,,,,,,,,,,,,,,1,,,,,,,,,,,,,,,,,,,,,,,,
1862,2003-08-15,,1,,,,,,,,,,,,,,,,,,,,,,,,,,,,,,,,,,,,
1862,2005-09-15,,,,,,,,,,,,,,,,,,,,,,,1,,,,,,,,,,,,,,,
1863,2004-08-15,,,1,,,,,,,,,,,,,,,,,,,,1,,,,,,,,,,,,,,,
1863,2011-02-15,,,1,,,,,,,,,,,,,,,,,,,,,,,,,,,,,,,,,,,
1864,30-06-2015,,,,,,,1,,,,,,,,,,,,,,,,,,,,,,,,,,,,,,,
1865,2002-08-15,,,,,,1,,,,,,,,,,,,,,,,,,,,,,,,,,,,,,,,
1865,29-03-2014,,,,,,,,,,,,,,,,,,,,,,,,,,1,,,,,,,,,,,,
1866,13-02-2015,,,,,,,,,,,,,,,,,,,,,,,,,,,,,,,,,,,,,,
1866,13-07-2015,,,,,,,,,,1,,,,,,,,,,,,,,,,,,,,,,,,,,,,
1866,15-02-2015,1,,,,,,,,,,,,,,,,,,,,,,,,,,,,,,,,,,,,,
1866,29-08-2014,,,,,,,,,,,,,,,,,,,,,,,,,,,,,,,,,,1,,,,
1867,18-03-2014,,,,,,1,,,,,,,,,,,,,,,,,,,,,,,,,,,,,,,,
1867,22-02-2014,,,,1,,,,,,,,,,,,,,,,,,,,,,,,,,,,,,,,,,
1867,29-03-2015,,,,,1,,,,,,,,,,,,,,,,,,,,,,,,,,,,,,,,,
1868,2001-11-14,1,,,,,,,,,,,,,,,,,,,,,,,,,,,,,,,,,,,,,
1869,15-03-2014,,,1,,,,,,,,,,,,,,,,,,,,,,,,,,,,,,,,,,,
1869,16-05-2015,,,,,1,,,,,,,,,,,,,,,,,,,,,,,,,,,,,,,,,
1869,2011-01-14,,,,,1,,,,,,,,,,,,,,,,,,,,,,,,,,,,,,,,,
1870,2009-09-15,,,,,,,,,,,,1,,,,,,,,,,,1,,,,,,,,,,,,,,,
1870,2010-06-14,1,,,,,,,,,,,,,,,,,,,,,,,,,,,,,,,,,,,,,
1871,14-12-2014,,,1,,,,,,,,,,,,,,,,,,,,,,,,,,,,,,,,,,,
1872,2005-04-15,1,,1,,,,,,,,,,,,,,,,,,,,,,,,,,,,,,,,,,,
1872,24-08-2015,,,,,,1,,,,,,,,,,,,,,,,,,,,,,,,,,,,,,,,
1872,29-01-2015,,,,,,,,,,,,,,,,,,,,,,,,,,,,,,1,,,,,,,,
1873,14-02-2015,,,,,,,,,,,,,,,,,,,1,,,,,,,,,,,,,,,,,,,
1873,19-09-2015,,,,,,,,,,,,,,,,,,,,,,,,,,,,,,,,,,,,,,
1874,15-06-2015,,,,,,,,,,,,,,1,,,,,,,,,,,,,,,,,,,,,,,,
1874,29-07-2015,,,,,,,,,,,,,,,,,,,,,,,,,,,,,,,,,,,,1,,
1875,22-05-2015,,,,,,,,,,,1,,,,,,,,,,,,,,,,,,,,,,,,,,,
1875,29-07-2015,,,,,,,,,,,,,,,,,,,,,,1,,,,,,,,,,,,,,,,
1876,16-06-2015,,,1,,,,,,,,,,,,,,,,,,,,,,,,,,,,,,,,,,,
1877,13-08-2014,,,,,,,,,,,,,,,,,,,,,,,,,,,,,,,,,,,,,,
1877,22-06-2014,,,,,,,,,,,1,,,,,,,,,,,,,,,,,,,,,,,,,,,
1877,30-09-2014,,,,,,,,1,,,,,,,,,,,,,,,,,,,,,,,,,,,,,,
1878,17-10-2015,,,,,,,,,,,,,,,,,,,,,,,,,,,,,,,,,,,,,,
1878,2002-01-14,,,,,1,,,,,,,,,,,,,,,,,,,,,,,,,,,,,,,,,
1878,2007-09-14,,,,,,,,,,,,,,,,,,,,1,,,,,,,,,,,,,,,,,,
1878,2009-01-14,,,,,,,,,,1,,,,,,,,,,,,,,,,,,,,,,,,,,,,
1878,2009-06-14,,,,,,,,1,,,,,,,,,,,,,,,,,,,,,,,,,,,,,,
1878,2010-01-15,,,,,,,,,,,,,,,,,,,,,,,,,,,,,,,,,,,,,,
1878,22-02-2015,,,,,,,,,,,,,,,,,,,,,,,,,,,,,1,,,,,,,,,
1878,22-08-2014,,,,,,,,,,,,,,,,,,,,,,,,,,,,,,,,1,,,,,,
1878,27-11-2015,,,,,,,,,,,,,,1,,,,,,,,,,,,,,,,,,,,,,,,
1879,15-08-2014,1,,,,,,,,,,,,,,,,,,,,,,,,,,,,,,,,,,,,,
1879,2002-10-14,,,,,,,,,,,,,,,,,,,,,,,,,,,,,,,,,,1,,,,
1880,17-09-2014,,,,,,1,,,,,,,,,,,,,,,,,,,,,,,,,,,,,,,,
1881,15-02-2014,,,,,1,,,,,,,,,,,,,,,,,,,,,,,,,,,,,,,,,
1881,18-08-2014,,,,,,,,,,,,,,,,,,,,,,,,,,,,,,,,,,,,,,
1881,2005-06-15,,,,,1,,,,,,,,,,,,,,,,,,,,,,,,,,,,,,,,,
1882,2009-07-15,,,,,,,,,,1,,,,,,,,,,,,,,,,,,,,,,,,,,,,
1883,2008-06-14,,,,,,,,,,,,,,,,,,,,,,,1,,,,,,,,,,,,,,,
1884,2005-08-15,,,,,1,,,,,,,,,,,,,,,,,,,,,,,,,,,,,,,,,
1884,2011-12-15,,,,,,,,1,,1,,,,,,,,,,,,,,,,,,,,,,,,,,,,
1885,2003-07-15,,,,,,,,,,,1,,,,,,,,,,,,,,,,,,,,,,,,,,,
1885,2011-03-14,,,,,,1,,,,,,,,,,,,,,,,,,,,,,,,,,,,,,,,
1887,18-10-2014,,,,,,,,,,,1,,,,,,,,,,,,,,,,,,,,,,,,,,,
1887,2003-02-14,,,,,,,,,,,,,,,,,,,1,,,,,,,,,,,,,,,,,,,
1887,2003-02-15,,,1,,,,,,,,,,,,,,,,,,,,,,,,,,,,,,,,,,,
1887,2005-04-14,,,,,,,,,,,,,,,,,,1,,,,,,,,,,,,,,,,,,,,
1887,2008-07-14,,,,,,,,,,,,,,,,,,,,,,,1,,,,,,,,,,,,,,,
1887,2009-11-15,,,,,,,,,,,,,,,,,,,,,,,,,,,,,,,,,,,,,,
1888,2009-05-14,,,,,,,,,,,,,,,,,,,1,,,,,,,,,,,,,,,,,,,
1888,30-10-2014,,,,,,,,,,1,,,,,,,,,,,,,,,,,,,,,,,,,,,,
1889,16-11-2014,,,,,1,,,,,,,,,,,,,,,,,,,,,,,,,,,,,,,,,
1889,2003-08-14,,1,,,,,,,,,,,,,,,,,,,,,,,,,,,,,,,,,,,,
1889,2009-02-15,,1,,,,,,,,,,,,,,,,,,,,,,,,,,,,,,,,,,,,
1890,20-04-2015,,,,,,,,,,,,,,,,,,,,,,,,,,,1,,,,,,,,,,,
1890,2012-04-14,,,,,,,,,,,,,,,,,,,,,,,1,,,,,,,,,,,,,,,
1891,2005-07-14,1,,,,,,,,,,,,,,,,,,,,,,,,,,,,,,,,,,,,,
1892,2005-08-14,,,,,,,,,,,,,,1,,,,,,,,,,,,,,,,,,,,,,,,
1892,2008-03-15,,,,,,1,,,,,,,,,,,,,,,,,,,,,,,,,,,,,,,,
1892,21-07-2014,,,,1,,,,,,,,,,,,,,,,,,,,,,,,,,,,,,,,,,
1892,24-04-2015,1,,,,,,,,,,,,,,,,,,,,,,,,,,,,,,,1,,,,,,
1893,18-01-2015,,1,,,,,,,,,,,,,,,,,,,,,,,,,,,,,,,,,,,,
1893,2004-04-15,,,,,,,,,,,,1,,,,,,,,,,,,,,,,,,,,,,,,,,
1893,2011-01-15,,,,,,,,,,,,,,,,,,,1,,,,,,,,,,,,,,,,,,,
1894,19-08-2014,,,,,1,,,,,,,,,,,,,,,,,,,,,,,,,,,,,,,,,
1894,2003-10-15,,,,,,1,,,,,,,,,,,,,,,,,,,,,,,,,,,,,,,,
1894,2004-08-15,,,,,,,,,,,,1,,,,,,,,,,,,,,,,,,,,,,,,,,
1894,2009-05-15,,,,,,,,,,,,,,,,,,,,1,,,,,,,,,,,,,,,,,,
1895,2006-04-14,,,,,,1,,,,,,,,,,,,,,,,,,,,,,,,,,,,,,,,
1896,16-12-2014,,,,1,,,,,,,,,,,,,,,,,,,,,,,,,,,,,,,,,,
1896,25-07-2014,,,,,,,,,,,,,,,,,,,,,,,,,,,,,1,,,,,,,,,
1897,2012-09-14,,,,,,,,,,,,,,,,,,,,,,,,,,,,,,,,,,,,,,
1897,25-01-2015,,,,,,,,,,,,,,,,,,,,,,,1,,,,,,,,,,,,,,,
1899,19-10-2015,,,,,,,,,,,,,,,,,,,,,,,,,,,,1,,,,,,,,,,
1899,2001-03-14,,,,,,1,,,,,,,,,,,,,,,,,,,,,,,,,,,,,,,,
1899,2007-02-14,,,,,,,,,,,,,,,,,,,,,,,,,,,,,,,,,,,,,,
1899,24-10-2015,,,,,,,,,,,,,1,,,,,,,,,,,,,,,,,,,,,,,,,
1900,17-02-2014,,,,,,,1,,,,,,,,,,,,,,,,,,,,,,,,,,,,,,,
1900,2008-01-15,,,,,,1,,,,,,,,,,,,,,,,,,,,,,,,,,,,,,,,
1900,24-09-2015,,,,,,,,,,,,1,,,,,,,,,,,,,,,,,,,,,,,,,,
1901,2004-05-15,,,,,,,,,,,,,,1,,,,,,,,,,,,,,,,,,,,,,,,
1901,21-04-2015,,,,,,,,,,,,,,1,,,,,,,,,,,,,,,,,,,,,,,,
1901,29-11-2015,,,,,,,,1,,,,,,,,,,,1,,,,,,,,1,,,,,,,,,,,
1902,14-12-2014,,,,,,,,,,,,,,,,,,,,,,,,,,,,,,,,1,,,,,,
1902,2001-12-15,,,,,,,,,,1,,,,,,,,,,,,,,,,,,,,,,,,,,,,
1902,21-10-2015,,,,,,,,,,,,,,,,,,,,,,,1,,,,,,,,,,,,,,,
1903,25-01-2015,,,,,,,,,,,1,,,,,,,,,,,,,,,,,,,,,,,,,,,
1904,18-04-2015,1,,,,,,,,,,,,,,,,,,,,,,,,,,,,,,,,,,,,,
1904,24-04-2014,,,,,,,,,,,,,,,,,,,,,,,,,,,,,,,,,,,1,,,
1905,18-10-2015,,,,,,,,,,,,,,,,,,,,,,,,,,,,,,,,,,,,,,
1905,2007-07-15,,,1,,,1,,,,,,,,,,,,,,,,,,,,,,,,,,,,,,,,
1905,21-02-2015,,,,,,,,,,,,,,,,,,1,,,,,,,,,,,,,,,,,,,,
1907,19-07-2015,,,,,,,,,,,,,,,,,,,,,,,,,,,,,,,,,,,,,,
1907,20-04-2014,,,,,,,,,,,,1,,,,,,,,,,,,,,,,,,,,,,,,,,
1908,19-12-2014,,,,,,,,,,,,,,,,,,,,,,,,,,,,,,,,,,,,1,,
1908,2010-06-15,,1,,,,,,,,,,,,,,,,,,,,,,,,,,,,,,,,,,,,
1908,21-08-2014,,,,,,,1,,,,,,,,,,,,,,,,,,,,,,,,,,,,,,,
1908,26-07-2015,,,,,,,,,,,,,,,,,,,,,,,,,,1,,,,,,,,,,,,
1908,28-03-2014,,,,,,,1,,,,,,,,,,,,,,,,,,,,,,,,,,,,,,,
1908,30-05-2014,,,,,,,,,,,,,,,,,,,,,,,,,,,,,,1,,,,,,,,
1909,2010-01-15,,,,,,,,,,,,,,,,,,,,,,,,,,,,,,,,,,,,,,
1909,31-08-2015,,,,,,,,,,1,,,,,,,,,,,,,,,,,,,,,,,,,,,,
1910,25-09-2015,,,1,,,,,,,,,,,,,,,,,,,,,,,,,,,,,,,,,,,
1910,30-10-2015,,,,,,,,,,,,,,,,,,,1,,,,,,,,,,,,,,,,,,,
1911,2002-06-15,,,,,1,,,,,,,,,,,,,,1,,,,,,,,,,,,,,,,,,,
1911,2010-03-14,,,1,,,,,,,,,,,,,,,,,,,,,,,,,,,,,,,,,,,
1912,19-10-2014,,,,,,,,,,,,,,,,,,,,,,,,,,,,,,1,,,,,,,,
1913,14-12-2014,,,,,,,,1,,,,,,,,,,,,,,,,,,,,,,,,,,,,,,
1913,18-08-2015,,,,,,,1,,,,,,,,,,,,,,,,,,,,,,,,,,,,,,,
1913,2011-06-14,,,,,,,,,,1,,,,,,,,,,,,,,,,,,,,,,,,,,,,
1913,31-08-2014,,,,,,,,,,,,,,,,,,,,,,,1,,,,,,,,,,,,,,,
1914,2004-06-15,,,,,,1,,,,,,,,,,,,,,,,,,,,,,,,,,,,,,,,
1914,21-01-2015,,,1,,,,,,,,,,,,,,,,,,,,,,,,,,,,,,,,,,,
1915,2003-04-14,,,,,,,,,,,,,,,,,,,,,,,,,,,,,1,,,,,,,,,
1916,13-11-2015,,,,,,,,,,,,,,,,,,,,1,,,,,,,,,,,,,,,,,,
1916,16-11-2015,,,,,,,1,,,,,,,,,,,,,,,,,,,,,,,,,,,,,,,
1916,21-05-2014,,,,,,,,,,,,,,1,,,,,,,,,,,,,,,,,,,,,,,,
1917,23-01-2015,,,,,,,,,,,,,,,,,,,,,,,1,,,,,,,,,,,,,,,
1917,29-07-2015,,,,,,,,,,1,,,,,,,,,,,,,,,,,,,,,,,,,,,,
1918,29-09-2015,,,1,,,,,,,,,,,,,,,,,,,,,,,,,,,,,,,,,,,
1918,30-01-2015,,1,,,,,,,,,,,,,,,,,,,,,,,,,,,,,,,,,,,,
1920,16-02-2015,1,,,,,,,,,,,,,,,,,,,,,,,,,,,,,,,,,,,,,
1920,2009-02-15,1,,,,,,,,,,,,,,,,,,,,,,,,,,,,,,,,,,,,,
1921,2011-06-14,,,,,1,,,,,,,,,,,,,,,,,,,,,,,,,,,,,,,,,
1921,23-02-2015,,,,,,,,,,,,,,,,,,,,,,,,,,,,,,,,,,1,,,,
1921,25-10-2015,,,,,,,1,,,,,,,,,,,,,,,,,,,,,,,,,,,,,,,
1922,2001-01-14,,,1,,,,,,,,,,,,,,,,,,,,,,,,,,,,,,,,,,,
1922,2006-04-14,,,,,,,,,,,,,,,,,,,,,,,,,,,,,,,,,,1,,,,
1922,2007-02-15,,,,,,,,,,,,,,,,,,,,,,,,,,,,,,,,,,,,,,
1922,22-09-2015,,,,,,,,,,,,1,,,,,,,,,,,,,,,,,,,,,,,,,,
1922,30-05-2014,1,,,,,,,,,,,,,,,,,,,,,,,,,,,,,,,,,,,,,
1923,2006-12-15,,1,,,,,,,,,,,,,,,,,,,,,,,,,,,,,,,,,,,,
1924,17-11-2015,,,,,1,,,,,,,,,,,,,,,,,,,,,,,,,,,,,,,,,
1924,20-05-2014,,,,,,1,,,,,,,,,,,,,,,,,,,,,,,,,,,,,,,,
1924,2007-09-15,,,,,,,,,,,,,,,,,,,,,,,,,,,,,,,,,,,,,,
1924,22-11-2014,,,,,1,,,,,,,,,,,,,,,,,,,,,,,,,,,,,,,,,
1925,2003-06-14,,,,,,,,,,,,,,,,,,,,,,,,,,,,,1,,,,,,,,,
1926,29-05-2015,,,,,,,,,,,,,,,,,,,1,,,,,,,,,,,,,,,,,,,
1927,15-05-2015,,,1,,,,,,,,,,,,,,,,,,,,,,,,,,,,,,,,,,,
1927,20-06-2014,,,,,,,,1,,,,,,,,,,,,,,,,,,,,,,,,,,,,,,
1928,15-08-2015,,,,,,,,,,,,,,1,,,,,,,,,,,,,,,,,,,,,,,,
1929,14-04-2014,,,,,,,,1,,,,,,,,,,,,,,,,,,,,,,,,,,,,,,
1929,15-11-2014,,,,1,,,,,,,,,,,,,,,,,,,,,,,,,,,,,,,,,,
1929,2002-05-15,,,,,,,,,,1,,,,,,,,,,,,,,,,,,,,,,,,,,,,
1929,2010-07-15,,,,,,1,,1,,,1,,,,,,,,,,,,,,,,,,,,,,,,,,,
1929,2010-11-14,,,,,,,,,,,,,,,,,,,,,,,,,,,1,,,,,,,,,,,
1930,15-11-2015,,,1,,,,,,,,,,,,,,,,,,,,,,,,,,,,,,,,,,,
1930,18-04-2015,,,,,,,,,,,,,,,,,,,,,,,1,,,,,,,,,,,,,,,
1930,2001-03-15,,,1,,,,,,,,,,,,,,,,,,,,,,,,,,,,,,,,,,,
1930,28-05-2014,,,,,,,,,,,1,,,,,,,,,,,,,,,,,,,,,,,,,,,
1931,13-03-2014,,,,,,,,,,1,,,,,,,,,,,,,,,,,,,,,,,,,,,,
1931,2002-07-15,,,,,,,,,,,,,,,,,,,,,,,,,,,,,,,,,,1,,,,
1931,2004-03-14,,,,,,,1,,,,,,,,,,,,,,,,,,,,,,,,,,,,,,,
1931,2008-12-14,1,,,,,,,,,,,,,,,,,,,,,,,,,,,,,,,,,,,,,
1931,2009-10-15,,1,,,,,,,,,,,,,,,,,,,,,,,,,,,,,,,,,,,,
1932,2002-06-14,,,,,,,,,,,,,,,,,,,,,,,,1,,,,,,,,,,,,,,
1932,2004-09-15,,,,,,,,,,,,,,,,,,,1,,,,,,,,,,,,,,,,,,,
1932,2006-07-14,,,1,,,,,,,,,,,,,,,,,,,,,,,,,,,,,,,,,,,
1932,2007-09-15,1,,,,,,,,,,,,,,,,,,,,,,,,,,,,,,,,,,,,,
1932,2012-05-15,,,,,,,,,,,,,,,,,,,,,,,,,,,,,,,,,,,,,,
1932,27-06-2015,,,,,,,,,,,,,,,,,,,,,,,,,,,,,,,,,,1,,,,
1933,21-10-2014,,,1,,,,,,,,,,,,,,,,,,,,,,,,,,,,,,,,,,,
1934,2003-02-15,,,1,,,,,,,,,,,,,,,,,,,,,,,,,,,,,,,,,,,
1934,2004-08-15,,,,,,,,,,,,,,,,,,,1,,,,,,,,,,,,,,,,,,,
1934,2006-08-15,,,1,,,,,,,,,,,,,,,,,,,,,,,,,,,,,,,,,,,
1934,27-02-2015,,,,,,,,,,,,,,,,,,,,,,,,,,,,,,,,,,,,,,
1935,24-04-2014,,,,,,1,,,,,,,,,,,,,,,,,,,,,,,,,,,,,,,,
1935,28-08-2014,,,,,,,1,,,,,,,,,,,,,,,,,,,,,,,,,,,,,,,
1936,15-08-2015,,,,,,,,1,,,,,,,,,,,,,,,,,,,,,,,,,,,,,,
1936,20-05-2015,,,,,,1,,,,,,,,,,,,,,,,,,,,,,,,,,,,,,,,
1937,17-10-2015,1,,,,,,,,,,,,,,,,,,,,,,,,,,,,,,,,,,,,,
1937,18-04-2014,1,,,,,,,,,,,,,,,,,,,,,,,,,,,,,,,,,,,,,
1937,19-01-2015,,,,,,,,,,,,,,1,,,,,,,,,,,,,,,,,,,,,,,,
1937,2007-03-14,,,,,,1,,,,,,,,,,,,,,,,,,,,,,,,,,,,,,,,
1938,13-03-2014,,,1,,,,,,,,,,,,,,,,,,,,,,,,,,,,,,,,,,,
1938,2008-05-15,,,,,,,,,,,,,,,,,,,,,,,1,,,,,,,,,,,,,,,
1938,25-09-2014,,,,,,,,,,,,,,,,,,,,,,,,,,,,,,,,,,,,,,
1939,15-07-2015,,,1,,,,,,,,,,,,,,,,,,,,,,,,,,,,,,,,,,,
1939,2002-07-15,,,,,,,,,,,,,,,,,,,,,,1,,,,,,,,,,,,,,,,
1939,28-03-2014,,,,,,,,,,,,,,,,,,,,,,,,,,,,,,,,,,,,1,,
1939,30-10-2015,,,,,1,,,,,,,,,,,,,,,,,1,,,,,,,,,,,,,,,,
1940,18-11-2015,,1,,,,,,,,,,,,,,,,,,,,,,,,,,,,,,,,,,,,
1940,2004-06-15,1,,,,,,,,,,,,,,,,,,,,,,,,,,,,,,,,,,,,,
1942,15-10-2014,,,,,,,,,,,,1,,,,,,,,,,,,,,,,,,,,,,,,,,
1942,22-07-2014,,,,,,,1,,,,,,,,,,,,,,,,,,,,,,,,,,,,,,,
1943,14-01-2015,,,,,,,,,,1,,,,,,,,,,,,,,,,,,,,,,,,,,,,
1943,16-09-2014,1,,,,,,,,,,,,,,,,,,,,,,,,,,,,,,,,,,,,,
1943,2007-01-15,,,,,,,,,,,,1,,,,,,,,,,,,,,,,,,,,,,,,,,
1943,24-03-2015,,,,,,,,,,,1,,,,,,,,,,,,,,,,,,,,,,,,,,,
1943,30-09-2015,,,1,,,,,,,,,,,,,,,,,,,,,,,,,,,,,,,,,,,
1944,2010-08-14,,,,,,,,,,,,,,,,,,,,,,,1,,,,,,,,,,,,,,,
1944,31-08-2015,1,,,,,,,,,,,,,,,,,,,,,,,,,,,,,,,,,,,,,
1945,2005-02-15,,,,,,,,,,,1,,,,,,,,,1,,,,,,,,,,,,,,,,,,
1945,2005-11-14,,,,,,,,,,,,,,,,,,,1,,,,,,,,,,,,,,,,,,,
1945,30-04-2015,,,,,,,,,,,,,,,,,,,,,,,,,,,,,,,,,,1,,,,
1946,14-11-2014,,,,,,,,,,,,,,,,,,,,,,,,,1,,,,,,,,,,,,,
1946,2008-12-15,,,,,,,,,,,,,1,,,,,,,,,,,,,,,,,,,,,,,,,
1947,2007-01-14,1,,,,,,,,,,,,,,,,,,,,,,,,,,,,,,,,,,,,,
1948,2002-11-14,,,,,,,,,,,1,,,,,,,,,,,,,,,,,,,,,,,,,,,
1948,2004-01-14,,,,,,1,,,,,,,,,,,,,,,,,,,,,,,,,,,,,,,,
1948,23-09-2014,1,,,,,,,,,,,,,,,,,,,,,,,,,,,,,,,,,,,,,
1948,25-08-2015,1,,,,,,,,,,,,,,,,,,1,,,,,,,,,,,,,,,,,,,
1948,31-05-2014,,,,,,,,,,,,,,1,,,,,,,,,,,,,,,,,,,,,,,,
1949,17-03-2015,1,,,,,,,,,,,,,,,,,,,,,,,,,,,,,,,,,,,,,
1949,2011-04-15,,,,,,,,1,,,,,,,,,,,,,,,,,,,,,,,,,,,,,,
1950,14-06-2015,,,,,,1,,,,,,,,,,,,,,,,,,,,,,,,,,,,,,,,
1950,2009-09-14,,,,,,1,,,,,,,,,,,,,,,,,,,,,,,,,,,,,,,,
1950,2011-11-15,,,,,,1,,,,,,,,,,,,,,,,,,,,,,,,,,,,,,,,
1950,23-10-2015,,,,,,,,,,,,,,,,,,,,,,,,,,,,,,,,,,,,,,
1952,23-03-2015,,,1,,,,,,,,,,,,,,,,,,,,,,,,,,,,,,,,,,,
1952,23-11-2015,,,,,,,,,,,,,,,,,,,,,,,1,,,,,,,,,,,,,,,
1953,2009-03-15,1,1,,,,,,,,,,,,,,,,,,,,,,,,,,,,,,,,,,,,
1954,16-08-2014,,,,,,,,,,,,1,,,,,,,,,,,,,,,,,,,,,,,,,,
1954,2006-08-15,,,,,,,,,,,,,,,,,,,,,,,1,,,,,,,,,1,,,,,,
1955,13-02-2015,,,,,,,,,,,,,,,,,,,,,,,,,,,,,,,,,,,,,,
1955,16-11-2014,,,,,,,,1,,,,,,,,,,,,,,,,,,,,,,,,,,,,,,
1957,20-03-2014,,,,,1,,,,,,,,,,,,,,,,,,,,,,,,,,,,,,,,,
1957,31-01-2015,,,,,,,,,,,,,,,1,,,,,,,,,,,,,,,,,,,,,,,
1958,16-06-2014,,,,,,1,,,,,,,,,,,,,,,,,,,,,,,,,,,,,,,,
1958,2003-07-15,,,,,,,,,,,,1,,,,,,,,,,,,,,,1,,,,,,,,,,,
1959,13-12-2015,1,,,,,,,,,,,,,,,,,,,,,,,,,,,,,,,,,,,,,
1959,15-05-2015,,,1,,,,,,,,,,,,,,,,,,,,,,,,,,,,,,,,,,,
1959,19-03-2015,,,,,,,,,,,,,,1,,,,,,,,,,,,,,,,,,,,,,,,
1959,2002-05-14,,,,,1,,,,,,,,,,,,,,,,,,,,,,,,,,,,,,,,,
1959,2009-07-15,,,,,,,,,,,,,1,,,,,,,,,,,,,,,,,,,,,,,,,
1959,23-03-2014,,,,,,,1,,,,,,,,,,,,,,,,,,,,,,,,,,,,,,,
1959,30-03-2015,,,,,,,,,,,,1,,,,,,1,,,,,,,,,,,,,,,,,,,,
1960,2009-01-15,,,,,,,,,,1,,,,,,,,,,,,,,,,,,,,,,,,,,,,
1961,15-12-2015,,,,,,,,,,,,,,,,,,,,,,,,,,,,,1,,,,,,,,,
1961,16-01-2014,,,1,,,,,,,,,,,,,,,,,,,,,,,,,,,,,,,,,,,
1961,2006-07-14,,,,,,,,,,,,,,1,,,,,,,,,,,,,,,,,,,,,,,,
1961,21-06-2015,,,,,,1,,,,,,,,,,,,,,,,,,,,,,,,,,,,,,,,
1962,14-06-2014,,,,,,,,,,,,,,,,,,,,,,,1,,,,,,,,,,,,,,,
1962,2005-04-15,,,,,,1,,,,,,,,,,,,,,,,,,,,,,,,,,,,,,,,
1962,2008-06-15,,,1,,,,,,,,,,,,,,,,,,,,,,,,,,,,,,,,,,,
1963,30-12-2015,,,,,,,,,,,,,,,,,,,1,,,,,,,,,,,,,,,,,,,
1964,18-03-2014,,,,,,,1,,,,,,,,,,,,,,,,,,,,,,,,,,,,,,,
1964,23-03-2014,,,1,,,,,,,,,,,,,,,,,,,,,,,,,,,,,,,,,,,
1964,30-08-2014,,,,,,,,,,,,,,,,,,,,,,,,,,,,,,,,1,,,,,,
1965,2004-08-15,,,,,,,,,,,,1,,,,,,,,,,,,,,,,,,,,,,,,,,
1966,15-02-2014,,,,,,1,,,,,,,,,,,,,,,,,,,,,,,,,,,,,,,,
1966,2010-10-14,1,,,,,,,,,,,,,,,,,,,,,,,,,,,,,,,,,,,,,
1966,23-09-2014,,,,,,,,1,,,,,,,,,,,,,,,,,,,,,,,,,,,,,,
1966,23-10-2014,,,,,,1,,,,,,,,,,,,,,,,,,,,,,,,,,,,,,,,
1967,20-01-2015,1,,,,,1,,,,,,,,,,,,,,,,,,,,,,,,,,,,,,,,
1967,23-06-2015,1,,,,,,,,,,,,,,,,,,,,,,,,,,,,,,,,,,,,,
1967,27-10-2015,,,,,,,,,,,,,,,,,,,,,,,,,,,,,,,,,,,,,,
1968,16-02-2015,1,,,,,,,,,,,,,,,,,,,,,,,,,,,,,,,,,,,,,
1968,2003-10-15,,,,,,,,,,,,,1,,,,,,,,,,,,,,,,,,,,,,,,,
1969,2005-01-14,,,,,,1,,,,,,,,,,,,,,,,,,,,,,,,,,,,,,,,
1969,2010-02-14,,,,,,,,,,,,,,,,,,,,,,,1,,,,,,,,,,,,,,,
1969,2011-02-15,,,,,,1,,,,,,,,1,,,,,,,,,,,,,,,,,,,,,,,,
1969,23-07-2015,,,,,,,,,,,,,,,,,,,,,,,,,,,,,,,,,,,,,,
1969,28-08-2014,,,,,,1,,,,,,,,,,,,,,,,,,,,,,,,,,,,,,,,
1970,2005-06-14,,,,,,,,,,,,,,,,,,,,,,,,,,,,,1,,,,,,,,,
1970,22-02-2014,,,,,,,,,,,,,,,,,,,,,,,,,,,,,,,,,,,,,,
1971,16-08-2015,,,,,,,,,,,,,,,,,,,,,,,,,,,,,,,,,,,,,,
1971,18-09-2015,,,,,,,,,,,,,,,,,,,,1,,,,,,,,,,,,,,,,,,
1972,2002-06-15,,,,,,,,,,,,,,,,,,,,,,,1,,,,,,,,,,,,,,,
1973,24-10-2015,,1,,,,,,,,,,,,,,,,,,,,,,,,,,,,,,,,,,,,
1974,2003-05-15,,1,,,,,,,,,,,,,,,,,,,,,,,,,,,,,,,,,,,,
1975,26-09-2015,,,,,,,,,,,,,,,,,,,1,,,,,,,,,,,,,,,,,,,
1976,14-10-2015,,,,,,1,,,,,,,,,,,,,,,,,,,,,,,,,,,,,,,,
1977,2012-01-15,1,,,,,,,,,,,,,,,,,,,,,,,,,,,,,,,,,,,,,
1978,2006-03-15,,1,,,,,,,,,,,,,,,,,,,,,,,,,,,,,,,,,,,,
1979,20-11-2015,,,,,,,,,,,,,,,,,,,1,,,,,,,,,,,,,,,,,,,
1979,2007-08-14,,1,,,,,,,,,,,,,,,,,,,,,,,,,,,,,,,,,,,,
1979,2007-09-14,,,,,1,,,,,,,,,,,,,,,,,,,,,,,,,,,,,,,,,
1979,2009-09-15,,,,,,,,,,,,,,,,,,,,,,,1,,,,,,,,,,,,,,,
1979,2012-04-14,,,,,,,,,,,,,,,,,,,,,,,,,,,,,1,,,,,,,,,
1979,21-11-2015,,,,,,,,,,,,,1,,,,,,,,,,,,,,,,,,,,,,,,,
1980,14-05-2014,,,,,,,,,,,,,,1,,,,,,,,,,,,,,,,,,,,,,,,
1980,15-10-2015,,,,,,,,,,,1,,,,,,,,,,,,,,,,,,,,,,,,,,,
1980,21-11-2014,,,,,,,,,,,,,,,,1,,,,,,,,,,,,,,,,,,,,,,
1981,2001-11-14,1,,,,,,,,,,,,,,,,,,,,,,,,,,,,,,,,,,,,,
1981,31-10-2015,,,,,,,,,,1,,,,,,,,,,,,,,,,,,,,,,,,,,,,
1982,14-12-2015,,,,,,,,,,,,,,,,,,,,,,1,,,,,,,,,,,,,,,,
1982,24-02-2015,,,1,,,,,,,,,,,,,,,,,,,,,,,,,,,,,,,,,,,
1983,19-05-2014,,,,,,,,,,,,1,,,,,,,,,,,,,,,,,,,,,,,,,,
1983,20-05-2015,,,,,,,,,,,,,,,,,,,,,,,,,,,,,,,,,,,,,,
1983,2006-07-15,,,,,,,,,,,,,,,,,,,,,,,,,,,1,,,,,,,,,,,
1983,2009-08-15,,,,,,,,,,,,,,,,,,,,,,,,,,,,,,,,,,,,,,
1983,21-07-2014,1,,,,,,,,,,,,,,,,,,,,,,,,,,,,,,,,,,,,,
1983,26-06-2014,,,,,,,1,,,,,,,,,,,,,,,,,,,,,,,,,,,,,,,
1985,18-05-2014,,,,,,,,,,,,,,,,,,,,,,,,,,,,,,,,,,,,,,
1985,26-11-2015,,,,,,,,,,,1,,,,,,,,,,,,,,,,,,,,,,,,,,,
1987,15-10-2015,,,,,,,,,,,,,,1,,,,,,,,,,,,,,,,,,,,,,,,
1987,29-10-2014,,,,,,,,1,,,,,,,,,,,,,,,,,,,,,,,,,,,,,,
1988,30-03-2014,,,,,,,,,1,,,,,,,,,,,,,,,,,,,,,,,,,,,,,
1989,2009-09-15,,,,,,,,,,,,,,,,,,,,,,,,,,,,,,,,,,,,,,
1990,2001-08-15,,,,,,,,,,,,,,1,,,,,,,,,,,,,,,,,,,,,,,,
1990,2007-03-14,,,,,,,,1,,,,,,,,,,,,,,,,,,,,,,,,,,,,,,
1991,13-05-2014,,,,,,,,,,,,,,,,,,,,,,,,,,,,,,,,,,,,,,
1991,14-07-2014,,,,,,,,,,,,,,,,,,,,,,,,,,,,,,,,,,,,,,
1991,2009-12-15,,,,,,,,,,,,,,1,,,,,,,,,,,,,,,,,,,,,,,,
1991,2010-02-15,,,,,,,,,,,,,,,,,,,,,,,1,,,,,,,,,,,,,,,
1991,2012-03-14,,,1,,,,,,,,,,,,,,,,,,,,,,,,,,,,,,,,,,,
1991,22-10-2015,,,,,,,,,,1,,,,,,,,,,,,,,,,,,,,,,,,,,,,
1991,25-12-2014,,,,1,,,,,,,,,,,,,,,,,,,,,,,,,,,,,,,,,,
1992,2002-08-15,,,,,,,,1,,,,,,,,,,,,,,,,,,,,,,,,,,,,,,
1992,2004-01-15,,1,,,,,,,,,,,,,,,,,,,,,,,,,,,,,,,,,,,,
1992,28-08-2015,,,,,,,,,,,,,1,,,,,,,,,,,,,,,,,,,,,,,,,
1993,2008-07-15,,,1,,,,1,,,,,,,,,,,,,,,,,,,,,,,,,,,,,,,
1993,2012-10-14,,,,,,,,,,1,,,,,,,,,,,,,,,,,,,,,,,,,,,,
1993,22-05-2015,,,,,1,,,,,,,,,,,,,,,,,,,,,,,,,,,,,,,,,
1994,2011-03-15,1,,,,,,,,,,,,,,,,,,,,,,,,,,,,,,,,,,,,,
1994,21-07-2014,,,,,,,,,,,,,,,,,,,,,,,,,,,,,,,,,,,,,,
1995,14-06-2014,,,,,,1,,,,,,,,,,,,,,,,,,,,,,,,,,,,,,,,
1995,2004-11-14,,,,,,1,,,,,,,,,,,,,,,,,,,,,,,,,,,,,,,,
1995,2012-06-15,,,,,,,,,,,,,,,,,,,,,,,,,,,,,,,,,,,,,,
1996,2002-02-14,,,,,,,,,,,,,,,,,,,,,1,,,,,,,,,,,,,,,,,
1996,2009-06-14,,,,,,,,1,,,,,,,,,,,,,,,,,,,,,,,,,,,,,,
1996,22-09-2014,,,,,,,,1,,,,,,,,,,,,,,,,,,,,,,,,,,,,,,
1997,2006-06-15,,,,,,,,,,,,,,,,,,,,,,,,,,,1,,,,,,,,,,,
1997,21-07-2015,,,,,,,,,,,,,,,,,,,,,,,,,,,,,,,,,,,,,,
1997,26-10-2015,,,,,,,,,,,,,,1,,,,,,,,,,,,,,,,,,,,,,,,
1998,13-10-2014,,,,,,,,,,,,,,,,,,,,,,,,,,1,,,,,,,,,,,,
1998,15-02-2014,,,,,,,,,,,,,,,,,,,,,,,,,,,,,,1,,,,,,,,
1998,15-05-2015,,,,,1,,,,,,,,,,,,,,,,,,,,,,,,,,,,,,,,,
1998,18-05-2015,1,,,,,,,,,,,,,,,,,,,,,,,,,,,,,,,,,,,,,
1998,2010-11-14,,,,,1,,,,,,,,,,,,,,,,,,,,,,,,,,,,,,,,,
1999,24-08-2015,,,,,,,,1,,,,,,,,,,,,,,,,,,,,,,1,,,,,,,,
1999,31-05-2014,,,1,,,,,,,,,,,,,,,,,,,,,,,,,,,,,,,,,,,
2001,2003-03-15,,,,,,,,,,,,,,1,,,,,,,,,,,,,,,,,,,,,,,,
2001,2005-02-14,,,,,1,,,,,,,,,,,,,,,,,,,,,,,,,,,,,,,,,
2001,2009-09-15,,,,,,,,,,,1,,,,,,,,,,,,,,,,,,,,,,,,,,,
2001,21-08-2015,,,,,,,,1,,,,,,,,,,,,,,,,,,,,,,,,,,,,,,
2001,28-01-2015,,1,,,,,,,,,,,,,1,,,,,,,,,,,,,,,,,,,,,,,
2002,20-10-2015,,,,,,,,1,,,,,,,,,,,,,,,1,,,,,,,,,,,,,,,
2003,23-11-2015,,,,,,,,,,,,,,,,,,,,,,,,,,,,,,,,,,,,,,
2004,14-09-2014,,,,,,,1,,,,,,,,,,,,,,,,,,,,,,,,,,,,,,,
2004,2008-01-15,,1,,,,,,,,,,,,,,,,,,,,,,,,,,,,,,,,,,,,
2004,2009-05-14,,,1,,,,,,,,,,,,,,,,,,,,,,,,,,,,,,,,,,,
2004,21-08-2015,,,,,,,,,,,,1,,,,,,,1,,,,,,,,,,,,,,,,,,,
2005,20-04-2015,,,,,,,,,,,,,,,,,,,,,,,1,,,,,,,,,,,,,,,
2005,22-11-2014,,,,,,,,,,,,,,,,,,,,,,,,,,,,,1,,,,,,,,,
2007,23-11-2015,1,,,,,,,,,,,,,,,,,,,,,,,,,,,,,,,,,,,,,
2007,28-08-2015,,,,,,,,,,,,,,,,,,,,,,,,,1,,,,,,,,,,,,,
2008,17-03-2014,,,,,1,,,,,,,,,,,,,,,,,,,,,,,,,,,,,,,,,
2008,21-10-2015,1,,,,,,,,,,,,,,,,,,,,,,,,,,,,,,,,,,,,,
2008,30-08-2015,,,,,,,,,,,,,,,,,,,,,1,,,,,,,,,,,,,,,,,
2009,2003-06-14,,,,,,,,,,,,,,,,,,,,,,,1,,,,,,,,,,,,,,,
2009,2011-10-15,,,1,,,,,,,,,,,,,,,,,,,,,,,,,,,,,,,,,,,
2009,2011-12-14,,,,,,,,1,,,,,,,,,,,,,,,,,,,,,,,,,,,,,,
2010,19-12-2015,,,,,,,,,,,,,,,,,,,1,,,,,,,,,,,,,,,,,,,
2010,2006-01-14,,,,,,1,,,,,,,,,,,,,,,,,,,,,,,,,,,,,,,,
2010,2006-11-15,1,,,,,,,,,,,,,,,,,,,,,,,,,,,,,,,,,,,,,
2011,14-08-2014,,,,,,,,,,,,,,,,,,,1,,,,,,,,,,,,,,,,,,,
2011,22-03-2015,,,,,,,1,,,,,,,,,,,,,,,,,,,,,,,,,,,,,,,
2011,22-12-2015,,,,,,,,,,,,,,,,,,,,,,,,,,,,,,,,,,,,,,
2012,29-03-2015,,,,,,,,1,,,,,,,,,,,,,,,,,,,,,,,,,,,,,,
2013,26-12-2014,,,,,,,,,,,,,,,,,,,1,,,,,,,,,,,,,,,,,,,
2013,30-08-2015,,,,,,,,,,1,,,,,,,,,,,,,,,,,,,,,,,,,,,,
2014,18-07-2014,1,,,,,,,,,,,,,,,,,,,,,,,,,,,,,,,,,,,,,
2014,19-12-2014,,,,,,,1,,,,,,,,,,,,,,,,,,,,,,,,,,,,,,,
2014,2007-06-14,,,,,,,,,,,,,,,,,,,,,,,,,1,,,,,,,,,,,,,
2014,2007-09-14,,,,,,,,,,,,,,,,,,,,,,,,,1,,,,,,,,,,,,,
2014,2008-08-14,,,,,,1,,,,,,,,,,,,,,,,,,,,,,,,,,,,,,,,
2014,2008-10-14,,,,,,,,,,,,,,,,,,,1,,,,,,,,,,,,,,,,,,,
2014,21-04-2014,,,,,,,,,,,,,,,,,,,1,,,,,,,,,,,,,,,,,,,
2014,23-06-2015,,,,,,,,,,,,,,,,,,,,,,,,,,1,,,,,,,,,,,,
2015,2004-08-14,,,1,,,,,,,,,,,,,,,,,,,,,,,,,,,,,,,,,,,
2015,2012-05-15,,,,,,,,,,,,,,,,,,,,,,,1,,,,,,,,,,,,,,,
2016,18-09-2014,,,,,,,1,,,,,,,,,,,,,,,,,,,,,,,,,,,,,,,
2017,14-02-2015,,,,,,,1,,,,,,,,,,,,,,,,,,,,,,,,,,,,,,,
2017,2012-11-14,,,1,,,,,,,,,,,,,,,,,,,,,,,,,,,,,,,,,,,
2017,23-10-2015,,,,,,,,,,1,,,,,,,,,,,,,,,,,,,,,,,,,,,,
2017,23-12-2014,,,,,1,,,,,,,,,,,,,,,,,,,,,,,,,,,,,,,,,
2018,20-04-2015,,,,,,,,,,1,,,,,,,,,,,,,,,,,,,,,,,,,,,,
2018,2004-01-15,,,,,,,,1,,,,,,,,,,,,,,,,,,,,,,,,,,,,,,
2018,2005-02-14,,,1,,,,,,,,,,,,,,,,,,,,,,,,,,,,,,,,,,,
2019,14-11-2015,,,,,,,,,1,,,,,,,,,,,,,,,,,,,,,,,,,,,,,
2019,2006-12-14,,,1,,,,,,,,,,,,,,,,,,,,,,,,,,,,,,,,,,,
2019,2008-09-15,,,,,,,,,,,,,,,,,,,,,,,,,,,,,,,,,,,,,,
2019,2009-10-15,,,,,,,,,,,,,,,,,1,,,,,,,,,,,,,,,,,,,,,
2019,28-05-2015,,,,,,,,,,,,,,1,,,,,,,,,,,,,,,,,,,,,,,,
2020,19-11-2015,,,,,,,,,,,,,,,,,,,,,,,,,,,,,,,,,,,,,,
2020,2001-02-14,,1,,,,,,,,,,,,,,,,,,,,,,,,,,,,,,,,,,,,
2020,2011-04-14,,,,,,,,,,,,1,,,,,,,,,,,,,,,,,,,,,,,,,,
2022,2003-06-15,,,,,,,,1,,,,,,,,,,,,,,,,,,,,,,,,,,,,,,
2022,2004-03-15,,,,,,,,,,,,,,,,,,,,,,,1,,,,,,,,,,,,,,,
2022,2005-02-15,,,,,,,,,,,,,,,,,,1,,,,,,,,,,,,,,,,,,,,
2022,22-07-2015,,1,,,,,,,,,,,,,,,,,,,,,,,,,,,,,,,,,,,,
2023,2007-02-15,,,1,,,,,,,,,,,,,,,,,,,,,,,,,,,,,,,,,,,
2023,31-03-2014,,,,,,,,,,,,,,,,,,,,,,,,,,,,,,,,,1,,,,,
2023,31-08-2015,,,,,,,,,,,,,,1,,,,,,,,,,,,,,,,,,,,,,,,
2025,13-11-2014,,,,,,,,,,,,,,,,,,,,,,1,,,,,,,,,,,,,,,,
2025,31-05-2014,,,,,,,,,,,,1,,,,,,,,,,,,,,,,,,,,,,,,,,
2026,2007-01-14,,,,,,1,,,,,,,,,,,,,,,,,,,,,,,,,,,,,,,,
2027,2009-10-14,,,,,,,,1,,,,,,,,,,,,,,,,,,,,,,,,,,,,,,
2028,20-12-2015,,,,,,,,,,,,,,,,,,,,,,1,,,,,,,,,,,,,,,,
2028,2001-03-15,,,,,,,,,,,,,,,,,,,,,,1,,,,,,,,,,,,,,,,
2028,2002-05-14,,,,,,,,,,,,,,,,,,,,,,,,,1,,,,,,,,,,,,,
2029,15-07-2014,,,,,,1,,,,,,,,,,,,,,,,,,,,,,,,,,,,,,,,
2029,21-10-2014,,1,,,,,,,,,,,,,,,,,,,,,,,,,,,,,,,,,,,,
2029,27-05-2014,,,,,,,,,,,,,,,,,,,1,,,,,,,,,,,,,,,,,,,
2030,2004-09-15,,,,,,,,,,,,,,,,,,,,,,,,,,,,,,,,,,,,,,
2031,2005-07-14,,,,,,1,,,,,,,,,,,,,,,,,,,,,,,,,,,,,,,,
2031,2008-01-14,,,,,,,,1,,,,,,,,,,,,,,,,,,,,,,,,,,,,,,
2031,26-02-2015,,,,,,,,,,,,,,,,,,,,,,,,,,,,,,,,,,,,,,
2032,2003-02-14,,,,,,,,,1,,,,,,,,,,,,,,,,,,,,,,,,,,,,,
2032,28-07-2015,,,1,,,,,,,,,,,,,,,,,,,,1,,,,,,,,,,,,,,,
2033,14-02-2015,,1,,,,,,,,,,,,,,,,,,,,,,,,,,,,,,,,,,,,
2033,2005-04-14,,,,,,,,,,,,,,,,,,,1,,,,,,,,,,,,,,,,,,,
2033,22-10-2014,,,,,,,,,,,,,,,,,,,,,,,,,,,1,,,,,,,,,,,
2033,29-11-2014,,,,,,,,,,,,,,,1,,,,,,,,,,,,,,,,,,,,,,,
2035,23-12-2015,,1,,,,1,,,,,,,,,,,,,,,,,,,,,,,,,,,,,,,,
2036,20-07-2014,,,,,,,,,1,,,,,,,,,,,,,,,,,,,,,,,,,,,,,
2036,2002-02-14,1,,,,,,,,,,,,,,,,,,,,,,,,,,,,,,,,,,,,,
2037,13-04-2014,,1,,,,,,,,,,,,,,,,,,,,,,,,,,,,,,,,,,,,
2037,2005-05-14,,,,,,,,,,,,,,1,,,,,,,,,,,,,,,,,,,,,,,,
2038,17-05-2015,,,,,,,,1,,,,,,,,,,,,,,,,,,,,,,,,,,,,,,
2038,28-10-2014,,1,,,,,,,,,,,,,,,,,,,,,,,,,,,,,,,,,,,,
2040,2001-05-14,,,,,,,,1,,,,,,,,,,,,,,,,,,,,,,,,,,,,,,
2040,2006-04-15,,,,,,,,,,1,,,,,,,,,,,,,,,,,,,,,,,,,,,,
2041,19-06-2014,,,,,1,,,,,,,,,,,,,,,,,,,,,,,,,,,,,,,,,
2041,2008-04-14,,,,,,,,,,,,,,,,,,,,,,,,,,,,,,,,,,,,,,
2042,17-04-2014,,,1,,,,,,,,,,,,,,,,,,,,,,,,,,,,,,,,,,,
2042,17-11-2015,,,,,,,,,,,,,,,,,,,1,,,,,,,,,,,,,,,,,,,
2042,2010-09-14,,,,,,,1,,,,,,,,,,,,,,,,,,,,,,,,,,,,,,,
2043,2003-02-14,,,,,,1,,,,,,,,,,,,,,,,,,,,,,,,,,,,,,,,
2043,2007-03-15,,,,,,,,,,,1,,,,,,,,,,,,,,,,,,,,,,,,,,,
2043,21-04-2015,,,1,,,1,,,,,,,1,,,,,,,,,,,,,,,,,,,,,,,,,
2044,17-03-2014,,,,,,,,,,,,,,,,,,,1,,,,,,,,,,,,,,,,,,,
2044,26-09-2015,,,,,,,,,,,,,,,,,,,,,1,,,,,,,,,,,,,,,,,
2044,26-11-2014,,,,,,,1,,,,,,,,,,,,,,,,,,,,,,,,,,,,,,,
2045,16-08-2015,,,,,,,,,,,,,,,,,,,,,,,1,,,,,,,,,,,,,,,
2045,2002-04-14,,,1,,,,,,,,,,,,,,,,,,,,,,,,,,,,,,,,,,,
2045,2005-04-14,1,,,,,,,,,,,,,,,,,,,,,,,,,,,,,,,,,,,,,
2045,2007-12-15,,,,,,,,,,,,,,,,,,,,,,,1,,,,,,,,,,,,,,,
2045,2009-07-14,,,,,,,,,,,,,,,,,,,,,,,,,,,,,,,,,,,,1,,
2045,2011-04-14,,,,,,,,,,,,,,,,,,,1,,,,,,,,,,,,,,,,,,,
2046,21-08-2015,,,,,,,,,,,,,,,,,,,,,,,,,1,,,,,,,,,,,,,
2046,28-02-2015,,,,,,,,,,,,,,,,,,,,,,,1,,,,,,,,,,,,,,,
2047,20-12-2015,,,,,,,1,,,,,,,,,,,,,,,,,,,,,,,,,,,,,,,
2047,2005-01-14,,,1,,,,,,,,,,,,,,,,,,,,,,,,,,,,,,,,,,,
2047,2012-05-14,,,,,,,,,,,,,,,,,,,,,,,,,,,,,,,,,,,,,,
2048,16-12-2015,,,,,,,,,,,,,,,,,,,,,,,1,,,,,,,,,,,,,,,
2048,17-12-2014,,,,,,,,1,,,,,,,,,,,,,,,,,,,,,,,,,,,,,,
2048,2007-11-14,,,,,1,,,,,,,,,,,,,,,,,,,,,,,,,,,,,,,,,
2048,24-02-2014,,,,,,,,,,,,,,,,,,,,,,,,,,,,,,,1,,,,,,,
2048,24-11-2014,1,,,,,,,,,,,,,,,,,,,,,,,,,,,,,,,,,,,,,
2048,30-10-2014,,,,,,,,,,,,1,,,,,,,,,,,,,,,,,,,,,,,,,,
2049,2002-04-14,,,,,,1,,,,,,,,,,,,,,,,,,,,,,,,,,,,,,,,
2049,2006-01-15,,,,,,,,,,,,,,,,,,,,,,,1,,,,,,,,,,,,,,,
2049,2007-10-15,,,1,,,,,,,,,,,,,,,,,,,,,,,,,,,,,,,,,,,
2050,28-06-2015,,,,,,,,,1,,,,,,,,,,,,,,,,,,,,,,,,,,,,,
2051,14-11-2015,,1,,,,,,,,,,,,,,,,,,,,,,,,,,,,,,,,,,,,
2051,20-04-2015,1,,,,,,,,,,,,,,,,,,,,,,1,,,,,,,,,,,,,,,
2051,2003-12-14,,,,,,,,1,,,,,,,,,,,,,,,,,,,,,,,,,,,,,,
2051,23-07-2015,,,,,,1,,,,,,,,,,,,1,,,,,,,,,,,,,,,,,,,,
2053,19-08-2014,,,,,,,,1,,,,,,,,,,,,,,,,,,,,,,,,,,,,,,
2053,21-09-2015,,,,,,,,,,,,,,1,,,,,,,,,,,,,,,,,,,,,,,,
2054,15-12-2015,,,,1,,,,,,,,,,1,,,,,,,,,,,,,,,,,,,,,,,,
2054,2006-08-14,,,,,,,,,,,,,,,,1,,,,,,,,,,,,,,,,,,,,,,
2054,21-11-2014,,,,,,,,,,,,,,,,,,,1,,,,,,,,,,,,,,,,,,,
2055,14-12-2014,,,,,,,,,,,,,,,,,,,,,,,,,,,,,,,,,,,,,,
2055,2002-05-15,,,,,,,,,,,,,,,,,,,,,,,,,,,,,,,,,,,,,,
2055,2004-02-15,,,,,,,,,,,,,,,,,,,,,,,,,,,,,,,,,,,1,,,
2055,2007-07-15,,,,,,,,,,,,,,,,,,,,,,,,,,,1,,,,,,,,,,,
2055,2008-11-15,,,,,,1,,,,,,,,,,,,,,,,,,,,,,,,,,,,,,,,
2055,31-05-2014,,,,,,,,,,,,,,,,,,,1,,,,,,,,,,,,,,,,,,,
2056,14-05-2014,,,,,,,,,,,,,,,1,,,,,,,,,,,,,,,,,,,,,,,
2056,2003-07-15,,1,,,,,,,,,,,,,,,,,,,,,,,,,,,,,,,,,,,,
2056,21-05-2014,,,,,1,,,,,,,,,,,,,,,,,,,,,,,,,,,,,,,,,
2056,24-11-2015,,,,,1,,,,,,,,,,,,,,,,,,,,,,,,,,,,,,1,,,
2056,26-12-2014,,,,,,,,,,,,,,1,,,,,,,,,,,,,,,,,,,,,,,,
2057,13-11-2015,,,,,,,,,,,,,,1,,,,,,,,,,,,,,,,,,,,,,,,
2057,16-04-2014,,,1,,,,,,,,,,,,,,,,,,,,,,,,,,,,,,,,,,,
2058,2002-04-14,,,,,,,,1,,,,,,,,,,,,,,,,,,,,,,,,,,,,,,
2058,2004-06-15,,,,,,,,,,,,,,,,,,,,,,,,,,,,,,,,,,,,,,
2058,2008-05-14,,,,,,,,,,,,,,,,,,,,,,,,,,,,,,,,,,,,1,,
2058,24-02-2015,,,,,,1,,,,,,,,,,,,,1,,,,,,,,,,,,,,,,,,,
2059,15-03-2014,,,,,,,,,,,,,,,,,,,,,,,,,,,,,,,,,,,,,,
2059,17-02-2014,,,1,,,,,,,,,,,,,,,,,,,,,,,,,,,,,,,,,,,
2059,2007-09-14,1,,,,,,,,,,,,,,,,,,,,,,,,,,,,,,,,,,,,,
2060,25-05-2014,,,,,,,,,,,,,,,,,1,,,,,,,,,,,,,,,,,,,,,
2060,26-07-2015,,,,,,,1,,,,,,,,,,,,,,,,,,,,,,,,,,,,,,,
2061,15-12-2015,,,,,,,,,,,,,,,,,,,,,,,,,,,,,,,,,,,,,,
2061,2005-04-15,,,,,,,,,,,,,,,,,,,,,,,,,,,,,,1,,,,,,,,
2061,2012-02-15,,1,,,,,,,,,,,,,,,,,,,,,,,,,,,,,,,,,,,,
2061,27-12-2015,,,1,,,,,,,,,,,,,,,,,,,,,,,,,,,,,,,,,,,
2062,2003-09-15,,,,,,,,,,,,,,,,,,,,,,,1,,,,,,,,,,,,,,,
2062,22-08-2014,,,,,,,,,,,,,,,,,,,,,1,,,,,,,,,,,,,,,,,
2062,22-09-2015,1,,,,,,,,,,,,,,,,,,,,,,,,,,,,,,,,,,,,,
2063,2010-09-15,,,,,,,,,,,,,,,,,,,,,,,,,,,,,,,,,,,1,,,
2063,23-08-2015,,,,,,,,,,,,,,,,,,,,,,,,,,,,,,,,,,,,,,
2063,27-11-2015,,,,,1,,,,,,,,,,,,,,,,,,,,,,,,,,,,,,,,,
2064,18-03-2014,,,,,,,,,,,,,,,,,,,,,,,1,,,,,,,,,,,,,,,
2064,21-08-2015,1,,,,,,,1,,,,,,,,,,,,,,,,,,,,,,,,,,,,,,
2065,2001-03-14,,,,,,,,,,,,,,,,,,,,,,,,,,,,,,,,,,,,,,
2065,22-01-2015,,,,,,,1,,,,,,,,,,,,,,,,,,,,,,,,,,,,,,,
2065,28-01-2014,,,,,,,,,,,,,,,,,,,,,,,,,,,,,,,,,,,,,,
2066,2005-02-14,,,,,,,,,,,,,,,,,,,,,,,,,,,,,,,,,,,,1,,
2066,21-05-2015,,,,,,,1,,,,,,,,,,,,,,,,,,,,,,,,,,,,,,,
2066,23-03-2015,1,,,,,,,,,,,,,,,,,,,,,,,,,,,,,,,,,,,,,
2066,29-12-2014,,,,,,,,,,,,,,,,,,,,,,,,1,,,,,,,,,,,,,,
2067,2012-08-15,,,,,1,,,,,,,,,,,,,,,,,,,,,,,,,,,,,,,,,
2068,2007-04-15,,,,,,,,,,,,,,,,,,,,,,,,,,,,,,,,,,,,,,
2069,16-03-2015,,,,,,,,,,,,,,1,,,,,,,,,,,,,,,,,,,,,,,,
2069,2002-07-15,,,,,,,,,,1,,,,,,,,,,,,,,,,,,,,,,,,,,,,
2069,2010-02-15,,,,,,,,,,,,,,,,,,,,,,,1,,,,,,,,,,,,,,,
2070,16-08-2015,,,,,,,,,,,,,,,,,,,,,,,,,,1,,,,,,,,,,,,
2070,24-03-2015,,,,,,,,,,,,,,1,,,,,1,,,,,,,,,,,,,,,,,,,
2070,27-04-2014,,,,,1,,,,,,,,,,,,,,,,,,,,,,,,,,,,,,,,,
2070,28-06-2015,,,,,,,,,,,,,,,,,,,,,,,,,,,,,,,,,,,,,,
2071,14-10-2015,,1,,,,,,,,,,,,,,,,,,,,,,,,,,,,,,,,,,,,
2071,24-03-2014,,,,,,,,,,,,,,1,,,,,,,,,,,,,,,,,,,,,,,,
2071,30-09-2015,1,,,,,,,,,,,,,,,,,,,,,,,,,,,,,,,,,,,,,
2071,31-07-2014,,,,,,,1,,,,,,,,,,,,,,,,,,,,,,,,,,,,,,,
2072,18-02-2014,,,,,,,,,,,,,,,,,,,,,,,,,,,,,,,,,,,1,,,
2072,19-02-2015,,,,,,,1,,,,,,,,,,,,,,,,,,,,,,,,,,,,,,,
2072,2012-08-14,,,,,,,,,,,,,,,1,,,,,,,,,,,,,,,,,,,,,,,
2072,29-07-2014,,,,,1,,,,,,,,,,,,,,,,,,,,,,,,,,,,,,,,,
2073,14-05-2015,,,1,,,,,,,,,,,,,,,,,,,,,,,,,,,,,,,,,,,
2073,2004-02-15,,,,,,,,,,,,,,,,,,,,,,,,,,,,,,,,,,,,,,
2073,30-04-2015,,,,,,,,1,,,,,,,,,,,,,,,,,,,,,,,,,,,,,,
2074,20-12-2015,,,,,,,,,,,1,,,,,,,,,,,,,,,,,,,,,,,,,,,
2074,2010-04-15,,,,,,,,,,,,,,1,,,,,,,,,,,,,,,,,,,,,,,,
2075,2003-05-14,,,,,,,,,,,,,,1,,,,,,,,,,,,,,,,,,,,,,,,
2075,2006-05-14,,,,,,,,,,,,,,,,,,,,,,,,,,,,,,,,,,,,,,
2077,15-05-2015,,,,,,,,,,1,,,,1,,,,,,,,,,,,,,,,,,,,,,,,
2077,2001-03-15,,1,,,,,,,,,,,,,,,,,,,,,,,,,,,,,,,,,,,,
2077,2007-05-15,,,,,,,,,,,1,,,,,,,,,,,,,,,,,,,,,,,,,,,
2078,14-05-2014,,,,,,,,,,,,,,,,,,,,,,,,,,,,,,,,,,,,,,
2078,16-10-2015,,,1,,,,,,,,,,,,,,,,,,,,,,,,,,,,,,,,,,,
2079,16-05-2015,,,,,,,,,,,,,,,,,,,,,,,,,,,,,,,,,,,,,,
2079,19-07-2015,,,,,,,,,,,,,,,,,,,,1,,,,,,,,,,,,,,,,,,
2079,2004-11-14,,,1,,,,,,,,,,,,,,,,,,,,,,,,,,,,,,,,,,,
2080,21-04-2015,,,1,,,,,,,,,,,,,,,,,,,,,,,,,,,,,,,,,,,
2081,18-05-2014,,,,,,,,,,,,1,,,,,,,,,,,,,,,,,,,,,,,,,,
2081,22-01-2015,,,1,,,,,,,,,,,1,,,,,,,,,,,,,,,,,,,,,,,,
2082,2010-10-14,,,,,,,,,,,,,,,,,,1,,,,,,,,,,,,,,,,,,,,
2082,23-11-2015,,,,,,,,,,,,,,,,,,,,,,,,,,,,,1,,,,,,,,,
2083,19-06-2015,,,,,,,,,,,,,,,,,,,,,,,,,,,,,,,,,,,,,,
2083,2007-11-15,,,1,,,,,,,,,,,,,,,,,,,,,,,,,,,,,,,,,,,
2083,28-03-2015,1,,,,,,,,,,,,,,,,,,,,,,,,,,,,,,,,,,,,,
2084,15-08-2015,,,,,1,,,,,,,,,,,,,,,,,,,,,,,,,,,,,,,,,
2085,2003-01-14,,,,,,,,,,,,,,,,,,,,,,,,,,,,,,,,,,,,,,
2085,2004-04-15,,,,,,,1,,,,,,,,,,,,,,,,,,,,,,,,,,,,,,,
2085,22-04-2015,,,,,,,,,,,,,,,,,,,,,,,,,,,,,,,,,,,,,,
2085,25-03-2015,,1,,,,,,,,,,,,,,,,,,,,,,,,,,,,,,,,,,,,
2086,2008-01-14,,,,,1,,,,,,,,,,,,,,,,,,,,,,,,,,,,,,,,,
2086,2009-03-15,,,,,,,,,,1,,,,,,,,,,,,,,,,,,,,,,,,,,,,
2086,29-05-2014,,,,,,,,,,,,,,,,,,,,,,,,,,,,,,,,,,,,,,
2087,2009-04-15,,,1,,,,,,,,,,,,,,,,,,,,,,,,,,,,,,,,,,,
2087,22-02-2015,,,,,,1,,,,,,,,,,,,,,,,,,,,,,,,,,,,,,,,
2088,2009-02-15,,,,,,,,,,,,,,,,,,,1,,,,,,,,,,,,,,,,,,,
2088,21-09-2014,,,,,1,,,,,,,,,,,,,,,,,,,,,,,,,,,,,,,,,
2089,15-10-2015,1,,,,,,,,,,,,,,,,,,,,,,,,,,,,,,,,,,,,,
2089,20-08-2014,,,,,,,,,,,,,,,,,,,,,,,,,,,,,,,,,,,,,,
2091,19-10-2015,,,,,,,,,,,,,,,,,,,,,,,,,,,,,1,,,,,,,,,
2091,2002-08-15,,,,,,,,,,,,,,,,,,,,,,,,,,1,,,,,,,,,,,,
2091,30-07-2015,,,,,,,,,,,,,,1,,,,,,,,,,,,,,,,,,,,,,,,
2092,17-12-2014,,,,,,,,,,,,,,,,,1,,,,,,,,,,,,,,,,,,,,,
2092,2001-04-14,,,,,,,,,,,,,,,,,1,,,,,,,,,,,,,,,,,,,,,
2092,2004-09-15,,,1,,,,1,,,,,,,,,,,,,,,,,,,,,,,,,,,,,,,
2092,2006-11-15,,,,,,,,,,,,,,,,,,,,,,,,,,,,,,,,,,,1,,,
2092,24-05-2015,,,,,,,,,,,,,,,,,,,,,,,,,,,,,,,,,,,,,,
2093,2002-06-14,1,,,,,,,,,,,,,,,,,,,,,,,,,,,,,,,,,,,,,
2093,2003-05-14,,,1,,,,,,,,,,,,,,,,,,,,,,,,,,,,,,,,,,,
2093,2012-06-15,1,,,,,,,,,,,,,,,,,,,,,,,,,,,,,,,,,,,,,
2094,2007-05-14,,,,,,1,,,,,,,,,,,,,,,,,,,,,,,,,,,,,,,,
2095,2006-04-15,,,,,,,1,,,,,,,,,,,,,,,,,,,,,,,,,,,,,,,
2096,25-01-2015,,,,,,,,,,,,,,,,,,,,,,,,,,,,,,,,,,,,,,
2097,2001-10-15,,,,,,,,,,1,,,,,,,,,,,,,,,,,,,,,,,,,,,,
2097,28-09-2014,,,,,,,,1,,,,,,,,,,,,,,,,,,,,,,,,,,,,,,
2098,20-10-2014,,,,,,,,,,,,,1,,,,,,,,,,,,,,,,,,,,,,,,,
2098,2002-08-14,,,1,,,,,,,,,,,,,,,,,,,,,,,,,,,,,,,,,,,
2100,20-03-2014,,,,,,,,,,,,,,,,,,,,,,,,,,,,,,,,,,1,,,,
2100,2005-07-15,,,,,,,,,,,,,,,,,,,,,,,,,,1,,,,,,,,,,,,
2100,27-01-2015,,,,,,,,,,,,,,,,,,,,,,,,,1,,,,,,,,,,,,,
2101,20-12-2015,,,,,,,,,,,,,,,,,,,,,,,,,,,,,,,,,,,,,,
2101,2004-09-15,1,,,,,,,,,,,,,,,,,,,,,,,,,,,,,,,,,,,,,
2101,2007-01-15,,,,,1,,,,,,,,,,,,,,,,,,,,,,,,,,,,,,,,,
2101,2010-04-15,,,,,,,,,,,,,,1,,,,,,,,,,,,,,,,,,,,,,,,
2102,14-02-2015,,,,,,,,1,,,,,,,,,,,,,,,,,,,,,,,,,,,,,,
2102,2004-12-14,,,,,1,,,,,,,,,,,,,,,,,,,,,,,,,,,,,,,,,
2102,2010-05-15,,,,,,,,1,,,,,,,,,,,,,,,,,,,,,,,,,,,,,,
2102,25-01-2015,,,,,,,,,,,,,,,,,,1,,,,,,,,,,,,,,,,,,,,
2104,20-10-2015,,,,,,,,,,,,,,,,,,,1,,,,,,,,,,,,,,,,,,,
2104,2002-07-14,,,,,,,,,,,,,1,,,,,,,,,,,,,,,,,,,,,,,,,
2104,25-09-2014,1,,,,,,,,,,,,,,,,,,,,,,,,,,,,,,,,,,,,,
2104,27-02-2015,,,,,,,,,,,,,,,,,,,,,,,,,,,1,,,,,,,,,,,
2105,2002-12-14,,,,,,,,,,,,,,,,,,,,1,,,,,,,,,,,,,,,,,,
2105,21-01-2015,,,,,,,,,,,1,,,,,,,,,,,,,,,,,,,,,,,,,,,
2106,13-08-2015,,,,,,,,,,,1,,,,,,,,,,,,,,,,,,,,,,,,,,,
2106,20-01-2014,,,,,,,,,,,,,1,,,,,,,,,,,,,,,,,,,,,,,,,
2106,28-08-2015,1,,,,,,,,,,,,,,,,,,,,,,,,,,,,,,,,,,,,,
2107,2001-03-15,,,,,,,,,,,,,,,,,,,,,,1,,,,,,,,,,,,,,,,
2107,2008-01-14,1,,,,,,,,,,,,,,,,,,,,,,,,,,,,,,,,,,,,,
2107,30-10-2014,,,,,,,,1,,,,,,,,,,,,,,,,,,,,,,,,,,,,,,
2108,2001-10-15,,,1,,,,,,,,,,,,,,,,,,,,,,,,,,,,,,,,,,,
2108,2011-08-15,,,1,,,,,,,,,,,,,,,,,,,,,,,,,,,,,,,,,,,
2109,24-09-2015,,,,,,,,,,,,,,,,,,,1,,,,,,,,,,,,,,,,,,,
2109,28-10-2015,,,,,,,,,,,,,,,,,,,,,,,,,,,,,,,,,,,,,,
2110,15-05-2015,,,,,,,,,,,,,,,,,,,,,,1,,,,,,,,,,,,,,,,
2110,22-11-2014,1,,,,,,,,,,,,,,,,,,,,,,,,,,,,,,,,,,,,,
2111,2007-12-14,,,1,,,,,,,,,,,,,,,,,,,,,,,,,,,,,,,,,,,
2111,30-05-2014,,,,,,1,,,,,,,,,,,,,,,,,,,,,,,,,,,,,,,,
2112,2003-06-14,,,,,,,,,,,,,,,,,,,,,,,,,,,,,,,,,,,,,,
2112,2006-06-14,1,,,,,,,,,,,,,,,,,,,,,,,,,,,,,,,,,,,,,
2113,19-09-2014,,,,,,,,,,,,,,,,,,,1,,,,,,,,,,,,,,,,,,,
2113,2007-09-15,,,,,,,,,,,1,,,,,,,,,,,,,,,,,,,,,,,,,,,
2114,2006-11-15,1,,,,,,,,,,,,,,,,,,,,,,,,,,,,,,,,,,,,,
2114,22-08-2014,,,,,,,,,,,,,,,,,,,,,,,,,1,,,,,,,,,,,,,
2115,18-11-2015,,,,,,,,,,,,1,,,,,,,,,,,,,,,,,,,,,,,,,,
2115,24-06-2015,,,,,,,,,,,,,,,,,,,,,,,,,,,1,,,,,,,,,,,
2116,13-02-2014,,,,,,,,,,,,,,,,,,1,,,,,,,,,,,,,,,,,,,,
2117,2002-05-15,,1,,,,,,,,,,,,,,,,,,,,,,,,,,1,1,,,,,,,,,
2119,24-09-2015,,,,,,1,,,,,,,,,,,,,,,,,,,,,,,,,,,,,,,,
2120,2006-07-14,,,,,,,,,,,,,,,,,,,1,,,,,,,,,,,,,,,,,,,
2120,2007-10-15,,,,,,,,,,,,,,,,,,,,,,,1,,,,,,,,,,,,,,,
2120,26-01-2015,,1,,,,,,,,,,,,,,,,,,,,,,,,,,,,,,,,,,,,
2120,27-02-2014,,,,,1,,,,,,,,,,,,,,,,,,,,,,,,,,,,,,,,,
2122,16-09-2014,,,,,,,,1,,,,,,,,,,,,,,,,,,,,,,,,,,,,,,
2122,2005-07-14,,,,,,,,,,,,1,,,,,,,,,,,,,,,,,,,,,,,,,,
2122,2006-04-14,,,,,,,,,,,,,,,,,,,,,,,,,,,1,,,,,,,,,,,
2125,2002-04-14,,,,,,,,,,,,,,,,,,,1,,,,,,,,,,,,,,,,,,,
2125,25-06-2015,,,,,,,,,1,,,,,,,,,,,,,,,,,,,,,,,,,,,,,
2126,27-04-2014,,,,,,1,,,,,,,,,,,,,,,,,,,,,,,,,,,,,,,,
2127,16-04-2014,,,,,,,,,,,,,1,,,,,,,,,,,,,,,,,,,,,,,,,
2127,19-11-2014,,,,,,,1,,,,,,,,,,,,,,,,,,,,,,,,,,,,,,,
2127,19-11-2015,,,,,,,,,,,,,,1,,,,,,,,,,,,,,,,,,,,,,,,
2127,20-01-2014,1,,,,,,,,,,,,,,,,,,,,,,,,,,,,,,,,,,,,,
2127,2001-01-15,,,,,,,,,,,,,,,,,,,,,,,1,,,,,,,,,,,,,,,
2128,2009-07-15,,,,,,,,,,1,,,,,,,,,,,,,,,,,,,,,,,,,,,,
2128,2010-08-15,,,,,,,,,,,,,,,,,,,,,,,,,,,,,,,,,,,,,,
2128,2011-02-15,1,,,,,,,,,,,,,,,,,,,,,,,,,,,,,,,,,,,,,
2128,24-04-2015,,,,,,,,1,,,,,,,,,,,,,,,,,,,,,,,,,,,,,,
2129,18-03-2015,1,,,,,,,,,,,,,,,,,,,,,,,,,,,,,,,,,,,,,
2129,2004-03-15,,,,,,,,,,,,,,,,,,,,,,,,,,,,,,,,,,,,,,
2129,2005-01-14,,,,,,,,,,,,,,,,,,,,,,,,,,,1,,,,,,,,,,,
2129,2005-09-14,,,1,,,,,,,,,,,,,,,,,,,,,,,,,,,,,,,,,,,
2129,2011-08-15,,,,,,1,,,,,,,,,,,,,,,,,,,,,,,,,,,,,,,,
2131,15-04-2015,,1,,,,,,,,,,,,,,,,,,,,,,,,,,,,,,,,,,,,
2131,18-02-2014,,,,,,,,,,,,,,1,,,,,,,,,,,,,,,,,,,,,,,,
2131,27-08-2015,,,,,,,,,,,,,,,,,,,,,,,,,,,,,,,,,,,,,,
2132,24-01-2014,1,,,,,,,,,,,,,,,,,,,,,,,,,,,,,,,,,,,,,
2132,29-07-2014,,,,,1,,,,,,,,,,,,,,,,,,,,,,,,,,,,,,,,,
2133,2004-12-14,,,,,,,,,,,,,,,,,,,,,,,,,,,,,,,,,,,,,,
2133,2005-07-14,,,,,,,,,,,,,,,,,,,,,,,1,,,,,,,,,,,,,,,
2133,2005-08-15,,,,,,,,,,,,,,,,,,,,,,,,,,,,,,,,,,,,,,
2133,2011-07-15,,,,,,,,,,,,,,,,,,,,,,,1,,,,,,,,,,,,,,,
2133,24-05-2014,,,,,,1,,,,,,,,,,,,,,,,,,,,,,,,,,,,,,,,
2134,26-09-2015,,1,,,,,,,,,,,,,,,,,,,,,,,,,,,,,,,,,,,,
2134,27-08-2015,,,,,,,,,,,,,1,,,,,,,,,,,,,,,,,,,,,,,,,
2135,25-01-2015,1,1,,,,,,,,,,,,,,,,,,,,,,,,,,,,,,,,,,,,
2138,13-05-2014,,,,,,,,,,,,,,,,,,,,1,,,,,,,,,,,,,,,,,,
2138,2003-11-14,,,,,,,,,,,,,,,,,,,,,,,,,,,,,,,,,,,,,,
2138,2004-03-15,,,,,,,1,,,,,,,,,,,,,,,,,,,,,,,,,,,,,,,
2138,2012-12-14,,,,,,,,,,,,,,,,,,,,,,,,,,,,,,,,,,1,,,,
2139,16-04-2015,,,,,,,,,,,,,,1,,,,,,,,,,,,,,,,,,,,,,,,
2140,30-12-2015,,,,,,,,,,,,,,,,,,,,,,,,,,,,,,,,,,,,,,
2141,2008-03-15,,,,,,,,,,,,,,1,,,,,,,,,,,,,,,,,,,,,,,,
2141,21-02-2014,,,,,,,,,,,,,,,,,,,1,,,,,,,,,,,,,,,,,,,
2141,23-02-2014,,,,,,,,,,,,,,,,,,,1,,,,,,,,,,,,,,,,,,,
2141,24-04-2014,,,,,,,,1,,,,,,,,,,,,,,,,,,,,,,,,,,,,,,
2142,19-05-2015,,,,,,,,,,,,,,,,,,,1,,,,1,,,,,,,,,,,,,,,
2142,23-05-2014,,,,,,,,,,,1,,,,,,,,,,,,,,,,,,,,,,,,,,,
2142,25-06-2015,,,,,1,,1,1,,,,,,,,,,,,,,,,,,,,,,,,,,,,,,
2143,17-12-2014,,,,,,,,,,,,,,,,,,,1,,,,,,,,,,,,,,,,,,,
2143,2012-02-15,,,,,,,,,,,,,,,,,,,,,,,,,,,,,,,,,,,,,,
2144,13-05-2014,,,,,,,,,,,,,,,,,,,,,,,1,,,,,,,,,,,,,,,
2144,13-07-2014,,,,,,,,,,,,,,,,,,,,,,,1,,,,,,,,,,,,,,,
2144,2002-10-14,,,,,,,,,,,,,,,,,,,1,,,,,,,,,,,,,,,,,,,
2144,22-02-2014,,1,,,,,,,,,,,,,,,,,,,,,,,,,,,,,,,,,,,,
2145,2012-12-15,1,,,,,,,,,,,,,,,,,,,,,,,,,,,,,,,,,,,,,
2146,20-06-2015,,,,,,,,,,,,,,,,,,,,,,,,,,,1,,,,,,,,,,,
2146,22-10-2014,1,,,,,,,,,,,,,,,,,,,,,,,,,,,,,,,,,,,,,
2146,30-05-2014,,,,,,,,,,,,,,,,,,,,,,,,,,,,,,,,,,,,,,
2147,2012-11-15,,,,,,,,,,,,,,,,,,,,,,,,,,,,,1,,,,,,,,,
2147,24-04-2014,,,1,,,,,,,,,,,,,,,,,,,,,,,,,,,,,,,,,,,
2148,13-01-2014,,,,,,,,,,,,,,,,,,,,,,,,,,,,,,,,,,,,,,
2148,19-07-2015,,,,,,,,,,,,,,,,,,,,,,,,,,,,,,,,,,,1,,,
2148,20-11-2014,,,1,,,,,,,,,,,,,,,,,,,,,,,,,,,,,,,,,,,
2148,2006-12-14,,,,,,,,,,,,,,1,,,,,,,,,,,,,,,,,,,,,,,,
2149,13-07-2014,1,,,,,,,,,,,,,,,,,,,,,,,,,,,,,,,,,,,,,
2149,21-03-2014,,,,,,1,,,,,,,,,,,,,,,,,,,,,,,,,,,,,,,,
2151,16-07-2015,,1,,,,,,,,,,,,,,,,,,,,,,,,,,,,,,,,,,,,
2151,2003-08-15,,,,,,,,1,,,,,,,,,,,,,,,,,,,,,,,,,,,,,,
2151,2011-04-14,,,1,,,,,,,,,,,,,,,,,,,,,,,,,,,,,,,,,,,
2152,2003-02-14,,,,,,1,,,,,,,,,,,,,,,,,,,,,,,,,,,,,,,,
2152,2003-09-15,,,,,,,,,,1,,,,,,,,,,,,,,,,,,,,,,,,,,,,
2152,2007-09-14,,,,,,,,,1,,,,,,,,,,,,,,,,,,,,,,,,,,,,,
2152,23-07-2015,,,,1,,,,,,,,,,,,,,,,,,,,,,,,,,,,,,,,,,
2152,23-11-2014,1,,,,,,,,,,,,,,,,,,,,,,,,,,,,,,,,,,,,,
2153,14-12-2014,,,,,,,,,,,,,,,,,,,,,1,,,,,,,,,,,,,,,,,
2154,14-08-2014,1,,,,,,,,,,,,,,,,,,,,,,,,,,,,,,,,,,,,,
2154,2010-11-14,,,,,,,,,,,,,,,,,,,,,,,,,,,,,,,,,,,,,,
2155,2011-11-14,,,,,,,,,,,,,,,,,,,,,,,,,,,,,,,,,,,,1,,
2155,31-10-2014,,,,,,,,,,,,,,,,,1,,,,,,,,,,,,,,,,,,,,,
2156,15-02-2014,,,,,,,,,,,,,,,,,,,,,,,,,,,,,,,,,,,,,,
2156,15-05-2015,,,,,,,,,,,,,,,,,,,,,,,,,,,,,,,,,,,1,,,
2156,2007-08-15,,,,,,,,,,,,,,,,,,,,,,,,,,,,,,,,,,,,,,
2156,2008-05-14,,,,,,,,1,,,,,,,,,,,,,,,,,,,,,,,,,,,,,,
2157,26-06-2014,,1,,,,,,,,,,,,,,,,,,,,,,,,,,,,,,,,,,,,
2158,2001-08-15,,,,,,,,1,,,,,,,,,,,,,,,,,,,,,,,,,,,,,,
2159,2008-10-14,,,1,,,,,,,,,,,,,,,,,,,,,,,,,,,,,,,,,,,
2159,30-04-2015,,,,,,,,1,,,,,,,,,,,,,,,,,,,,,,,,,,,,,,
2160,28-06-2014,,,,1,,,,,,,,,,,,,,,,,,,,,,,,,,,,,,,,,,
2160,30-07-2014,,,,,,,,,,,,,,,,,,,,,,,,,,,,,,,,1,,,,,,
2161,24-09-2014,,,,,1,,,,,,,,,,,,,,,,,,,,,,,,,,,,,,,,,
2162,19-06-2015,,,1,,,,,,,,,,,,,,,,,,,,,,,,,,,,,,,,,,,
2164,19-03-2015,,,,,,,,1,,,,,,,,,,,,,,,,,,,,,,,,,,,,,,
2164,19-11-2014,1,,,,,,,,,,,,,,,,,,,,,,,,,,,,,,,,,,,,,
2164,2008-10-15,,,,,,,,,,,,,,,,,,,,,,,,,,,,,,1,,,,,,,,
2164,24-11-2015,,,,,,,,1,,,,,,,,,,,,,,,,,,,,,1,,,,,,,,,
2164,27-10-2014,,,1,,,,,,,,,,,,,,,,,,,,,,,,,,,,,,,,,,,
2164,30-09-2014,,,,,,,,,,,,,,,,,,,,,,,1,,,,,,,,,,,,,,,
2164,31-01-2014,,,,,,,1,,,,,,,,,,,,,,,,,,,,,,,,,,,,,,,
2165,17-06-2015,,,,,,,,,,,,,,,,,,,,,,,,,,,,,,,,,,,,,,
2165,2006-09-15,,,,,,,,,,,,,,1,,,,,,,,,,,,,,,,,,,,,,,,
2165,27-04-2015,,,,,,,,,,1,,,,,,,,,,,,,,,,,,,,,,,,,,,,
2165,28-01-2015,,,,,,,,,,,,,,,,,,,,,,,,,,,,,,,,,,,,,,
2166,2004-05-14,,,1,,,,,,,,,,,,,,,,,,,,,,,,,,,,,,,,,,,
2166,2007-03-14,,,,,1,,,,,,,,,,,,,,,,,,,,,,,,,,,,,,,,,
2166,2010-12-15,,,,,,,,,,,,,,,,,,,,,,,,,,,,,,,,,,,,,,
2166,2011-10-14,,,,,,,,,,,1,,,,,,,,,,,,,,,,,,,,,,,,,,,
2166,2012-03-15,,,,,,,,1,,,,,,,,,,,,,,,,,,,,,,,,,,,,,,
2167,14-03-2015,,,,,,,,,,,,,,1,,,,,,,,,,,,,,,,,,,,,,,,
2167,18-10-2015,,,1,,,,,,,,,,,,,,,,,,,,,,,,,,,,,,,,,,,
2167,2008-12-15,1,,,,,,,,,,,,,,,,,,,,,,,,,,,,,,,,,,,,,
2167,29-05-2015,,,,,,,,,,,,,,,,,,,,,,,1,,,,,,,,,,,,,,,
2169,2005-02-14,,,,,,,,,,,,,,1,,,,,,,,,,,,,,,,,,,,,,,,
2169,21-10-2015,,,,,,,,,,,,,,1,,,,,,,,,,,,,,,,,,,,,,,,
2169,25-06-2014,,,1,,,,,,,,,,,,,,,,,,,,,,,,,,,,,,,,,,,
2171,2002-08-15,,,,,,,,,,,,,,,,,,,,,,,,,,,,,,,,,,,,,,
2171,2003-09-15,1,,,,,,,,,,,1,,,,,,,,,,,,,,,,,,,,,,,,,,
2171,22-04-2015,,1,,,,,,,,,,,,,,,,,,,,,,,,,,,,,,,,,,,,
2171,28-07-2015,,,,,,,,,,,,,,1,,,,,,,,,,,,,,,,,,,,,,,,
2171,31-03-2015,,,,,,,,1,,,,,,,,,,,,,,,,,,,,,,,,,,,,,,
2172,2002-03-15,,,,,,,,,,,,,,1,,,,,,,,,,,,,,,,,,,,,,,,
2172,21-06-2014,,,,,,,,,,,,,,,,,,,,,,,,,,,1,,,,,,,,,,,
2173,15-12-2014,,,,,,1,,,,,,,,,,,,,,,,,,,,,,,,,,,,,,,,
2173,2011-08-15,,,,,,,,,,1,,,,,,,,,,,,,,,,,,,,,,,,,,,,
2174,18-09-2014,,,,,,,,1,,,,,,,,,,,,,,,,,,,,,,,,,,,,,,
2174,2005-01-14,,,,,,,,,,,,,,,,,,,,,,,,,,,,,1,,,,,,,,,
2174,31-07-2014,,,,,,1,,,,,,,,,,,,,,,,,,,,,,,,,,,,,,,,
2175,2006-03-15,,,,,,1,,,,,,,,,,,,,,,,,,,,,,,,,,,,,,,,
2176,14-05-2014,,,,,,,1,,,,,,,,,,,,,,,,,,,,,,,,,,,,,,,
2176,2004-02-15,,,,,,,,,,,,,1,,,,,,,,,,,,,,,,,,,,,,,,,
2176,2006-08-15,1,,,,,,,,,,,,,,,,,,,,,,,,,,,,,,,,,,,,,
2176,27-09-2014,,,,,,,,1,,,,,,,,,,,,,,,,,,,,,,,,,,,,,,
2177,29-06-2014,,,,,,,,,,,,,,,,,,,1,,,,,,,,,,,,,,,,,,,
2178,2003-05-15,,,,,,,,,,,,,,,,,,,,,,,,,,,,,,,,,,,,,,
2178,2011-10-14,,1,,,,,,,,,,,,,,,,,,,,,,,,,,,,,,,,,,,,
2178,26-01-2014,,1,,,,,,,,,,,,,,,,,,,,,,,,,,,,,,,,,,,,
2179,16-04-2015,,,,,,,,,,,,,,,,,,,,,,1,,,1,,,,,,,,,,,,,
2180,18-12-2014,,,,,,1,,,,,,,,,,,,,,,,,,,,,,,,,,,,,,,,
2180,27-09-2014,,,,,,1,,,,,,,,,,,,,,,,,,,,,,,,,,,,,,,,
2181,2005-04-14,,,,,,,,,,,1,,,,,,,,,,,,,,,,,,,,,,,,,,,
2183,2007-06-14,,,,,,1,,,,,,,,,,,,,,,,,,,,,,,,,,,,,,,,
2183,29-12-2014,,,,,,,,,1,,,,,,,,,,,,,,,,,,,,,,,,,,,,,
2184,2011-05-15,,,,,,,,,,,,,,,,,,,,,,,1,,,,,,,,,,,,,,,
2184,23-01-2015,,,,,,,,,,,,,,,,,,,,,,,,,,,,,,,,,,,,,,
2184,30-06-2015,,,,,,,,,,,,,,,,,,,,,,,1,,,,,,,,,,,,,,,
2185,2001-04-14,,,,,,,,1,,,,,,,,,,,,,,,,,,,,,,,,,,,,,,
2185,2004-09-14,,,,,,1,,,,,,,,,,,,,,,,,,,,,,,,,,,,,,,,
2185,2011-10-15,,,,,,,,,,1,,,,,,,,,,,,,,,,,,,,,,,,,,,,
2185,25-05-2014,,,,,,,,,,,,,,1,,,,,,,,,,,,,,,,,,,,,,,,
2186,14-02-2015,,,,,,,,,,,,,,,,,,,,,,,,,,,,,,,,,,,,,,
2186,2001-07-15,1,,,,,1,,,,,,,,1,,,,,,,,,,,,,,,,,,,,,,,,
2186,2001-09-15,,,,,,,,,,,,,,,,,,,,,,,,,,,,,,,,,,,,,,
2186,2002-04-15,,,,,,,,,,,,,,,,,,,,,,,,,,,,,,,,,,,,,,
2186,2012-04-14,,,1,,,,,,,,,,,,,,,,,,,,,,,,,,,,,,,,,,,
2187,16-08-2015,1,,,,,,,,,,,,,,,,,,,,,,,,,,,,,,,,,,,,,
2188,15-08-2015,,,,,,,,,,,,,,,,,,1,,,,,,,,,,,,,,,,,,,,
2188,2008-10-14,1,,,,,,,,,,,,,,,,,,,,,,,,,,,,,,,,,,,,,
2188,28-07-2015,,,,,,,1,,,,,1,,,,,,,,,,,,,,,,,,,,,,,,,,
2188,28-11-2015,,,,,,,,1,,,,,,,,,,,,,,,,,,,,,,,,,,,,,,
2190,14-05-2015,,,1,,,,,,,,,,,,,,,,,,,,,,,,,,,,,,,,,,,
2190,2011-10-15,,,,,,,,,,,,,,1,,,,,,,,,,,,,,,,,,,,,,,,
2191,19-10-2015,,1,,,,,,,,,,,,,,,,,,,,,,,,,,,,,,,,,,,,
2191,25-10-2015,,,,,,,1,,,,,,,,,,,,,,,,,,,,,,,,,,,,,,,
2193,14-04-2015,,1,,,,,,,,,,,,,,,,,,,,,,,,,,,,,,,,,,,,
2193,2003-09-15,,,,,,,,,,,,1,,,,,,,,,,,,,,,,,,,,,,,,,,
2193,2005-01-14,1,,,,,,,,,,,,,,,,,,,,,,,,,,,,,,,,,,,,,
2193,2007-01-15,,,,,,,,,,,,,1,,,,,,,,,,,,,,,,,,,,,,,,,
2193,2008-04-15,,,,,1,,,,,,,,,,,,,,,,,,,,,,,,,,,,,,,,,
2193,2011-09-14,,,,,,,1,,,,,,,,,,,,,,,,,,,,,,,,,,,,,,,
2193,2012-04-14,,1,,,,,,,,,,,,,,,,,,,,,,,,,,,,,,,,,,,,
2193,26-11-2014,,,,,1,,,,,,,,,,,,,,,,,,,,,,,,,,,,,,,,,
2193,30-09-2015,,,,,,,,,,,,,,1,,,,,,,,,,,,,,,,,,,,,,,,
2194,2006-06-14,,1,,,,,,,,,,,,,,,,,,,,,,,,,,,,,,,,,,,,
2194,2009-01-15,,,,,,,,,,,,,,,,,,,,,,,,,,,,,,,,,,,,,,
2194,2011-01-15,,,,,,1,,,,,,,,,,,,,,,,,,,,,,,,,,,,,,,,
2195,2010-07-15,,,1,,,,,,,,,,,,,,,,,,,,,,,,,,,,,,,,,,,
2195,24-04-2014,,,,,,,,,,,,,,,,,,,,,,,,,,,,,,1,,,,,,,,
2196,2012-02-14,1,,,,,,,,,,,,,,,,,,,,,,,,,,,,,,,,,,,,,
2196,23-08-2015,,,1,,,,,,,,,,,,,,,,,,,,,,,,,,,,,,,,,,,
2196,25-03-2014,1,,,,,,,,,,,,,,,,,,,,,,,,,,,,,,,,,,,,,
2198,2010-08-14,,,,,,,,,,1,,,,,,,,,,,,,,,,,,,,,,,,,,,,
2199,2002-06-14,,,,,,,,,,,,,,1,,,,,,,,,,,,,,,,,,,,,,,,
2200,2008-03-15,,,,,,,,,,1,,,,,,,,,,,,,,,,,,,,,,,,,,,,
2200,2010-10-15,,,,,,,,,,,,,,,,,,,,,,,1,,,,,,,,,,,,,,,
2200,2011-03-15,,,,,,,,,,,,,,,,,,,,,,,,,,,1,,,,,,,,,,,
2201,2003-05-15,,,,,,,,,,,,,,,,,,,,,,,,1,,,,,,,,,,,,,,
2201,2004-02-14,,,,,,1,,,,,,,,,,,,,,,,,,,,,,,,,,,,,,,,
2201,22-05-2015,,,,,,,,,,,1,,,,,,,,,1,1,,,,,,,,,,,,,,,,,
2201,30-05-2014,1,,,,,,,,,,,,,,,,,,,,,,,,,,,,,,,,,,,,,
2202,28-02-2015,,,,,,,,,,,,,,,,,,,,,,,1,,,,,,,,,,,,,,,
2202,28-05-2015,,,1,,,,,,,,,,,,,,,,,,,,,,,,,,,,,,,,,,,
2204,13-06-2014,,,,,,,,,,1,,,,,,,,,,,,,,,,,,,,,,,,,,,,
2204,16-07-2015,,,,,,,,,,,,,,,,,,,,,,,1,,,,,,,,,,,,,,,
2204,2002-04-14,,,,,,1,,,,,,,,,,,,,,,,,,,,,,,,,,,,,,,,
2204,2009-10-14,,,,,,,,,,,,,,,,,,,,,,,,,,,,1,,,,,,,,,,
2204,27-09-2015,,,,,,,,,,,,,,,,,,,,,,,,,,,,,,,,,,,,,,
2205,2007-03-15,1,,,,,,,,,,,,,1,,,,,,,,,,,,,,,,,,,,,,,,
2205,28-10-2014,,,,,,,,,,,,1,,,,,,,,,,,,,,,,,,,,,,,,,,
2206,21-03-2015,,,,,,,,,,,,,,1,,,,,,,,,,,,,,,,,,,,,,,,
2206,24-06-2014,,,,,,,,,,,,,,,,,,,,,,,,,,,,,,,,,,,,1,,
2207,2009-04-14,,,,,,,,1,,,,,,,,,,,,,,,,,,,,,,,,,,,,,,
2208,30-07-2015,,,,,1,,,,,,,1,,,,,,,,,,,1,,,,,,,,,,,,,,,
2210,2007-09-15,,,,,,,,,,,,,,,,,,,,,,,,,,,,,,,,,,,,,,
2210,2009-07-15,,,,,,,,,,,,1,,,,,,,,,,,1,,,,,,,,,,,,,,,
2210,25-09-2015,,,,,,,,,,,,,,,,,,,,,,,1,,,,,,,,,,,,,,,
2210,30-12-2014,,,,,,,,,,,,,,,,,,,,1,,,,,,,,,,,,,,,,,,
2211,2001-01-15,,,,1,,,,,,,,,,,,,,,,,,,,,,,,,,,,,,,,,,
2211,22-09-2015,1,,,,,,,,,,,,,,,,,,,,,,,,,,,,,,,,,,,,,
2211,29-11-2015,,,,,,1,,,,,,,,,,,,,,,,,,,,,,,,,,,,,,,,
2212,16-04-2015,,,,,,,,,,,,,,1,,,,,,,,,,,,,,,,,,,,,,,,
2212,22-09-2015,,,,,,,,,,,,,,,,,,,,1,,,,,,,,,,,,,,,,,,
2212,27-08-2015,,,,,,,,,,,,1,,,,,,,,,,,,,,,,,,,,,,,,,,
2212,28-10-2015,,,,,,,,,,,1,,,,,,,,,,,,,,,,,,,,,,,,,,,
2213,25-08-2014,,,,,,,,,,,,,,,,,,,1,,,,,,,,,,,,,,,,,,,
2214,19-01-2015,,,,,,,,,,,,,,,,,,,,,,,,,,,,,,,,,,,,,,
2215,15-09-2014,1,,,,,,,,,,,,,,,,,,,,,,,,,,,,,,,,,,,,,
2215,2006-05-14,,,,,,,,1,,,,,,,,,,,,,,,,,,,,,,,,,,,,,,
2215,2012-09-14,,,,,,,,,,,,1,,,,,,,,,,,,,,,,,,,,,,,,,,
2215,22-07-2015,,,,,,,,,,,,,,,,,1,,,,,,,,,,,,,,,,,,,,,
2215,26-11-2015,,,,,,,,,,,,,,1,,,,,,,,,,,,,,,,,,,,,,,,
2216,17-11-2015,,,1,,,,,,,,,,,,,,,,,,,,,,,,,,,,,,,,,,,
2217,14-09-2014,,,,,,,,,,,,,,,,,,,,,,,,,,,,,,,,,,,,,,1
2217,2002-12-15,,,,,,,,,,,,,,,,,,,,,,,,,,,,,,,,,,,,,,
2217,24-04-2014,,,,,,,,,1,,,,,,,,,,,,,,,,,,,,,,,,,,,,,
2218,13-05-2014,,,,,,,,,,,,,,,,,,,,,,,,,,,,,,,,,,,,,,
2218,2006-09-14,,,,,,,,,,,,,,,,,,,,,,,,,,,,,1,,,,,,,,,
2218,2006-11-14,,,,,,,,,,,,,,,,,,,,,,,,,,,,,,,,,,,,,,1
2218,25-09-2014,,,,,,,1,,,,,,,,,,,,,,,,,,,,,,,,,,,,,,,
2219,17-04-2015,,,,,,1,,,,,,,,,,,,,,,,,,,,,,,,,,,,,,,,
2219,30-05-2014,,,,,1,,,,,,,,,,,,,,,,,,,,,,,,,,,,,,,,,
2220,2004-08-15,,,,,,,,,,,,,,,,,,,,,,,,,,,,,,,,,,,,,,
2220,2007-01-15,,,1,,,,,,,,,,,,,,,,,,,,,,,,,,,,,,,,,,,
2221,16-12-2015,,,,,,1,,,,,,,,,,,,,,,,,,,,,,,,,,,,,,,,
2221,18-12-2015,,,,,,,,,,,,,,,,,,,,,,,,,,,,,,,,,,,,,,
2222,2003-04-14,,,,,,,,,,,,,,,,,,,,,,,1,,,,,,,,,,,,,,,
2222,2008-01-15,,,,,,,,,,,,,,,,,,,1,,,,,,,,,,,,,,,,,,,
2222,21-07-2015,,,,,,,,,,,,,,,,,,,,,,,,,,,1,,,,,,,,,,,
2222,28-12-2015,1,,,,,,,,,,,,,,,,,,,,,,,,,,,,,,,,,,,,,
2225,2012-03-15,,,,,,,,,,,,,,,,,,,,,,,,,,,1,,,,,,,,,,,
2225,28-04-2015,,,,,,,,1,,,,,,,,,,,,,,,1,,,,,,,,,,,,,,,
2226,17-02-2015,,,,,,1,,,,,,,,,,,,,,,,,,,,,,,,,,,,,,,,
2226,20-02-2015,,,,,,,,,,,,,,,,,,,,1,,,,,,,,,,,,,,,,,,
2226,2001-01-14,,,,,,,,,,,,,,,,,,,,,,,,,,,,,,,,,,,,,,
2226,2006-01-15,,,,,,,,,,,,1,,,,,,,,,,,,,,,,,,,,,,,,,,
2226,2009-03-15,,,,,,,,,,,,,,,,,,,,,,,,,,,1,,,,,,,,,,,
2227,20-06-2015,,,,,,,,,,,,,,,,,,,,,,,,,,,,,,,1,,,,,,,
2227,2007-06-15,,,,,,1,,,,,,,,,,,,,,,,,,,,,,,,,,,,,,,,
2229,19-03-2015,,,,,,,,,1,,,,,,,,,,,,,,,,,,,,,,,,,,,,,
2229,22-12-2015,,,,,,,,,,,,,,,,,,,,,,,,,,,,,,,,,,,,,,
2229,24-07-2014,,,,,,,,,,,,,,,,,,1,,,,,,,,,,,,,,,,,,,,
2229,25-10-2015,,,,,1,1,,,,,,,,,,,,,,,,,,,,,,,,,,,,,,,,
2229,30-05-2015,,,,,,,,,,,,,,,,,,,,,,,,,,,,,,,,,,1,,,,
2230,24-07-2014,,,,,,,,,,,,,,,,,,,,,,,,,,,,,,,,,,,,,,
2230,28-05-2015,,,1,,,,,,,,,,,,,,,,,,,,,,,,,,,,,,,,,,,
2231,2003-12-15,,,,,,,,,,,1,,,,,,,,,,,,,,,,,,,,,,,,,,,
2231,2005-10-14,,,,,,,,,,,,,,1,,,,,,,,,,,,,,,,,,,,,,,,
2231,2008-05-15,,,,,,,,,,,,,,,,,,,,,,,,,,,1,,,,,,,,,,,
2231,22-06-2014,,,,,,,,,,,,,1,,,,,,,,,,,,,,,,,,,,,,,,,
2232,15-01-2015,,,,,1,,,,,,,,,,,,,,,,,,,,,,,,,,,,,,,,,
2232,2006-05-15,1,,,,,,,,,,,,,,,,,,,,,,,,,,,,,,,,,,,,,
2232,25-01-2014,,,,,,,,,,,,,,,,,,,,,1,,,,,,,,,,,,,,,,,
2233,2010-04-15,1,,,,,,,,,,,,,,,,,,,,,,,,,,,,,,,,,,,,,
2233,24-04-2014,,,1,,,,,,,,,,,,,,,,,,,,,,,,,,,,,,,,,,,
2233,28-08-2015,,,,,,,,,,,,,,,,,,,1,,,,,,,,,,,,,,,,,,,
2234,15-07-2015,,,,,,,,,,,,,,1,,,,,,,,,,,,,,,,,,,,,,,,
2234,23-12-2015,1,,,,,,,,,,,,,,,,,,,,,,1,,,,,,,,,,,,,,,
2234,27-02-2015,,,,,,,,,,,,,,,,,,,,,,,,,,,,,,,,,,,,,,
2234,29-07-2015,,,,,,,,,,,,,,,,,,,,,,,1,,,,,,,,,,,,,,,
2235,13-09-2015,,,,,,,1,,,,,,,,,,,,,,,,,,,,,,,,,,,,,,,
2235,19-01-2015,,,,,,,,,,,,,,1,,,,,,,,,,,,,,,,,,,,,,,,
2235,25-10-2015,,,,,,,,,,,,,,,,,,,,,,,,,,,,,,,,,,,,,,
2236,2003-02-15,,,,,,,,,,,,,,,,,,1,,,,,,,,,,,,,,,,,,,,
2236,27-11-2014,,,,,,,,,,,,,,1,,,,,,,,,,,,,,,,,,,,,,,,
2237,2001-01-14,,,,,,,,,,,1,,,,,,,,,,,,,,,,,,,,,,,,,,,
2237,2009-02-15,,,,,,,,,,1,,,,,,,,,,,,,,,,,,,,,,,,,,,,
2238,20-03-2015,,,,,,,,,,,,,,,,,,,,,,,,,,,,,,,,,,,,,,
2238,2005-01-14,,,,,,,,,,,,,,,,,,,,1,,,,,,,,,,,,,,,,,,
2238,2006-12-15,,,,,,,,,,,,,,,,,,,,,,,,,,,,,,,,,,,,,,
2238,2009-03-15,,,,,,,,,,,,,,,,,,,,1,,,,,,,,,,,,,,,,,,
2239,13-12-2015,1,,,,,,,,,,,,,,,,,,,,,,,,,,,,,,,,,,,,,
2239,2001-12-14,,,,,,,,,,,,,,,,,,,,1,,,,,,,,,,,,,,,,,,
2239,23-11-2014,,,,,,,,,,,,,,,,,,,,,1,,,,,,,,,,,,,,,,,
2240,18-05-2015,,,,,,,,,,,,,,1,,,,,,,,,,,,,,,,,,,,,,,,
2240,20-09-2015,,,,,,,1,,,,,,,,,,,,,,,,,,,,,,,,,,,,,,,
2240,2001-12-15,,,,,,,,,,1,,,,,,,,,,,,,,,,,,,,,,,,,,,,
2240,2002-10-14,,,,,,,,,,,,,1,,,,,,,,,,,,,,,,,,,,,,,,,
2240,2007-07-15,,,,,,,,,,,,,,,,,,,,,,,,,,,,,,,,,,,,,,
2241,17-02-2014,,,,,1,,,,,,,,,,,,,,,,,,,,,,,,,,,,,,,,,
2242,2001-12-14,,,,,,,,,,,,,,,,,,,,,,,,,,,,,,,,,,,,1,,
2242,2004-02-14,,,,,,,,,,1,,,,,,,,,,,,,,,,,,,,,,,,,,,,
2242,2005-06-15,1,,,,,,,1,,,,,,,,,,,,,,,,,,,,,,,,,,,,,,
2242,27-04-2014,,,,,,,,,,,,,,,,,,,1,,,,,,,,,,,,,,,,,,,
2244,2007-11-14,,1,,,,,,,,,,,,,,,,,,,,,,,,,,,,,,,,,,,,
2244,21-07-2014,,,,,,,,,,,,,,,,,,,,,,1,,,,,,,,,,,,,,,,
2244,28-01-2015,,,,,,,,,,,,,,,,,,,,,,,,,,,,,,,,,,,,,,
2244,29-03-2015,,,,,,1,,,,,,,,1,,,,,,,,,,,,,,,,,,,,,,,,
2245,15-05-2015,,,,,,,,,,,,,,,,,,,,,,,,,,,,,,,,,,,,,,
2246,29-08-2015,,1,,,,,,,,,,,,,,,,,,,,,,,,,,,,,,,,,,,,
2247,2011-08-14,,,,,,,,,,,,,,,,,,1,,,,,,,,,,,,,,,,,,,,
2247,31-05-2015,,,,,,1,,,,,,,,1,,,,,,,,,,,,,,,,,,,,,,,,
2248,17-03-2015,,,,,,,,1,,,,,,,,,,,,,,,,,,,,,,,,,,,,,,
2249,22-01-2015,,,1,,,,,,,,,,,,,,,,,,,,,,,,,,,,,,,,,,,
2249,29-05-2015,,,,,,,,,,,,,,,,,,,,,,,,,,,,1,,,,,,,,,,
2250,2004-10-15,,,,,,,,,,1,,,,1,,,,,,,,,,,,,,,,,,,,,,,,
2251,2006-02-14,,,,,,,,,,,,,,1,,,,,,,,,,,,,,,,,,,,,,,,
2251,2009-06-14,,,,,,,,,,,,,,,,,,,,,,,1,,,,,,,,,,,,,,,
2251,23-06-2015,,,,,,,,,,1,,,,1,,,,,,,,,,,,,,,,,,,,,,,,
2251,29-03-2015,,,,,,,,,,,,1,,,,,,,,,,,,,,,,,,,,,,,,,,
2252,17-12-2014,,,,,,,,,,,,,,,,,,,,,,,,,,,,,,,,,,,,,,
2252,2008-06-14,,,,,,,,,,,,,,,,,,,1,,,,,,,,,,,,,,,,,,,
2252,2008-10-15,1,,,,,,,,,1,,,,,,,,,,,,,,,,,,,,,,,,,,,,
2253,16-06-2015,,,,,,,,,,,1,,,,,,,,,,,,,,,,,,,,,,,,,,,
2253,16-12-2014,,,,,1,,,,,,,,,,,,,,,,,,,,,,,,,,,,,,,,,
2254,2002-03-14,,,,,,,,,1,,,,,,,,,,,,,,,,,,,,,,,,,,,,,
2254,21-01-2015,1,,,,,,,,,,,,,,,,,,,,,,,,,,,,,,,,,,,,,
2254,24-11-2014,,,,1,,,,,,,,,,,,,,,,,,,,,,,,,,,,,,,,,,
2255,18-12-2015,,,,,,,1,,,,,,,,,,,,,,,,,,,,,,,,,,,,,,,
2255,2001-05-15,,,1,,,,,,,,,,,,,,,,,,,,,,,,,,,,,,,,,,,
2256,21-08-2015,,,,,,,,,,,,,1,,,,,,,,,,,,,,,,,,,,,,,,,
2257,13-03-2015,,,,,,,,,,,,,,,,,,,,,,,1,,,,,,,,,,,,,,,
2257,15-05-2015,,,,,,,,,,,,,,,,,,,,,,,,,,,,,,,,,,,,,,
2257,27-06-2014,,,,,,,,,,,,1,,,,,,,,,,,,,,,,,,,,,,,,,,
2258,19-10-2014,,,,,,,,,,,,,,,,,,,,,,,,,,,,,,,,,,,,,,
2259,25-01-2014,,,,,,,,,,,,,,,,,,,,,,,,,,,,,,,,,,,,,,1
2260,2002-10-15,,,,,,,,,,,1,,,,,,,,,,,,,,,,,,,,,,,,,,,
2260,30-10-2015,,,,,,,,,,,,,,,,,,,,,1,,,,,,,,,,,,,,,,,
2261,18-06-2015,,,,,,,,,,,,,,,,,,,,,,,,,,,,,,,,,,,,,,
2261,2011-04-15,1,,,,,,,,,,,,,,,,,,,,,,,,,,,,,,,,,,,,,
2261,21-01-2014,,,1,,,,,,,,,,,,,,,,,,,,,,,,,,,,,,,,,,,
2261,25-07-2014,,,,,,,,,,,,,,1,,,,,,,,,,,,,,,,,,,,,,,,
2261,29-06-2015,,,,,,,,,,,,,,,,,,,,,,,,,,,,,,,,,,,,,,
2262,2004-10-15,,,1,,,1,,,,,,,,,,,,,,,,,,,,,,,,,,,,,,,,
2262,2010-09-14,1,,,,,,,,,,,,,,,,,,,,,,,,,,,,,,,,,,,,,
2264,17-10-2014,,,,,,1,,,,,,,,,,,,,,,,,,,,,,,,,,,,,,,,
2265,13-06-2015,,,,,,,,,,1,,,,,,,,,,,,,,,,,,,,,,,,,,,,
2265,25-09-2015,1,,,,,,,,,,,,,,,,,,,,,,,,,,,,,,,,,,,,,
2265,29-07-2015,,,,,,1,,,,,,,,,,,,,,,,,,,,,,,,,,,,,,,,
2266,30-08-2014,,,,,,1,,,,,,,,,,,,,,,,,,,,,,,,,,,,,,,,
2266,30-09-2015,,,,,,1,,,,,,,,,,,,,,,,,,,,,,,,,,,,,,,,
2267,2007-01-15,1,,,,,,,,,,,,,,,,,,,,,,,,,,,,,,,,,,,,,
2267,2010-06-14,,,,,,1,,,,,,,,,,,,,,,,,,,,,,,,,,,,,,,,
2267,2011-11-15,,,,,,,,,,,,,,,,,,,,,,,,,,,,,,,1,,,,,,,
2267,30-01-2015,,1,,,,,,,,,,,,,,,,,,,,,,,,,,,,,,,,,,,,
2269,20-09-2015,,,,,,,,,,,,,,,,,,,,,,,,,,,1,,,,,,,,,,,
2269,2005-01-14,,,,,,,,,,,,1,,,,,,,,,,,,,,,,,,,,,,,,,,
2270,18-12-2014,,,1,,,,,,,,,,,,,,,,,,,,,,,,,,,,,,,,,,,
2270,2001-07-15,1,,,,,,,,,,,,,,,,,,,,,,,,,,,,,,,,,,,,,
2270,2004-02-15,,,1,,,,,,,,,,,,,,,,,,,,,,,,,,,,,,,,,,,
2270,2009-06-15,1,,,,,,,,,,,,1,,,,,,,,,,,,,,,,,,,,,,,,,
2270,2011-08-15,1,,,,,,,,,,,,,,,,,,,,,,,,,,,,,,,,,,,,,
2270,30-09-2015,,,,,,,,,,,,,,,,,,,,,,,,,,,1,,,,,,,,,,,
2271,20-11-2015,1,,,,,,,,,,,,,,,,,,,,,,,,,,,,,,,,,,,,,
2271,2002-01-15,,,,,,,,1,,,,,,,,,,,,,,,,,,,,,,,,,,,,,,
2271,2003-02-14,,,,,1,,,,,,,,,,,,,,,,,,,,,,,,,,,,,,,,,
2271,2004-08-15,1,,,,,1,,1,,,,,,,,,,,,,,,,,,,,,,,,,,,,,,
2271,2007-08-14,,,,,1,,,,,,,,,,,,,,,,,,,,,,,,,,,,,,,,,
2271,25-06-2014,,,,,,,,,,,,,,,,,,,,,,,,,,,,,,,,,,,,,,
2272,16-05-2015,,,,,,,,1,,,,,,,,,,,,,,,,,,,,,,,,,,,,,,
2272,2005-06-14,1,,,,,,,,,,,,,,,,,,,,,,,,,,,,,,,,,,,,,
2272,31-01-2015,,,,,,,,,,,,,,,,,,,,,,,,,,,,,,1,,,,,,,,
2273,13-11-2014,,,,,,,,,,,1,,,,,,,,,,,,,,,,,,,,,,,,,,,
2273,14-08-2014,,,1,,,,,,,,,,,,,,,,,,,,,,,,,,,,,,,,,,,
2273,21-10-2015,,,1,,,,,,,,,,,,,,,,,,,,,,,,,,,,,,,,,,,
2273,26-10-2015,,,,,,,,,,,,,,,,,,,,,,,,,,,,,,,,,,,,,,
2273,27-11-2015,,,,,,,,,,,,1,,,,,,,,,,,,,,,,,,,,,,,,,,
2274,2004-12-14,,,,,,,,,,1,,,,,,,,,,,,,,,,,,,,,,,,,,,,
2274,2005-01-15,,,,,,,,,,,,,,1,,,,,,,,,,,,,,,,,,,,,,,,
2274,2011-04-14,,1,,,,,,,,,,,,,,,,,,,,,,,,,,,,,,,,,,,,
2274,22-02-2014,,,,,,,,,,,,,,,,,,,,,,,1,,,,,,,,,,,,,,,
2275,19-05-2015,,,,,,,,,,,,,,,,,,,,,,,1,,,,,,,,,,,,,,,
2275,2002-08-15,,,,,,,,,,,,,,,,,,,1,,,,,,,,,,,,,,,,,,,
2276,2011-01-15,,,,,,,,,,,,,,,,,,,,,,,,,,,,,,,,,,,,,,
2276,25-07-2014,,,,,,,,,1,,,,,,,,,,,,,,,,,,,,,,,,,,,,,
2277,13-03-2014,,,,,,1,,,,,,,,,,,,,,,,,,,,,,,,,,,,,,,,
2277,18-01-2015,,,,,,,,,,,,,,,,,,,,,,,,,,,,,,,,,,,,,,
2277,24-07-2014,,,,,,,,,,,,,,,,,,,,1,,,,,,,,,,,,,,,,,,
2278,2010-08-15,,,,,,,,,,,,,,,,,,,,,,,,,,,,,,,,1,,,,,,
2279,2003-01-14,,,,,,,,,,,,,,,,,,,,,,,,,,,,1,,,,,,,,,,
2279,2011-04-14,,,,,,,,,,,,,,,1,,,,,,,,,,,,,,,,,,,,,,,
2279,25-11-2014,,,,,,,,,,,1,,,,,,,,,,,,,,,,,,,,,,,,,,,
2280,2011-01-15,,,1,,,,,,,,,,,,,,,,,,,,,,,,,,,,,,,,,,,
2281,27-10-2015,,1,,,,,,,,,,,,,,,,,,,,,,,,,,,,,,,,,,,,
2282,2011-05-15,,,,,,,,,,,,,,1,,,,,,,,,,,,,,,,,,,,,,,,
2283,18-01-2015,,,,,1,,,,,,,,,,,,,,,,,,,,,,,,,,,,,,,,,
2283,22-11-2014,,,,,,,,,,,,,,1,,,,,,,,,,,,,,,,,,,,,,,,
2284,18-03-2015,,,,,,,,,,,,,,,,,,,,,,,1,,,,,,,,,,,,,,,
2284,2006-01-14,,,1,,,,,,,,,,,,,,,,,,,,,,,,,,,,,,,,,,,
2284,24-03-2014,,,,,,,,,,,1,,,,,,,,,,,,,,,,,,,,,,,,,,,
2285,2006-07-14,,,,,,,,,,,,,1,,,,,,,,,,,,,,,,,,,,,,,,,
2286,2004-12-15,,,,,,,,,,,,,,1,,,,,,,,,,,,,,,,,,,,,,,,
2287,23-09-2015,,,,,,,,,,,,,,,,,,,1,,,,,,,,,,,,,,,,,,,
2288,2005-12-14,1,,,,,,,,,,,,,,,,,,,,,,,,,,,,,,,,,,,,,
2288,31-05-2015,,,,,,,,,,,,,,,,,,,,,,1,,,,,,,,,,,,,,,,
2289,17-08-2014,,,,,,,,,,,,,,,,,,,,,,,,,,,,,,,,,,,,,,
2289,2003-07-14,,,,,,,,,,1,,,,,,,,,,,,,,,,,,,,,,,,,,,,
2289,2004-11-15,,,,,,,,,,,1,,,,,,,,,,,,,,,,,,,,,,,,,,,
2289,2005-02-14,,,,,,,,,,,,,,,,,,,,,,,,,,,1,,,,,,,,,,,
2289,2006-09-15,,,,,,,,,,,,,,,,,,,,,,,,,,,,,1,,,,,,,,,
2290,2010-09-15,,,,,,1,,,,,,,,,,,,,,,,,,,,,,,,,,,,,,,,
2290,2012-01-15,1,,,,,,,,,,,,,,,,,,,,,,,,,,,,,,,,,,,,,
2290,23-12-2014,,,,,,,,,,,,,,,,,,,,,,,,,,,,,1,,,,,,,,,
2291,14-08-2014,,,,,,,1,,,,,,,,,,,,,,,,,,,,,,,,,,,,,,,
2291,29-09-2014,1,,,,,,,,,,,,,,,,,,,,,,,,,,,,,,,,,,,,,
2293,14-04-2014,,,,,,,,,,,,,,,,,,,,,,,,,,,,,,,,,,,,,,
2293,19-12-2015,,,1,,,,,,,,,,,,,,,,,,,,,,,,,,,,,,,,,,,
2293,2008-05-15,,,,,,,,1,,,,,,,,,,,,,,,,,,,,,,,,,,,,,,
2293,24-06-2015,,,,,,,,1,,,,,,,,,,,,,,,,,,,,,,,,,,,,,,
2293,26-08-2014,,,,,,,,,,,,,,,,,,,,,,,,,,,,,,,,1,,,,,,
2293,31-03-2014,,,,,,1,,,,,,,,,,,,,,,,,,,,,,,,,,,,,,,,
2294,2004-07-14,,,,,,,1,,,,,,,,,,,,,,,,,,,,,,,,,,,,,,,
2294,2010-05-15,,,,,,,1,1,,,,,,,,,,,,,,,,,,,,,,,,,,,,,,
2294,25-09-2014,1,,,,,,,,,,,,,,,,,,,,,,,,,,,,,,,,,,,,,
2294,26-07-2015,,,,,,,,,,,,,,1,,,,,,,,,,,,,,,,,,,,1,,,,
2294,31-08-2015,,,,,1,,,,,,,,,,,,,,,,,,,,,,,,,,,,,,,,,
2295,13-06-2014,,,,,,,,1,,,,,,,,,,,,,,,,,,,,,,,,,,,,,,
2295,21-03-2015,,,,,,,,1,,,,,,,,,,,,,,,,,,,,,,,,,,,,,,
2295,25-02-2015,,,,,,,,1,,,,,,,,,,,1,,,,,,,,,,,,,,,,,,,
2297,2001-03-15,,,,,,,,,,,,,,,,,,,,,,,,,,,,,1,,,,,,,,,
2298,15-04-2014,,,,,,,,,,,,,,,,,,,,,,,,,,,,,,,,,,,,,,
2298,16-08-2015,,,,,1,,,,,,,,,,,,,,,,,,,,,,,,,,,,,,,,,
2298,2002-10-14,,,,,1,,,,,,,,,,,,,,,,,,,,,,,,,,,,,,,,,
2298,2006-10-15,,1,,,,,,,,,,,,,,,,,,,,,,,,,,,,,,,,,,,,
2298,2012-04-14,,,,,,,,,,,,,,,,,,,,,1,,,,,,,,,,,,,,,,,
2298,28-08-2014,,,,,1,,,,,,,,,,,,,,,,,,,,,,,,,,,,,,,,,
2299,2004-04-14,,,,,,,,,,1,,,,,,,,,,,,,,,,,,,,,,,,,,,,
2299,2004-08-14,,,,,,,,,,,,,,,,,,,1,,,,,,,,,,,,,,,,,,,
2300,16-03-2014,,,,,,,,,,,,,,,,,,,,,,,1,,,,,,,,,,,,,,,
2300,19-09-2015,,,,,,,1,,,,,,,,,,,,,,,,,,,,,,,,,,,,,,,
2300,28-04-2015,,,,,,,,,,,,,,,,,,,,,,,,,,,,,,,,,,,,,,
2301,23-04-2014,,,,,,,,,,,,,,,,,,,1,,,,,,,,,,,,,,,,,,,
2302,29-01-2014,,,,,,1,,,,,,,,,,,,,,,,,,,,,,,,,,,,,,,,
2303,2012-06-14,,1,,,,,,,,,,,,,,,,,,,,,,,,,,,,,,,,,,,,
2304,2001-07-15,,,,,,,,,,,1,,,,,,,,,,,,,,,,,,,,,,,,,,,
2305,18-10-2014,,,1,,,,,,,,,,,,,,,,,,,,,,,,,,,,,,,,,,,
2305,28-09-2015,,,,,,,,,,,,,,,,,,,,,,1,,,,,,,,,,,,,,,,
2306,13-12-2014,1,,,,,,,,,,,,,,,,,,,,,,,,,,,,,,,,,,,,,
2306,2009-10-15,,,,,,,,1,,,,,,,,,,,,,,,,,,,,,,,,,,,,,,
2306,26-02-2014,,,1,,,,,,,,,,,,,,,,,,,,,,,,,,,,,,,,,,,
2307,2012-03-15,1,,,,,,,,,,,,,,,,,,,,,,,,,,,,,,,,,,,,,
2308,13-04-2014,,,,,,,,,,,,,,,,,,,1,,,,,,,,,,,,,,,,,,,
2309,17-04-2014,1,,,,,,,,,,,,,,,,,,,,,,,,,,,,,,,,,,,,,
2309,23-03-2015,,,,,,,,,,,,,,1,,,,,,,,,,,,,,,,,,,,,,,,
2309,29-12-2015,1,,,,,,,,,,,,,,,,,,,,,,,,,,,,,,,,,,,,,
2309,31-10-2014,,,,,,,,,,1,,,,,,,,,,,,,,,,,,,,,,,,,,,,
2310,24-03-2015,,,,,,,,,,,,,,,,,,,,,,,,,1,,1,1,,,,,,,,,,
2310,31-10-2014,,,,,1,,,,,,,,,,,,,,,,,,,,,,,,,,,,,,,,,
2311,13-03-2014,,,,,,,,,,,,,,1,,,,,,,,,,,,,,,,,,,,,,,,
2311,2001-02-14,,,,,,,,,,,,,1,,,,,,,,,,,,,,,,,,,,,,,,,
2311,2001-11-15,,,,,,,,,,,,,,,,,,,,,,,,,,,,,,,,,,,,,,
2311,2006-06-15,,,,,,,,,,,1,,,,,,,,,,,,,,,,,,,,,,,,,,,
2311,26-10-2014,,,,,,,,,,,,,,,,,,,,,,,,,,,,,,,,,,,,,,
2311,30-06-2015,,,,,,,,,,,,,,,,,,,,,,,,,,,,,,,,,,1,,,,
2312,14-02-2014,,,,,,,1,,,,,,,,,,,,,,,,,,,,,,,,,,,,,,,
2312,15-05-2015,,,,,,1,,,,,,,,,,,,,,,,,,,,,,,,,,,,,,,,
2312,25-02-2014,,,,,,1,,,,,,,,,,,,,,,,,,,,,,,,,,,,,,,,
2313,18-02-2015,,,,,,,,,,,,,,,,,,,,,,,,,,,1,,,,,,,,,,,
2313,2002-05-14,,,,,,1,,,,,,,,,,,,,,,,,,,,,,,,,,,,,,,,
2314,2006-09-15,,,,,,,,,,,,,,1,,,,,,,,,,,,,,,,,,,,,,,,
2314,2009-02-14,1,,,,,,,,,,,,,,,,,,,,,,,,,,,,,,,,,,,,,
2314,25-11-2015,,,,,,,,,,,,,,,,,,,,,,,1,,,,,,,,,,,,,,,
2314,28-07-2014,,,,,,,,,1,,,,,,,,,,,,,,,,,,,,,,,,,,,,,
2315,15-09-2015,,,,,,,,1,,,,,,,,,,,,,,,,,,,,,,,,,,,,,,
2315,17-12-2015,,,,,,,,,,1,,,,,,,,,,,,,,,,,,,,,,,,,,,,
2315,2003-06-14,,,,,,,,,,,,1,,,,,,,,,,,,,,,,,,,,,,,,,,
2315,27-10-2014,,,,,,,,,,,,,,,,,,,,,,,,,,,,,,,,,,,,,1,
2318,16-01-2015,,,,,,1,,,,,,,,,,,,,,,,,,,,,,,,,,,,,,,,
2319,2005-11-14,,1,,,,,,,,,,,,,,,,,,,,,,,,,,,,,,,,,,,,
2319,2010-05-15,1,,,,,,,,,,,,,,,,,,,,,,,,,,,,,,,,,,,,,
2320,22-04-2014,,,1,,,,,,,,,,,,,,,,,,,,,,,,,,,,,,,,,,,
2320,25-03-2014,,,,,,,,,,,,,,,,,,,1,,,,,,,,,,,,,,,,,,,
2321,16-06-2015,,,1,,,,,,,,,,,,,,,,,,,,,,,,,,,,,,,,,,,
2321,2008-04-15,,,,,,,,,,,,,,,,,,,,,,,,,,,,,,,,,,,,,,
2321,26-01-2015,,,,,,,,,1,,,,,,,,,,,,,,,,,,,,,,,,,,,,,
2323,27-12-2014,1,,,,,,,,,,,,,,,,,,,,,,,,,,,,,,,,,,,,,
2324,15-04-2014,,,,,,,,,,,,,,,,,,,,,,,,,,,,,,1,,,,,,,,
2324,18-08-2015,,,,,,,,,,1,,,,,,,,,,,,,,,,,,,,,,,,,,,,
2325,16-04-2015,,,,,,,1,,,,,,,,,,,,,,,,,,,,,,,,,,,,,,,
2325,2006-11-14,,,,,,,,,,,,,1,,,,,,,,,,,,,,,,,,,,,,,,,
2325,27-02-2014,,,,,,,,,,,,,,,,,,1,,,,,,,,,,,,,,,,,,,,
2326,13-11-2015,,,,,,,,,,,,,,,,,,,,,,,1,,,,,,,,,,,,,,,
2326,16-07-2015,,,,,,,,,,,,,,1,,,,,,,,,,,,,,,,,,,,,,,,
2326,29-11-2015,,,,,,,,,,,,,,,,,,,,,,,1,,,,,,,,,,,,,,,
2327,2004-08-15,,,,,,,,,,,,,,,,,,,,,,,1,,,,,,,,,,,,,,,
2327,2006-07-15,,,,,,,,,,1,,,,,,,,,,,,,,,,,,,,,,,,,,,,
2328,22-02-2015,,1,,,,,,,,,,,,,,,,,,,,,,,,,,,,,,,,,,,,
2329,15-07-2015,,,,,,,,,,,,,1,,,,,,,,,,,,,,,,,,,,,,,,,
2329,28-05-2014,,,,,,,,,,,,,,,,,,,,,,,,,,,,,,1,,,,,,,,
2330,2005-11-14,,,,,,,,,,,,,,,,,,,,,,,,,,,,,,,,,,,,,,
2331,15-02-2015,,,,,,,,,,,,,,,,,,,,,,,,,,,,,,,,,,,,,,
2331,2005-06-15,,,,,,,,,,,,,,1,,,,,,,,,,,,,,,,,,,,,,,,
2331,28-12-2014,,,,,,,,1,,,,,,,,,,,,,,,,,,,,,,,,,,,,,,
2332,14-05-2014,,,,,,,,,,,,,,1,,,,,,,,,,,,,,,,,,,,,,,,
2332,15-12-2015,,,1,,,,,,,,,,,,,,,,,,,,,,,,,,,,,,,,,,,
2334,2002-03-14,,,,,1,,,,,,,,,,,,,,,,,,,,,,,,,,,,,,,,,
2335,13-01-2015,1,,,,,,,,,,,,,,,,,,,,,,,,,,,,,,,,,,,,,
2335,23-07-2015,,,,,,,,,,,,,,,,,,,,,,,,,,,,,,,,,,,,,,
2336,2007-10-15,,,,,,1,,,,,,,,,,,,,,,,,,,,,,,,,,,,,,,,
2336,31-05-2014,,,,,,1,,,,,,,,,,,,,,,,,,,,,,,,,,,,,,,,
2337,15-08-2015,,,,,,,,,,,,1,,,,,,,,,,,,,,,,,,,,,,,,,,
2337,2003-04-14,,,1,,,,,,,,,,,,,,,,,,,,,,,,,,,,,,,,,,,
2337,2010-05-15,,,,,,,,,,,,,,1,,,,,,,,,,,,,,,,,,,,,,,,
2337,25-02-2014,,,,,1,,,,,,,,,,,,,,,,,,,,,,,,,,,,,,,,,
2338,2011-03-14,,,,,,,,,,,,,,,,,,,,,,,,,,,,,,,,,,,1,,,
2338,22-09-2014,,,,,,1,,,,,,,,,,,,,,,,,,,,,,,,,,,,,,,,
2339,26-03-2014,1,,,,,,,,,,,,,,,,,,,,,,,,,,,,,,,,,,,,,
2339,28-01-2014,,,,,,,,,,,1,,,,,,,,,,,,,,,,,,,,,,,,,,,
2339,28-03-2014,,,,,,,,,,,,,,,,,,,,,,,,,,,,,1,,,,,,,,,
2340,2002-03-15,,,,,,1,,,,,,,,,,,,,,,,,,,,,,,,,,,,,,,,
2340,2008-04-14,1,,,,,,,,,,,,,,,,,,,,,,,,,,,,,,,,,,,,,
2340,2010-10-15,,,,,,,1,,,,,,,,,,,,,,,,,,,,,,,,,,,,,,,
2340,2012-07-15,,,,,,,,,,,,,,,,,,,,,,,,,,,,,,,,,,,,,,
2340,28-11-2015,,,,1,,,,,,,,,,,,,,,,,,,,,,,,,,,,,,,,,,
2341,23-01-2014,,,,,1,,,,,,,,,,,,,,,,,,,,,,,,,,,,,,,,,
2342,19-12-2014,,,,,1,,,,,,,,,,,,,,,,,,,,,,,,,,,,,,,,,
2343,2002-11-14,1,,,,,,,,,,,,,,,,,,,,,,,,,,,,,,,,,,,,,
2343,2006-04-14,,,,,,,,,,,,,,,,1,,,,,,,,,,,,,,,,,,,,,,
2343,30-05-2015,,,,,,,,,,,,,,,,,,,,,,,,,,,,,,,,,,,,,,
2344,14-04-2015,,,,,,,1,,,,,,,,,,,,,,,,,,,,,,,,,,,,,,,
2344,17-12-2015,,,,,,,,,,,,,,,,,,,,,,,,,,1,,,,,,,,,,,,
2344,22-02-2014,,,,,,,,1,,,,,,,,,,,,,,,,,,,,,,,,,,,,,,
2345,2009-06-14,,,,,,,,,1,,,,,,,,,,,,,,,,,,,,,,,,,,,,,
2345,30-11-2014,,,,,,1,,,,,,,,,,,,,,,,,,,,,,,,,,,,,,,,
2346,17-09-2015,,,,,,,,,,1,,,,,,,,,,,,,,,,,,,,,,,,,,,,
2346,24-04-2015,,,1,,,,,,,,,,,,,,,,,,,,,,,,,,,,,,,,,,,
2347,15-01-2014,,,,,,,,,,,,,,,,,,,,,,,,,,,,,,,,,,,,,,
2347,27-01-2015,,,,,,,,,,,,,,,,,,,,,,,,,,,,,,,,,,,,,,
2348,2001-11-15,1,,,,,,,,,,,,,,,,,,,,,,,,,,,,,,,,,,,,,
2348,2008-09-15,,,,,,,,,,,,,,,,,,,,,,,,,,,,,,,,,,,1,,,
2348,2011-12-15,,,,,,,,,,,,,,,,,,,,,1,,,,,,,,,,,,,,,,,
2348,22-11-2014,,,,,,,,,,,,,1,,,,,,,,,,,,,,,,,,,,,,,,,
2348,28-02-2015,,,1,,,,,,,,,,,1,,,,,,,,,,,,,,,,,,,,,,,,
2349,17-07-2015,,,,,,,,,,,,,,,,,,,,,,,,,,1,,,,,,,,,,,,
2349,26-02-2015,,,,,,,,,,,,,,,,,,,,,,,,,,,,,,,,,,,,,,
2349,28-05-2014,,,,,,,,,,,,,,,,,,,1,,,,,,,,,,,,,,,,,,,
2350,2003-04-14,,,,,,1,,,,,,,,,,,,,,,,,,,,,,,,,,,,,,,,
2350,30-05-2014,,,,,,,,1,,,,,,,,,,,,,,,,,,,,,,,,,,,,,,
2351,2006-01-15,,,,,,,1,,,,,,,,,,,,,,,,,,,,,,,,,,,,,,,
2352,2005-05-15,,,,,,,,,,,,,,,,,,,,,,,,,,,,,,,,,,,,,,
2352,27-03-2014,,,1,,,,,,,,,,,,,,,,,,,,,,,,,,,,,,,,,,,
2352,31-01-2015,,,,,,,,,,,,,,,,,,,,,,,,,1,,,,,,,,,,,,,
2353,14-11-2014,,,,,,1,,,,,,,,,,,,,,,,,,,,,,,,,,,,,,,,
2353,18-01-2014,,,,,,,,,,,,,,,,,,,,,,,,,,,,,,,,,,,,,,
2353,2002-05-15,,,,,,,,,,,,,,,,,,,,,,,,,,,,,,,,,,,,,,
2355,19-02-2014,,,,,,,,1,,,,,,,,,,,,,,,,,,,,,,,,,,,,,,
2355,24-07-2015,,,1,,,,,,,,,,,,,,,,,,,,,,,,,,,,,,,,,,,
2356,15-06-2015,,1,,,,,,,,,,,,,,,,,,,,,,,,,,,,,,,,,,,,
2356,2002-02-15,,,,,,,1,,,,,1,,,,,,,,,,,,,,,,,,,,,,,,,,
2356,21-04-2014,,,,,,,,,,1,,,,,,,,,,,,,,,,,,,,,,,,,,,,
2356,31-01-2015,,,,,,,,,,1,,,,,,,,,,,,,,,,,,,,,,,,,,,,
2356,31-08-2015,,,,,,,,,,,,,,1,,,,,,,,,,,,,,,,,,,,,,,,
2357,15-08-2014,,,1,,,,,,,,,,,,,,,,,,,,,,,,,,,,,,,,,,,
2357,2005-06-14,,,,,,,1,,,,,,,,,,,,,,,,,,,,,,,,,,,,,,,
2357,2008-07-15,,,,,,,,,,,,,,,,,,,,,,,,,,,,,,,,,,,,,,
2358,26-06-2014,,,,,1,,,,,,,,,,,,,,,,,,,,,,,,,,,,,,,,,
2359,2005-07-14,1,,,,,,,,,,,,,,,,,,,,,,,,,,,,,,,,,,,,,
2359,2009-04-15,,,,,,1,,,,,,,,,,,,,,,,,,,,,,,,,,,,,,,,
2359,21-04-2015,1,,,,,,,,,,,,1,,,,,,,,,,,,,,,,,,,,,,,,,
2359,26-09-2014,,,,,,,,,,,,,,,,,,,,,,,,,,,,,,,,,,,,,,
2360,18-02-2015,,,,,,,,1,,,,,,,,,,,,,,,,,,,,,,,,,,,,,,
2360,2009-07-14,,,,,,,,1,,,,,,,,,,,,,,,,,,,,,,,,,,,,,,
2361,2003-10-15,,,,,,,,,,,,,,,,,,,,,,,,,,,,,,,,,,,,,,
2361,27-02-2015,,,,,,,,,,,,,,1,,,,,,,,,,,,,,,,,,,,,,,,
2362,17-08-2014,,,,,,,,,,,,,,,,,,,,,,,,,,,,,,1,,,,,,,,
2362,23-11-2015,,,,,,,,,,,,,,,,,,,,,,,,1,,,,,,,,,,,,,,
2362,27-10-2014,,,,,,,,1,,,,,,,,,,,,,,,,,,,,,,,,,,,,,,
2363,2003-12-14,,,,,,,,,,,,,,,,1,,,,,,,,,,,,,,,,,,,,,,
2363,22-05-2015,,1,,,,,,,,,,,,,,,,,,,,,,,,,,,,,,,,,,,,
2363,25-10-2015,,,,,,,,,,,,1,,,,,,,,,,,,,,,,,,,,,,,,,,
2364,2008-09-15,,,,,,,,,,1,,,,,,,,,,,,,,,,,,,,,,,,,,,,
2364,2011-05-15,,,,,,,,1,,,,,,,,,,,,,,,,,,,,,,,,,,,,,,
2364,21-06-2015,1,,,,1,,,,,,,,,,,,,,,,,,,,,,,,,,,,,,,,,
2364,23-07-2014,,,,,,,1,,,,,,,,,,,,,,,,,,,,,,,,,,,,,,,
2365,14-08-2014,,,,,,,,1,,,,,,,,,,,,,,,,,,,,,,,,,,,,,,
2365,2011-06-15,,,,,,,,,,,,,,,,,,,,,,,,,,,,,,,,,,,,,,
2365,21-06-2015,,,,,,,,,,,,,,,,,,,,,,,1,,,,,,,,,,,,,,,
2366,18-01-2015,,,,,,,1,,,,,,,,,,,,,,,,,,,,,,,,,,,,,,,
2368,2011-11-15,1,,,,,1,,,,,,,,,,,,,,,,1,,,,,,,,,,,,,,,,
2369,17-10-2015,,,,,,,,,,,,1,,,,,,,,,,,,,,,,,,,,,,,,,,
2369,23-07-2014,,,1,,,,,,,,,,,,,,,,,,,,,,,,,,,,,,,,,,,
2370,14-01-2015,,,,,1,,,,,,,,,,,,,,,,,,,,,,,,,,,,,,,,,
2370,18-07-2015,,,,,,,,,,,,,,,,,,,,,,,,1,,,,,,,,,,,,,,
2370,2006-05-15,,,,,,,,,,,,,,,,,,,,1,,,,,,,,,,,,,,,,,,
2370,2012-09-15,1,,,,,,,,,,,,,,,,,,,,,,,,,,,,,,,,,,,,,
2370,28-08-2015,,,1,,,,,,,,,,,,,,,,,,,,,,,,,,,,,,,,,,,
2372,2003-09-15,,,,,,1,,,,,,,,,,,,,,,,,,,,,,,,,,,,,,,,
2372,2010-10-14,,,,,,,,,,,,,,,,,,,,,,,,,,,,,,,,,,,,,,
2373,22-08-2014,,,,,,,,,,,,,,,,,,,,,,,,,,,,,,,,,,,1,,,
2375,18-08-2014,1,,,,,,,,,,,,,,,,,,,,,,,,,,,,,,,,,,,,,
2375,2003-09-15,1,,,,,,,,,,,,,,,,,,,,,,,,,,,,,,,,,,,,,
2375,2009-12-15,,,,,,,,,,,,,,,,,,,,,,,1,,,,,,,,,,,,,,,
2375,25-03-2014,,,,,,,,,,,,,,,,,,,,,,,,,,,,,,,,,,,,,,
2375,31-03-2014,,,,,,,,,,,,,,,,,,,,,,,,,,,1,,,,,,,,,,,
2376,15-06-2014,,,,,,,,,,,,,,,,,,,,,,,,1,,,,,,,,,,,,,,
2376,2008-11-14,,,,,,,,1,,,,,,,,,,,,,,,,,,,,,,,,,,,,,,
2376,28-05-2015,,,,,,,,,,,,,,,,,,,,,,,,,,,,,,,,,,,,,,
2378,15-04-2015,,,,,,,,,1,,,,,,,,,,,,,,,,,,,,,,,,,,,,,
2379,19-09-2015,,,,,,,,,,,,,,,,,,,,,,,,,,,,,,,,,,,,,,
2379,2011-08-15,,,,,,,,,,,,1,,,,,,,,,,,,,,,,,,,,,,,,,,
2380,2001-06-15,,,,,,,,,,,,,,,,,,,,,,,1,,,,,,,,,,,,,,,
2380,2005-04-14,,,,,,,,,,,,,,,,,,,,,,,,1,,,,,,,,,,,,,,
2380,2007-01-15,,,,,,,,,,,,,,,,,,,,,,,,,,,,,,,,,,,,,,
2380,2009-10-15,,,,,,,,,,,,1,,,,,,,,,,,,,,,,,,,,,,,,,,
2380,2012-02-15,,,,,,1,,,,,1,,,,,,,,,,,,,,,,,,,,,,,,,,,
2380,21-05-2014,,,,,,,,,,,,,,,,,,,,,,,,,,,,1,,,,,,,,,,
2381,13-01-2015,,,,,,,,,,,,,,,,,,,,,,,,,,,,,,,,,,,,,,
2381,17-05-2015,,,,,,,,,,,,,,,,,,,,,,1,,,,,,,,,,,,,,,,
2381,2001-04-15,,,,,,,,,,,,1,,,,,,,,,,,,,,,,,,,,,,,,,,
2381,2007-05-14,1,,,,,,,,,,,,,,,,,,,,,,,,,,,,,,,,,,,,,
2381,27-04-2014,,,,,,,1,,,,,,,,,,,,,,,,,,,,,,,,,,,,,,,
2383,13-01-2014,,,,,,,,,,,,,,,,,,,,,,,1,,,,,,,,,,,,,,,
2383,18-09-2014,,,,,1,,,,,,,,,,,,,,,,,,,,,,,,,,,,,,,,,
2383,2002-01-15,,,1,,,,,,,,,,,,,,,,,,,,,,,,,,,,,,,,,,,
2383,2005-10-15,,,,,,,,,,,,,,,,,,,,,,,,,,,,,,,,,,,,,,
2383,25-05-2014,,1,,,,,,,,,,,,,,,,,,,,,,,,,,,,,,,,,,,,
2384,14-01-2014,,,,,,,,,,,,,,,,,,,,,,,,,,,,,,,1,,,,,,,
2384,2002-01-15,,,,,,,,,,1,,,,,,,,,,,,,,,,,,,,,,,,,,,,
2386,2003-01-15,,,,,,,,,,,,,,,,,,,,,,,,,,,,,,,,,,,1,,,
2386,2004-10-15,,,,,,,,,,,,,,,,,,,,,,,1,,,,,,,,,,,,,,,
2386,30-01-2015,,,,,,,,,,1,,,,,,,,,,,,,,,,,,,,,,,,,,,,
2388,20-02-2014,,,,,,,,,,,,,,,,,,,,,,,1,,,,,,,,,,,,,,,
2389,13-11-2015,,,,,,,,,,,,,,,,,,,,,,,,,,,,,,,,,,,,,,
2389,2004-06-15,,,,,,,,,,,,,,,1,,,,,,,,,,,,,,,,,,,,,,,
2389,2006-06-14,,,,,,,,,,,1,,,,,,,,,,,,,,,,,,,,,,,,,,,
2390,18-01-2014,,,,,,1,,,,,,,,,,,,,,,,,,,,,,,,,,,,,,,,
2390,21-08-2015,,,,,,,,,,,,,,1,,,,,,,,,,,,,,,,,,,,,,,,
2390,22-10-2014,,,,,,,,,,,,,,1,,,,,,,,,,,,,,,,,,,,,,,,
2390,26-08-2014,,,,,,1,,,,,,,,,,,,,,,,,,,,,,,,,,,,,,,,
2390,28-11-2014,,,,,,,,1,,,,,,,,,,,,,,,,,,,,,,,,,,,,,,
2391,18-01-2014,,,,,,,,,,,,,,1,,,,,,,,,,,,,,,,,,,,,,,,
2391,2001-11-14,1,,,,,,,,,,,,,,,,,,,,,,,,,,,,,,,,,,,,,
2391,2003-01-15,,,,,,,1,,,,,,,,,,,,,,,,,,,,,,,,,,,,,,,
2391,22-06-2015,,,,,,,,,,,,,,1,,,,,,,,,,,,,,,,,,,,,,,,
2391,27-06-2015,,,,,,,,,,,,,,,,,,,,,,,,,,,,,,,,,,,,,,
2392,15-12-2015,,,,,,,,,,,,,,,,,,,,,,,,,,,,,,,,,,,,,,
2392,23-03-2015,,,,,,1,,,,,,,,,,,,,,,,,,,,,,,,,,,,,,,,
2393,17-04-2015,,,1,,,,,,,,,,,,,,,,1,,,,,,,,,,,,,,,,,,,
2393,22-03-2014,,,,,,,,,,,,,,,,,,,,,,,,,,,,,,,,,,,,,,
2394,17-02-2015,,,,,,,,,,,,,,,,,,,,,,,,,,,,,,,,,,,,,,
2394,18-06-2014,,,,1,,,,,,,,,,,,,,,,,,,,,,,,,,,,,,,,,,
2394,18-10-2014,,,,,,,,,,,,,,,,,,,,,,,,,,,,,,,,,,,,,,
2394,2005-06-14,1,,,,,,,,,,,,,,,,,,,,,,,,,,,,,,,,,,,,,
2394,22-11-2015,,,,1,,,,,,,,,,,,,,,,,,,,,,,,,,,,,,,,,,
2394,30-08-2015,,,,,,,,1,,,,1,,,,,,,,,,,,,1,,,,,,,,,,,,,
2395,17-11-2014,,,,,,,,,,,,,,,,,,,,,,,,,,,1,,,,,,,,,,,
2396,19-08-2014,1,,,,,,,,,,,,,,,,,,,,,,,,,,,,,,,,,,,,,
2396,2010-05-14,,,,,,,1,,,,,,,,,,,,,,,,,,,,,,,,,,,,,,,
2397,2004-10-15,,,,,,,,,,,,,,,,,,,,,,,,,,,,,,,,,,,1,,,
2398,18-06-2014,,,,,,,,,,,,,,,,,,,,,,,,,1,,,,,,,,,,,,,
2398,2008-01-15,,,1,,,,,,,,,,,,,,,,,,,,,,,,,,,,,,,,,,,
2398,23-07-2014,,,,,,,,,,,,,,,,,,,1,,,,,,,,,,,,,,,,,,,
2399,18-08-2014,,,,,,,,,1,,,,,,,,,,,,,,,,,,,,,,,,,,,,,
2399,2001-08-14,,,,,,,,,,,,,,1,,,,,,,,,,,,,,,,,,,,,,,,
2399,21-01-2015,,,,,,,,,,,,,1,,,,,,,,,,,,,,,,,,,,,,,,,
2400,2006-02-15,1,,,,,,,,,,,,,,,,,,,,,,,,,1,,,,,,,,,,,,
2400,26-08-2014,,,,,,,,,,,,,,,,1,,,,,,,,,,,,,,,,,,,,,,
2401,15-01-2015,1,,,,,,,,,,,,,,,,,,,,,,,,,,,,,,,,,,,,,
2401,19-12-2015,,,,,1,,,,,,,,,,,,,,,,,,,,,,,,,,,,,,,,,
2401,2011-05-14,,,,,,,,,,,,,,,,,,,1,,,,,,,,,,,,,,,,,,,
2401,25-06-2014,,,,,,,,,,,,1,,,,,,,,,,,,,,,,,,,,,,,,,,
2401,28-02-2014,,,,,,1,,,,,,,,,,,,,,,,,,,,,,,,,,,,,,,,
2402,2006-09-15,1,,,,,,,,,,,,,,,,,,,,,,,,,,,,,,,,,,,,,
2403,14-04-2014,,,,,,,,1,,,,,,,,,,,,,,,,,,,,,,,,,,,,,,
2403,2001-12-15,,,,,,,,,1,,,,,,,,,,,,,,,,,,,,,,,,,,,,,
2403,28-11-2015,1,,,,,,,,,,,,,,,,,,,,,,,,,,,,,,,,,,,,,
2404,15-10-2015,,,,,,,1,,,,,,,,,,,,,,,,,,,,,,,,,,,,,,,
2404,2002-06-15,,,,,,,,,,,,,,,,,,,,,,,,,,,,,,,,,,,,,,
2404,2008-03-15,,,,,,,,,,,,,,,,,,,,,,,1,,,,,,,,,,,,,,,
2404,2010-02-15,,1,,,,,,,,,,,,,,,,,,,,,,,,,,,,,,,,,,,,
2404,22-10-2014,,,,,,,,,,,,,,,,,,,,,,,,,,,,,,,,,,,,,,
2406,2007-12-15,,,,,,,,,,,,,,,,,,,,,,,,,,,,,,,,,,,,,,
2406,2012-03-14,,,,,1,,,,,,,,,,,,,,,,,,,,,,,,,,,,,,,,,
2406,24-10-2015,,,,,,,,,,,,,,,,,,,,1,,,,,,,,,,,,,,,,,,
2406,27-10-2014,,,,,1,,,,,,,,,,,,,,,,,,,,,,,,,,,,,,,,,
2407,17-03-2014,,,,,,,,,,,,,,,,,,,,1,,,,,,,,,,,,,,,,,,
2408,19-05-2015,,,,,,,,,,,,,,1,,,,,,,,,,,,,,,,,,,,,,,,
2408,2009-09-15,,,,,,,,,,,,,,,,,,,,,,,,,,,,,,,,,,,,,,
2408,2010-11-14,,,,,,,,,,,,,,1,,,,,,,,,,,,,,,,,,,,,,,,
2408,21-06-2015,,,,,,,,1,,,,,,,,,,,,,,,,,,,,,,,,,,,,,,
2408,25-03-2015,,,,,,,,,,,,,,,,,,,,,,,,,,,,,,,,,,,,,,
2408,28-05-2014,,,,,,1,,,,,,,,,,,,,,,,,,,,,,,,,,,,,,,,
2410,18-11-2015,,,,,,,,,,,,,,1,,,,,,,,,,,,,,,,,,,,,,,,
2410,2006-12-14,,,,,,,,,,1,,,,,,,,,,,,,,,,,,,,,,,,,,,,
2410,21-11-2015,,,,,,,,,,,1,,,,,,,,,,,,,,,,1,,,,,,,,,,,
2411,21-04-2014,,,,,,,,,,1,,,,,,,,,,,,,,,,,,,,,,,,,,,,
2412,13-03-2015,,,,,,,,,,,,,,,,,,,,,,,,,,,,,,,,,,,,,,
2412,2012-12-14,,,,,,1,,,,,,,,,,,,,,,,,,,,,,,,,,,,,,,,
2413,16-09-2014,,,,,,,,,,,,,,,,,,,1,,,,,,,,,,,,,,,,,,,
2413,18-01-2014,1,,,,,,,,,,,,,,,,,,,,,,,,,,,,,,,,,,,,,
2413,2004-04-15,1,,,,,,,,,,,,,,,,,,,,,,,,,,,,,,,,,,,,,
2413,25-10-2015,,,1,,,,,,,,,,,,,,,,,,,,,,,,,,,,,,,,,,,
2413,26-06-2015,,,,,,,,,,,1,,,,,,,,,,,,,,,,,,,,,,,,,,,
2414,2004-06-14,,,,,,,,,,1,,,,,,,,,,,,,,,,,,,,,,,,,,,,
2415,14-09-2014,,,,,,,,,,,,,1,,,,,,,,,,,,,,,,,,,,,,,,,
2415,2008-08-15,,,,,,,,,,,,,,,,,,,,1,,,,,,,,,,,,,,,1,,,
2415,25-06-2014,,,,,,,,,,,,,,,,,,,,,,,,,,,,,,,,,,,,,,1
2415,29-04-2015,,,1,,,,,,,,,,,,,,,,,,,,,,,,,,,,,,,,,,,
2416,15-02-2015,,,,,,,,,,,,,,,,,,,1,,,,,,,,,,,,,,,,,,,
2416,2005-11-15,,,,,,,,,,,,,,,,,,,,,,,,,,1,,,,,,,,,,,,
2419,2007-04-15,,,,,,,,,,,,,,,,,,,,,,,,,,,,,,,,,,,,,,
2419,22-08-2015,,,,,,,,,,,,1,,,,,,,,,,,,,,,,,,,,,,,,,,
2421,2002-09-15,,,,,,,,,,,,,,,,,,,,,,,,,,,,,,,,,,1,,,,
2421,22-11-2015,,,,,,,,,,,,,,,,,,,,,,,,,,,,,,,,,,,,,,
2421,27-10-2015,,,,,,,,,,,,,,,,,,,,,,,,,,,,,,,,,,,,,,1
2422,2011-11-15,,,,,,,,,,,,,,1,,,,,,,,,,,,,,,,,,,,,,,,
2422,2012-08-15,,,,,,,,,,,,1,,,,,,,,,,,,,,,,,,,,,,,,,,
2423,31-07-2014,1,,,,,,,,,,,,,,,,,,,,,,,,,,,,,,,,,,,,,
2424,23-03-2014,,,,,,,,,,,,,,,,,,,,1,,,,,,,,,,,,,,,,,,
2424,24-06-2014,,,,,,1,,,,,,,,,,,,,,,,,,,,,,,,,,,,,,,,
2425,20-02-2015,,,,,,1,,,,,,,,,,,,,,,,,,,,,,,,,,,,,,,,
2425,2011-11-14,,,,,,,,1,,,,,,,,,,,,,,,,,,,,,,,,,,,,,,
2426,2002-06-15,,,,,,,,,,,,1,,,,,,,,,,,,,,,,,,,,,,,,,,
2426,2005-06-15,,,,,,,,,,,,,,,,,,1,,,,,,,,,1,,,,,,,,,,,
2426,2008-09-15,,,,,,,,,,,1,,,,,,,,,,,,,,,,,,,,,,,,,,,
2426,26-09-2014,1,,,,,,,,,,,,,,,,,,,,,,,,,,,,,,,,,,,,,
2427,2008-01-15,,,,,,1,,,,,,,,,,,,,,,,,,,,,,,,,,,,,,,,
2427,22-12-2014,,,,,,,1,,,,,,,,,,,,,,,,,,,,,,,,,,,,,,,
2427,26-06-2015,,,,,,,,,,,,,,1,,,,,,,,,1,,,,,,,,,,,,,,,
2428,2001-04-14,1,,,,,,,,,,,,,,,,,,,,,,,,,,,,,,,,,,,,,
2428,2001-11-14,,,,,,1,,,,,,,,,,,,,,,,,,,,,,,,,,,,,,,,
2428,2006-12-14,,,,,,,,,1,,,,,,,,,,,,,,,,,,,,,,,,,,,,,
2428,2011-02-14,,,,,,,,,,,,,,,,,,,1,,,,,,,,,,,,,,,,,,,
2428,21-08-2015,,,,,,,,,,,,,,,,,,,1,,,,,,,,,,,,,,,,,,,
2429,29-06-2015,,,,,,,1,,,,,,,,,,,,,,,,1,,,,,,,,,,,,,,,
2430,20-01-2015,,,,,,,,,,,,,,,,,,1,,,,,,,,,,,,,,,,,,,,
2430,2003-02-14,,,,,,,,,,,,,,,,,,,,,,,,,,,,,,,,,,,,,,
2430,28-01-2014,,,,,,,,,,,,,1,,,,,,,,,,,,,,,,,,,,,,,,,
2431,17-01-2014,,,,,,,,,,,,,,,1,,,,,,,,,,,,,,,,,,,,,,,
2431,18-07-2015,,,,,,,,,,1,,,,,,,,,,,,,,,,,,,,,,,,,,,,
2431,27-10-2015,,,,,,,,1,,,,,,,,,,,,,,,,,,,,,,,,,,,,,,
2431,28-02-2014,1,,,,,,,,,,,,,,,,,,,,,,,,,,,,,,,,,,,,,
2432,15-11-2014,,,,,,,1,,,,,,,,,,,,,,,,,,,,,,,,,,,,,,,
2432,19-01-2014,,,1,,,,,,,,,,,,,,,,,,,,,,,,,,,,,,,,,,,
2432,2006-10-15,1,,,,,,,,,,,,,,,,,,,,,,,,,,,,,,,,,,,,,
2432,2007-07-15,,,,,,,,,,,,,,,,,,,,,,1,,,,,,,,,,,,,,,,
2432,2012-12-15,1,,,,,,,,,,,,,,,,,,,,,,,,,,,,,,,,,,,,,
2432,24-08-2014,1,,,,,,,,,,,,,,,,,,,,,,,,,,,,,,,,,,,,,
2433,14-03-2015,,1,,,,,,1,,,,,,,,,,,,,,,,,,,,,,,,,,,,,,
2433,19-10-2015,,,,,,,,,,,1,,,,,,,,,,,,,,,,,,,,,,,,,,,
2433,2008-04-14,,,,,,,1,,,,,,,,,,,,,,,,,,,,,,,,,,,,,,,
2433,23-08-2015,1,1,,,,,,,,,,,,,,,,,,,,,,,,,,,,,,,,,,,,
2433,31-07-2015,,,,,,,,,,,,,,,,,,,,,,,,,,,,,,,,,,,,,,
2434,18-09-2015,,,,,,,,,,,,,,,,,,,,,,,,,,,,,,,,,,,,,,
2434,2006-06-15,,1,,,,,,,,,,,,,,,,,,,,,,,,,,,,,,,,,,,,
2435,2002-02-14,,,,,,,,,,,,,,,,,,,,,,,,,,,,,,,,,,,,,,
2435,29-09-2015,,1,,,,,,,,,,,,,,,,,,,,,,,,,,,,,,,,,,,,
2435,30-10-2014,,,,,,,,,,,,,,1,,,,,,,,,,,,,,,,,,,,,,,,
2436,17-02-2015,,,,1,,,,,,,,,,,,,,,,,,,,,,,,,,,,,,,,,,
2436,24-11-2015,,,,,,,,,,,,,,,,,,,,,,,,,,,,,,1,,,,,,,,
2437,15-11-2015,,,,,,,,,,,,,,,,,,,,,,,,,,1,,,,,,,,,,,,
2437,2006-07-14,,,,,,,,,,,,,,,,,,,,,,,,,,,,,,,,,,,,,,
2437,2009-10-14,,,,,1,,,,,,,,,,,,,,,,,,,,,,,,,,,,,,,,,
2437,24-06-2014,1,,,,,,,,,,,,,,,,,,,,,,,,,,,,,,,,,,,,,
2437,25-02-2014,,,,,,,,,,,1,,,,,,,,,,,,,,,,,,,,,,,,,,,
2438,20-02-2015,,,,,,,,,,,,,,,,,,,,,,,1,,,,,,,,,,,,,,,
2438,25-05-2014,,,1,,,,,,,,,,,,,,,,,,,,,,,,,,,,,,,,,,,
2439,2006-06-14,,,,,,,,,,,,,,,,,,,,,,1,,,,,,,,,,,,,,,,
2439,31-10-2015,,,,,,,,,,,1,,,,,,,,,,,,,,,,,,,,,,,,,,,
2440,2002-03-15,,,1,,,,,,,,,,,,,,,,,,,,,,,,,,,,,,,,,,,
2440,2006-06-15,,,,,,,,,,,,,,,,,,,,,,,,,,,,,,,,,,,,,,
2440,2008-06-15,,,,,,,,,,,,,,,,,,,,,,,1,,,,,,,,,,,,,,,
2440,22-06-2014,,,,,,,,,,,,,,,,,,,,,,1,,,,,,,,,,,,,,,,
2441,2008-06-14,,,,,,,,,1,,,,,,,,,,,,,,,,,,,,,,,,,,,,,
2441,2012-10-14,,,,,1,,,,,,,,,,,,,,,,,,,,,,,,,,,,,,,,,
2441,30-05-2015,,,,,,,,,,,,,,,,,,,,,,,,,,,,,,,,,,,,,,
2443,15-11-2015,,,,,,,,,,,,,,,,,,,,,,,,,,,,,,,,,,,,,,
2443,20-06-2015,,,,,,,1,,,,,,,,,,,,,,,,,,,,,,,,,,,,,,,
2443,2002-09-14,,,,,,,,,,,,,1,,,,,,,,,,,,,,,,,,,,,,,,,
2443,2010-03-14,,,,,,,,,,,,,,,,,,,,,,,,,,,,,,,,,,,,,,
2443,22-05-2014,,,,,,,1,,,,,,,,,,,,,,,,,,,,,,,,,,,,,,,
2444,17-06-2015,,,,,,,,,,,,,,,,,,,,,,,,,,,,,,,,,,,,,,
2444,19-06-2014,,,1,,,,,,,,,,,,,,,,,,,,,,,,,,,,,,,,,,,
2445,17-04-2014,,,,,,,1,,,,,,,,,,,,,,,,,,,,,,,,,,,,,,,
2445,2002-09-14,,,,,,,,,,,,,,,,,,,,,,,,,,,1,,,,,,,,,,,
2445,29-10-2014,,,,,,,,,,1,,,,,,,,,,,,,,,,,,,,,,,,,,,,
2446,2008-09-15,,,,,,,,1,,,,,,,,,,,,,,,,,,,,,,,,,,,,,,
2446,29-07-2015,,,,,,,,,,1,,,,,,,,,,,,,,,,,,,,,,,,,,,,
2447,14-04-2014,1,,,,,,,,,,,,,,,,,,,,,,,,,,,,,,,,,,,,,
2447,21-01-2015,,,,,,,,,,1,,,,,,,,,,,,,,,,,,,,,,,,,,,,
2447,25-06-2015,,,,,,,,,,1,,,,,,,,,,,,,,,,,,,,,,,,,,,,
2447,26-07-2014,,,,,,,,1,,,,,,,,,,,,,,,,,,,,,,,,,,,,,,
2448,17-08-2015,,,,,,,,,,,1,,,,,,,,,,,,,,,,,,,,,,,,,,,
2448,2008-06-15,,,1,,,1,,,,,,,,,,,,,,,,,,,,,,,,,,,,,,,,
2448,2012-07-15,,,,1,,,,,,,,,,,,,,,,,,,,,,,,,,,,,,,,,,
2448,29-12-2015,,,,,,,,1,,,,,,,,,,,,,,,,,,,,,,,,,,,,,,
2449,2006-09-14,,,,1,,,,,,,,,,,,,,,,,,,,,,,,,,,,,,,,,,
2449,2008-07-15,,,,,,,,,,,,,,,,,,,,1,,,,,,,,,,,,,,,,,,
2450,31-07-2015,,,,,,,,,1,,,,,,,,,,,,,,,,,,,,,,,,,,,,,
2451,2002-08-14,,,,,,,,,,,,,,,,,,,,,,,,,,,,,,,,,,,,,,1
2451,26-02-2014,,,,,,,1,,,,,,,,,,,,,,,,,,,,,,,,,,,,,,,
2451,28-09-2014,,,,,,1,,,,,,,,,,,,,,,,,,,,,,,,,,,,,,,,
2452,2011-08-15,,1,,,,,,,,1,,,,,,,,,,,,,,,,,,,,,,,,,,,,
2453,2001-10-14,,,,,,,,,,,,,,,,,1,,,,,,,,,,,,,,,,,,,,,
2453,2006-06-14,,,,,1,,,,,,,,,,,,,,,,,,,,,,,,,,,,,,,,,
2453,2007-05-14,,,,,,,,,,,,,,,,,,,,,,,,,,,,,,,,,,,,,,
2453,21-12-2015,,,,,,,,,,,,,,,,,,,1,,,,,,,,,,,,,,,,,,,
2454,2009-11-14,,,,,,,1,,,,,,,,,,,,,,,,,,,,,,,,,,,,,,,
2454,2010-11-15,,,,,,,,,,,,,,,,,,,,,,,,,,,,,,,,,,,,,,
2454,26-08-2015,,,,,,,,,,,,,,,,,,,,,,,,,,,,,,,,,,,,,,
2455,2004-01-15,,,,,,,,,,,,,,,,,,,,,,,,,,,,,,,,,,,,,,
2455,2007-04-14,,,,,,,,1,,,,,,,,,,,,,,,,,,,,,,,,,,,,,,
2457,13-12-2014,,,,,,,,,,,,,,,,,,1,,,,,,,,,,,,,,,,,,,,
2457,2009-07-14,,,,,,1,,,,,,,,,,,,,,,,,,,,,,,,,,,,,,,,
2457,29-08-2014,,,,,,1,,,,,,,,,,,,,,,,,,,,,,,,,,,,,,,,
2459,16-09-2015,,,,,,1,,,,,1,,,,,1,,,,,,,,,,,,,,,,,,,,,,
2459,22-09-2015,1,,,,,,,,,,,,,,,,,,,,,,,,,,,,,,,,,,,,,
2460,18-12-2015,1,,,,,,,,,,,,,,,,,,,,,,,,,,,,,,,,,,,,,
2460,27-10-2015,,,,,,,,,,1,,,,,,,,,,,,,,,,,,,,,,,,,,,,
2461,2004-10-15,,,1,,,,,,,,,,,,,,,,,,,,,,,,,,,,,,,,,,,
2461,24-01-2014,,,,,,,,,,,1,,,,,,,,,,,,,,,,,,,,,,,,,,,
2462,2008-01-15,,,,,,,,,,,,,,,,,,,,,,,1,,,,,,,,,,,,,,,
2463,2006-12-14,,,,,1,,,,,,,,,,,,,,,,,,,,,,,,,,,,,,,,,
2463,26-12-2015,1,,,,,,,,,,,,,,,,,,,,,,,,,,,,,,,,,,,,,
2464,19-07-2015,,1,,,,,,,,,,,,,,,,,,,,,,,,,,,,,,,,,,,,
2464,2011-06-14,,,,,,,,,,,,,,,,,,,,,,,,,,,,,,,,,,,,,,
2464,21-10-2014,,,,,,,,,,,,,,,,,,,,,,,,,,,1,,,,,,,,,,,
2465,27-12-2015,,,1,,,1,,,,,,,1,1,,,,,,,,,,,,,,,,,,,,,,,,
2466,2010-10-15,,,,,,,,,,,,,,1,,,,,,,,,,,,,,,,,,,,,,,,
2466,27-07-2015,,1,,,,,,,,,,,,,,,,,,,,,,,,,,,,,,,,,,,,
2466,28-01-2014,,1,,,,,,,,,,,,,,,,,,,,,,,,,,,,,,,,,,,,
2466,28-08-2015,,,,,,,,,,,,,,,,,,,,,,,,,,,,,,,,,,,,,,
2467,2005-07-15,1,,,,,,,,,,,,,,,,,,,,,,,,,,,,,,,,,,,,,
2467,2007-10-15,,,,,,,,,,,,,,,,,,,,1,,,,,,,,,,,,,,,,,,
2467,2009-06-15,,,,,,,,,,,,,,,,,,,,,,,,,,,,,,,,,,1,,,,
2468,13-03-2015,1,,,,,,,,,,,,,,,,,,,,,,,,,,,,,,,,,,,,,
2469,2012-01-15,,,,,,,,,,,,,,,,,,,,,,,1,,,,,,,,,,,,,,,
2469,23-03-2015,,,,,,1,,,,,,,,,,,,,,,,,,,,,,,,,,,,,,,,
2469,23-09-2015,,,,,,,,,,,,1,,,,,,,,,,,,,,,,,,,,,,,,,,
2470,13-12-2014,,,,,,,,,,,,,,,,,,,,,,,1,,,,,,,,,,,,,,,
2470,2001-05-14,,,1,,,,,,,,,,,,,,,,,,,,,,,,,,,,,,,,,,,
2470,2012-12-14,,,,,,,,1,,,,,,,,,,,,,,,,,,,,,,,,,,,,,,
2471,13-08-2015,,,,,,,,1,,,,,,,,,,,,,,,,,,,,,,,,,,,,1,,
2471,2012-08-14,,,,,,1,,,,,,,,,,,,,,,,,,,,,,,,,,,,,,,,
2472,15-06-2014,,,,,,,,,,,,,,,,,,,1,,,,,,,,,,,,,,,,,,,
2472,2001-02-14,,,,,,1,,,,,,,,,,,,,,,,,,,,,,,,,,,,,,,,
2473,2009-11-14,1,,,,,,,,,,,,,,,,,,,,,,,,,,,,,,,,,,,,,
2474,2009-02-15,,,,,,,,,,,,,,,,,,,,,,,,,,,,,,,,,,,,1,,
2475,2010-11-15,,,,,,,,,,,,,,,,,,,,,1,,,,,,,,,,,,,,,,,
2475,23-07-2015,,,1,,,,,,,,,,,,,,,,,,,,,,,,,,,,,,,,,,,
2475,26-01-2014,,,,,,,,,,,,,,1,,,,,,,,,,,,,,,,,,,,,,,,
2476,2005-05-15,,,,,,,,,,,,,,1,,,,,,,,,,,,,,,,,,,,,,,,
2476,24-08-2014,,,,,,,1,,,,,,,,,,,,,,,,,,,,,,,,,,,,,,,
2477,2001-04-14,,,,,1,,,,,,,,,,,,,,,,,,,,,,,,,,,,,,,,,
2477,2004-06-15,1,,,,,,,,,,,,,,,,,,,,,,,,,,,,,,,,,,,,,
2477,30-09-2014,,,,,,,1,,,,,,,,,,,,,,,,,,,,,,,,,,,,,,,
2478,2002-09-14,,,,,,,,,,,,,,1,,,,,,,,,,,,,,,,,,,,,,,,
2479,13-01-2015,1,,,,,,,,,,,,,,,,,,,,,,,,,,,,,,,,,,,,,
2479,18-11-2014,,,,,,,,,,,,,,,,,,,,,,,,,,,,,,,,,,,,,,
2479,27-02-2014,,,,,,,,,,,,,,,,,,,,,1,,,,,,,,,,,,,,,,,
2480,14-08-2015,,,,,,,,,,,,,,,,,,,,,,,1,,,,,,,,,,,,,,,
2480,2001-03-14,,,,,,1,,,,,,,,,,,,,,,,,,,,,,,,,,,,,,,,
2480,26-03-2015,,,1,,,,,,,,,,,,,,,,,,,,,,,,,,,,,,,,,,,
2481,2007-08-14,,,1,,,,,,,,,,,,,,,,,,,,,,,,,,,,,,,,,,,
2481,24-11-2015,,,,,,,,1,,,,,,,,,,,,,,,,,,,,,,,,,,,,,,
2482,21-01-2014,,,,,,,1,,,,,,,,,,,,,,,,,,,,,,,,,,,,,,,
2483,14-08-2014,,,,,,,1,,,,,,,,,,,,,,,,,,,,,,,,,,,,,,,
2483,2004-07-15,,,,,,,,,,,,,,,,,,,,,,,,,,1,,,,,,,,,,,,
2483,28-10-2015,,,,,,,,,,,,,,1,,,,,,,,,,,,,,,,,,,,,,,,
2484,16-07-2014,,,,,,,,,,,,,,,,,,,,,,,,,,,,,,,,,,,,,,
2484,17-08-2014,,,,,,,,,,,,1,,,,,,,,,,,,,,,,,,,,,,,,,,
2484,19-03-2014,,,,,,,,,1,,,,,,,,,,,,,,,,,,,,,,,,,,,,,
2484,20-06-2015,,,,,,,,,,,,,,,,,,,,,1,,1,,,,,,,,,,,,,,,
2484,2012-08-15,,,1,,,,,,,,,,,,,,,,,,,,,,,,,,,,,,,,,,,
2485,18-05-2015,,,,,,1,,,,,,,,,,,,,,,,,,,,,,,,,,,,,,,,
2485,24-03-2015,,,,,,,1,,,,,,,,,,,,,,,,,,,,,,,,,,,,,,,
2486,19-04-2014,,,,,,,,,,,,,,,,,,,,1,,,,,,,,,,,,,,,,,,
2486,25-11-2015,,,,,,,,,,,,,,,,,,,,,,,,,,,,,,,,,,,,,,
2487,2009-07-15,,,,,,,,,,,,,,,,,,,,,,,,,,1,,,,,,,,,,,,
2487,27-03-2015,,,1,,,,,,,,,,,,,,,,,,,,,,,,,,,,,,,,,,,
2488,19-08-2015,,,,,,,,,,,,,,,1,,,,,,,,,,,,,,,,,,,,,,,
2489,2004-05-15,1,,,,,,,,,,,,,,,,,,,,,,,,,,,,,,,,,,,,,
2489,22-12-2015,,,,,,,,,1,,,,,,,,,,,,,,,,,,,,,,,,,,,,,
2490,18-12-2015,,,,,,,,,,,,,,,,,,,,,,,,,,,,,,,,,,,,,,
2492,18-06-2015,,,,,,1,,,,,,,,,,,,,,,,,,,,,,,,,,,,,,,,
2492,2001-11-15,,,,,,,,,,,,,,,,,,,1,,,,,,,,,,,,,,,,,,,
2492,2010-11-15,,,,,1,,,,,,,,,,,,,,,,,,,,,,,,,,,,,,,,,
2492,2011-05-15,,1,,,,,,,,,,,,,,,,,,,,,,,,,,,,,,,,,,,,
2493,27-05-2014,1,,,,,,,,,,,,,,,,,,,,,,,,,,,,,,,,,,,,,
2494,2003-09-15,,,,,,,,,,1,,,,,,,,,,,,,,,,,,,,,,,,,,,,
2494,2005-05-15,,,,,,,1,,,,,,,,,,,,,,,,,,,,,,,,,,,,,,,
2494,2010-06-15,,,,,,,,,,1,,,,,,,,,,,,,,,,,,,,,,,,,,,,
2495,24-02-2014,,,,,,1,,,,,,,,,,,,,,,,,,,,,,,,,,,,,,,,
2495,28-07-2015,,,,1,,,,,,,,,,,,,,,,,,,,,,,,,,,,,,,,,,
2495,31-01-2014,,,,,,,,1,,,,,,,,,,,,,,,,,,,,,,,,,,,,,,
2496,2002-12-15,,,,,,,1,,,,,,,,,,,,,,,,,,,,,,,,,,,,,,,
2496,29-06-2015,,,,,,,,,,1,,,,,,,,,,,,,,,,,,,,,,,,,,,,
2499,18-02-2015,,1,,,,,,,,,,,,,,,,,,,,,,,,,,,,,,,,,,,,
2499,20-07-2014,,,,,,,,,1,,,,,,,,,,,,,,,,,,,,,,,,,,,,,
2499,2001-11-14,,,,,,1,,,,,,,,,,,,,,,,,,,,,,,,,,,,,,,,
2499,22-11-2015,,,,,1,,,,,,,,,,,,,,,,,,,,,,,,,,,,,,,,,
2499,24-04-2015,,,,1,1,,,,,,,,,,,,,,,,,,,,,,,,,,,,,,,,,
2500,2006-12-15,,,,,,,,,,,,,,1,,,,,,,,,,,,,,,,,,,,,,,,
2501,2005-06-14,,,,,,1,,,,,,,,,,,,,,,,,,,,,,,,,,,,,,,,
2502,15-04-2015,,,,,,,,,,,,,,,,,,,,,,,,,,,,,,,,,,,,,,
2502,2007-02-15,,,,,,,,,,1,,,,1,,,,,,,,,,,,,,,,,,,,,,,,
2503,2008-02-15,,1,,,,,,,,,,,,,,,,,,,,,,,,,,,,,,,,,,,,
2504,14-08-2015,,,,,,,,,,,,,,,,,,,,1,,,,,,,,,,,,,,,,,,
2504,16-12-2014,,,,,,,,,,,,,,,,,,,,1,,,,,,,,,,,,,,,,,,
2504,2002-08-15,,,,,,,,,,,,,,,,,,,,,,,1,,,,,,,,,,,,,,,
2504,24-04-2014,1,,,,,,,,,,,,,,,,,,,,,,,,,,,,,,,,,,,,,
2505,2010-10-15,,,,1,,,,,,,,,,,,,,,,,,,,,,,,,,,,,,,,,,
2505,22-04-2015,,,,,,,,,,,,,,,,,,,1,,,,,,,,,,,,,,,,,,,
2505,30-11-2015,,,,,,,,,,1,1,,,,,,,,,,,,,,,,,,,,,,,,,,,
2506,17-11-2015,,,,,,,,,,,,,,,,,,,,,,,,,,,,,,,,,,,,,,
2506,27-02-2014,,,,,,,,,,,1,,,,,,,,,,,,,,,,,,,,,,,,,,,
2507,15-05-2014,,,,,,,,,,,,,,,,,,,,,,,,,,,,,1,,,,,,,,,
2507,25-08-2015,,,,,1,,,,,,,,,,,,,,,,,,1,,,,,,,,,,,,,,,
2508,27-12-2015,,,,,,,,,,,,,,,,,,,,,,,,,,,,,,,,,,,,,,
2509,15-07-2015,,,,,,,,,,,,1,,,,,,,,,,,,,,,,,,,,,,,,,,
2509,20-04-2015,,,,,1,,,,,,,,,,,,,,,,,,,,,,,,,,,,,,,,,
2509,2003-02-15,,,,,,,,,,,,,,,,,,,1,,,,,,,,,,,,,,,,,,,
2510,13-08-2014,1,,,,,,,,,,,,,,,,,,,,,,,,,,,,,,,,,,,,,
2510,29-09-2015,,,,,,,,,,,,,,,,,,,,,,,,,,,,,,,,,,,,,,
2511,14-07-2015,,,,,,,,,,,,,,,,,,,,,,,,1,,,,,,,,,,,,,,
2511,16-03-2015,,,,,,,,,,,,1,,,,,,,,,,,,,,,,,,,,,,,,,,
2511,18-06-2014,1,,,,,,,,,,,,,,,,,,,,,,,,,,,,,,,,,,,,,
2511,2004-10-14,,,,,,,,,,,,,,,,,,,,,,,,,,,,,,,,,,,,,,
2511,2008-07-15,,,,,,1,,,,,,,,,,,,,,,,,,,,,,,,,,,,,,,,
2511,2012-07-14,,,,,,,1,,,,,,,,,,,,,,,,,,,,,,,,,,,,,,,
2512,19-01-2015,,,,1,,,,,,,,,,,,,,,,,1,,,1,,,,,,,,,,,,,,
2512,2002-09-15,1,,,,,,,,,,,,,,1,,,,,,,,,,,,,,,,,,,,,,,
2512,28-09-2014,1,,,,,,,,,,,,,,,,,,,,,,,,,,,,,,,,,,,,,
2513,2006-11-15,,,,,,,,1,,,,,,,,,,,,,,,,,,1,,,,,,,,,,,,
2513,30-01-2015,,,,,,,,,,1,,,,,,,,,,,,,,,,,,,,,,,,,,,,
2514,2002-11-15,1,,1,,,,,1,,,,,,,,,,,,,,,,,,,,,,,,,,,,,,
2514,2003-01-14,,,,,,,,,,,,,,,,,,,,,,,,,,,,,,,,,,,,,,
2514,24-06-2014,,,,,,,,,,,,,,,,,,,,,,,,,,,,,,,,,,,1,,,
2515,2001-09-14,,,,,,,,,,,,,,,,,,,,,,,,,,,,,,1,,,,,,,,
2515,22-10-2014,,,,,,1,,,,,,,,,,,,,,,,,,,,,,,,,,,,,,,,
2515,27-01-2014,,,,,,,,,,,,1,,,,,,,,,,,,,,,,,,,,,,,,,,
2516,2003-04-15,,,,,,,1,,,,,,,,,,,,1,,,,,,,,,,,,,,,,,,,
2517,17-04-2014,,,,,,,,,,,,,,,,,,,,,,,,,,,,,,,,,,,1,,,
2517,20-03-2015,,1,,,,,,,,,,,,,,,,,,,,,,,,,,,,,,,,,,,,
2517,2004-07-15,,,,,,,1,,,,,,,,,,,,,,,,,,,,,,,,,,,,,,,
2517,2012-05-14,,,,,,,,,,,,,,1,,,,,,,,,,,,,,,,,,,,,,,,
2517,2012-12-15,,,1,,,,,,,,,,,,,,,,,,,,,,,,,,,,,,,,,,,
2517,22-03-2015,,,1,,,,,,,,,,,,,,,,,,,,,,,,,,,,,,,,,,,
2517,26-02-2014,,,,,,,,,1,,,,,,,,,,,,,,,,,,,,,,,,,,,,,
2517,28-01-2015,,,,,1,,,,,,,,,,,,,,,,,,,,,,,,,,,,,,,,,
2517,29-09-2015,,,,,,1,,,,,,,,,,,,,,,,,,,,,,,,,,,,,,,,
2518,2003-05-15,,,,,,,,,,,,,,,,,,,,,,,1,,,,,,,,,,,,,,,
2518,2003-07-15,,,,,,,,,,,,,,,,,,,,,,,,,,,,,,,,,,,,,,
2519,14-03-2015,,,,,,,,,,,,,,,,,,,,,,,,,,,,,,,,,,,,,,
2519,2003-06-15,,,,,,,,,,,,,,,,,,,,,,,,,,,,,,,,,,,,,,
2519,2007-04-14,,,,,1,,,,,,,,,,,,,,,,,,,,,,,,,,,,,,,,,
2519,30-05-2015,,,,,,,,,,1,,,,,,,,,,,,,,,,,,,,,,,,,,,,
2520,18-12-2014,,,,,,,,,,,,,,,,,,,,,,,,,1,,,,,,,,,,,,,
2520,2006-12-15,,,,,,,,,1,,,,,,,,,,,,,,,,,,,,,,,,,,,,,
2521,14-12-2015,,,,,1,,,,,,,,,,,,,,,,,,,,,,,,,,,,,,,,,
2521,2003-03-15,1,,,,,,,,,,,,,1,,,,,,,,,,,,,,,,,,,,,,,,
2522,17-07-2014,,,,,,,,,,,1,,,,,,,,,,,,,,,,,,,,,,,,,,,
2522,2008-08-14,,,,,,,,,,,,,,,,,,1,,,,,,,,,,,,,,,,,,,,
2523,2004-04-15,,,,,,,,,,,1,,,,,,,,,,,,,,,,,,,,,,,,,,,
2523,2004-07-15,1,,,,,,,,,,,,,,,,,,,,,,,,,,,,,,,,,,,,,
2523,2011-10-14,,,,,,,1,,,,,,,,,,,,,,,,,,,,,,,,,,,,,,,
2523,2012-01-15,,,,,,,,,,,,,,,,,,,1,,,,,,,,,,,,,,,,,,,
2523,2012-02-15,,,,,,,,,,,,,,,,,,,,,,,,,,,,,,,,,,,,,,
2524,13-10-2014,,,,,,,,,,,,,,,,,,,,1,,,,,,,,,,,,,,,,,,
2524,2005-12-15,,,,,,,,1,,,,,,,,,,,,,,,,,,,,,,,,,,,,,,
2524,2010-09-15,,1,,,,,,,,,,,,1,,,,,,,,,,,,,,,,,,,,,,,,
2524,21-10-2015,,,,,,,,,,,,,,,,,,,,,,,,,,,,,,,,,,,,,,
2524,22-08-2014,,,,,,,,,,,,,,,,,,,,,,,,,,,,,,,,,,,,,1,
2525,14-01-2015,1,,,,,,,,,,,,,,,,,,,,,,,,,,,,,,,,,,,,,
2525,16-11-2015,,,,,,,,,,1,,,,,,,,,,,,,,,,,,,,,,,,,,,,
2525,23-10-2015,,,,,,,,,,1,,,,,,,,,,,,,,,,,,,,,,,,,,,,
2526,16-10-2015,,,,,,,,,,,,,,,,,,,,,,1,,,,,,,,,,,,,,,,
2526,2008-02-14,,,,,,1,,,,,,,,,,,,,,,,,,,,,,,,,,,,,,,,
2527,2011-08-15,,,,,,,,,,,,,,,,,,,,,1,,,,,,,,,,,,,,,,,
2528,15-03-2014,,,,,,,,,,,,,,,,,,,,,,,,,,,,,,,,,,,,,,1
2528,19-10-2015,,,1,,,,,,,,,,,,,,,,,,,,,,,,,,,,,,,,,,,
2528,2001-09-14,,,,,,,,,,,,,,,,,,,,,,,,,,,,,,,,,,,,,,
2530,2006-08-14,,,,,,,,,,,,,,,,,,,,,,,,,,,,,,,,,1,,,,,
2530,30-10-2014,,,,,,,,,,,1,,,,,,,,,,,,,,,,,,,,,,,,,,,
2531,2009-01-14,,1,,,,,,,,,,,,,,,,,,,,,,,,,,,,,,,,,,,,
2532,2006-07-15,1,,1,,,,,,,,,1,,,,,,,,,,,,,,,,,,,,,,,,,,
2532,2008-01-15,,,,,,,,,,,,,,,,,,,,,,,,,1,,,,,,,,,,,,,
2532,21-09-2014,,,,,,,,1,,,,,,,,,,,,,,,,,,,,,,,,,,,,,,
2533,21-09-2014,,,,,,1,,,,,,,,,,,,,,,,,,,,,,,,,,,,,,,,
2533,23-12-2014,,,,,,,,,,,,1,,,,,,,,,,,,,,,,,,,,,,,,,,
2534,18-05-2015,,,,,,,,,,,1,,,,,,,,,,,,,,,,,,,,,,,,,,,
2534,2008-11-15,,,,,,,,,,,,,,,,,,,,,,,1,,,,,,,,,,,,,,,
2535,20-03-2015,,,,,,,,1,,,,,,,,,,,,,,,,,,,,,,,,,,,,,,
2535,2010-11-15,1,,,,,,,,,,,,,,,,,,,,,,,,,,,,,,,,,,,,,
2535,29-12-2014,,,,,,,1,,,,,,,,,,,,,,,,,,,,,,,,,,,,,,,
2536,2007-11-15,1,,,,,,,,,,,,,,,,,,,,,,,,,,,,,,,,,,,,,
2537,14-10-2015,,,,,,1,,,,,,,,,,,,,,,,,,,,,,,,,,,,,,,,
2537,2007-05-15,,,,,,,,,,,,,,,,,,,,,,,,,,,,,,,,,,,,,,
2538,27-07-2015,,,,,,1,,,,,,,,,,,,,,,,,,,,,,,,,,,,,,,,
2539,15-11-2015,,,,,,,,,,,,,,1,,,,,,,,,,,,,,,,,,,,,,,,
2540,16-02-2015,,,,,,,,,,,,,,,,,,,,,,,,,,,,,,1,,,,,,,,
2540,16-12-2014,1,,,,,,,,,,,,,,,,,,,,,,,,,,,,,,,,,,,,,
2540,2005-03-15,,,,,,,,,,,,,,,,,,,,,,,,,,,,,,,,,,,,,,
2540,2011-11-14,,,,,,,,,,,,,,,,,,,,,,,,,,,,,,1,,,,,,,,
2540,23-07-2014,1,,,,,,,,,,,,,,,,,,,,,,,,,,,,,,,,,,,,,
2541,2007-05-14,,,,,,,,,,,,,,,,,,,,,,,,,,,,,,,,,,,1,,,
2541,2012-09-14,,,,,,,,,,,,,,,,,,,,,,,,,,,,,,,,,,,,,,
2542,24-11-2015,1,,,,,,,,,,,,,,,,,,,,,,,,,,,,,,,,,,,,,
2543,13-08-2015,,,,,,,,1,,,,,,,,,,,,,,,,,,,,,,,,,,,,,,
2543,23-05-2015,,,,,,,1,,,,,,,,,,,,,,,,,,,,,,,,,,,,,,,
2543,27-05-2014,,,,,1,,,,,,,,,,,,,,,,,,,,,,,,,,,,,,,,,
2544,20-01-2015,,,1,,,,,,,,,,,,,,,,,,,,,,,,,,,,,,,,,,,
2544,2009-06-14,,,,,,,,,,,,,,,,,,,,,,,,,,,,,,,,,,,,,,
2545,14-01-2014,,,,,,,,,,,,,,1,,,,,,,,,,,,,,,,,,,,,,,,
2545,18-11-2015,,,,,,,,,,,,,,1,,,,,,,,,,,,,,,,,,,,,,,,
2545,2011-10-14,,,,,,1,,,,,,,,,,,,,,,,,,,,,,,,,,,,,,,,
2545,26-05-2014,,,,,,,,,,,,,,1,,,,,,,,,,,,,,,,,,,,,,,,
2547,2009-03-14,,,,,,,1,,,,,,,,,,,,,,,,,,,,,,,,,,,,,,,
2547,2010-11-14,,,,,,,,,,,,,,,,,,,,,,,,,,,,,,,,,,,,,,
2547,2012-02-14,,,,,,,,,,,,,,,,,,,,,,,,,,,,,,,,,,,,,,
2547,24-11-2015,,,,,,,,,,,,,,,,,,,,,,,,,,,,,,,,,,,,,,
2548,16-11-2015,,,,,,,,,,,,,,,,,,1,,,,,,,,,,,,,,,,,,,,
2548,2011-11-15,1,,,,,,,,,,,,,,,,,,,,,,,,,,,,,,,,,,,,,
2548,25-12-2015,,,,,,,,,,,,,,,,,,,,1,,,,,,,,,,,,,,,,,,
2549,13-05-2015,,,,,,1,,,,,,,,,,,,,,,,,,,,,,,,,,,,,,,,
2549,14-06-2015,,,,,,,1,,,,,,,,,,,,,,,,,,,,,,,,,,,,,,,
2549,20-08-2014,,,,,,1,,,,,,,,,,,,,,,,,,,,,,,,,,,,,,,,
2549,24-08-2015,,,,,,,,,,,,,,,,,,,,,,,,,,,,,,,,,,,,,,
2549,27-12-2014,,,,,,,,,,,,,,,,,,,,,,,,,1,,,,,,,,,,,,,
2549,28-06-2014,,1,,,,,,,,,,,,,,,,,,,,,,,,,,,,,,,,,,,,
2550,20-04-2015,,,,,,,,,,,,,,,,,,,,,,,,,,,,,,,,1,,,,,,
2550,2011-06-14,,,,,,,,,,,,,,,,,,,,1,,,,,,,,,,,,,,,,,,
2550,2012-07-14,,,1,,,,,,,,,,,,,,,,,,,,,,,,,,,,,,,,,,,
2550,23-12-2015,,,,,,,,,,1,,,,,,,,,,,,,,,,,,,,,,,,,,,,
2550,24-12-2014,,,,,,,,,,,,,,,,,,,,,,,,,,,,,,,,,,,,,,1
2551,2011-01-14,,,,,,1,,,,,,,,,,,,,,,,,,,,,,,,,,,,,,,,
2551,21-10-2015,,,,,,,,,,,,,,1,,,,,,,,,,,,,,,,,,,,,,,,
2552,2005-01-15,1,,,,,,,,,,,,,,,,,,,,,,,,,,,,,,,,,,,,,
2552,2008-10-14,,,,1,,,,,,,,,,,,,,,,,,,,,,,,,,,,,,,,,,
2553,20-07-2015,,,,,,,,,,1,,,,,,,,,,,,,,,,,,,,,,,,,,,,
2553,2001-02-15,1,,,,,,,,,,,,,,,,,,,,,,,,,,,,,,,,,,,,,
2553,21-06-2015,,,,,,1,,,,,,,,,,,,,,,,,,,,,,,,,,,,,,,,
2555,2012-12-14,,1,,,,,,,,,,,,,,,,,,,,,,,,,,,,,,,,,,,,
2555,23-12-2015,1,,,,,,,,,,,,,,,,,,,,,,,,,,,,,,,,,,,,,
2555,26-04-2014,,,,,,,,,,,,,,,,,,,,,,,,,,,,,1,,,,,,,,,
2555,27-12-2014,,,,,1,,,,,,,,,,,,,,,,,,,,,,,,,,,,,,,,,
2556,2002-09-14,,1,,,,,,,,,,,,,,,,,,,,,,,,,,,,,,,,,,,,
2556,2006-03-14,,,,,,,,,,,,,,,,,,,,,,,,,,,,,,,,,,,,,,
2556,2011-11-14,,,,,,1,,,,,,,,,,,,,,,,,,,,,,,,,,,,,,,,
2556,28-08-2015,,,,,,,,,,,,,,,,,,,,,,,,,,,,,,,,,,,1,,,
2557,19-10-2014,,,,,,,,,,,,,,,,,,,,,,,,,,,,,,,,,,,,,,
2557,23-10-2015,,,,,,,,,,,,,,,,,,,,,,,1,,,,,,,,,,,,,,,
2559,27-10-2014,,,,,,,,,,,,,,1,,,,,,,,,,,,,,,,,,,,,,,,
2560,17-05-2015,,,,,,,,,,,,,,,,,,,,,,,,,,,,,,,,,,,,,,
2560,19-04-2014,,,,,1,,,,,,,,,,,,,,,,,,,,,,,,,,,,,,,,,
2560,2001-12-14,,,,,,,,,,,,,,,,,,,,,,,,,,,,,,,,1,,,,,,
2560,2007-06-15,1,,,,,,,,,,,,,,,,,,,,,,,,,,,,,,,,,,,,,
2560,26-11-2015,,,,,,,1,,,,,,,,,,,,,,,,1,,,,,,,,,,,,,,,
2561,19-08-2015,,,,,,,,,,,,,,,,,,,,,,,,,,,,,,,,,,,,,,
2561,26-02-2015,,,,,1,,,,,,,,,,,,,,,,,,,,,,,,,,,,,,,,,
2561,27-11-2014,,,,,,,,,,,,,,1,,,,,,,,,,,,,,,,,,,,,,,,
2562,14-11-2014,,,,,,,,,,,,,,,,,,,1,,,,,,,,,,,,,,,,,,,
2563,2003-06-15,,,,,,,,1,,,,,,,,,,,1,,,,,,,,,,,,,,,,,,,
2563,29-12-2015,,,,,,,,,,,,,,,,,,,,,,1,,,,,,,,,,,,,,,,
2564,14-01-2014,,,,,,,,1,,,,,,,,,,,,,,,,,,,,,,,,,,,,,,
2564,20-12-2014,,,,,,,,,,,,,,,,,,,,1,,,,,,,,,,,,,,,,,,
2565,16-09-2014,,,,,,,,,,,,,,,,,,,1,,,,,,,,,,,,,,,,,,,
2565,2001-05-14,,,,,,,,,,,,,,,,,,,,,,,,,,,,,,,,,,,,,,
2565,28-09-2015,,,,,,,,,,,,,,,,,,,,,,,,,,,,,,,,,,,,,,
2565,29-04-2015,,,1,,1,,,,,,,,,,,,,,,,,,,,,,,,,,,,,,,,,
2566,31-01-2015,1,,,,,,,,,,,,,,,,,,,,,,,,,,,,,,,,,,,,,
2568,19-05-2015,,,,,,,,,1,,,,,,,,,,,,,,,,,,,,,,,,,,,,,
2568,20-08-2015,,1,,,,,,,,,,,,,,,,,,,,,,,,,,,,,,,,,,,,
2568,2009-10-15,,,,,,,,,,,,,,,,,,,,,,,,,,,,,,,,,,,,,,
2568,22-07-2015,,,,,,,,,,,,,,,,,,,,,,,1,,,,,,,,,,,,,,,
2568,22-09-2015,,,,,,,1,,,,,,,,,,,,,,,,,,,,,,,,,,,,,,,
2570,19-03-2015,,,,,,1,,,,,,,,,,,,,,,,,,,,,,,,,,,,,,,,
2570,24-08-2015,,,,,,,,,,,,,,,,,,,,,,,,,,,,,,,,,,,,,,
2570,25-02-2014,,,,,,1,,,,,,,,,,,,,,,,,,,,,,,,,,,,,,,,
2570,29-07-2014,,,,,,,,,,,,,,,,,,,1,,,,,,,,,,,,,,,,,,,
2571,2002-05-15,,,,,1,,,,,,,,,,,,,,,,,,,,,,,,,,,,,,,,,
2571,2007-07-14,,,,,,,,,,,,,1,,,,,,,,,,,,,,,,,,,,,,,,,
2572,27-05-2015,,,,,,,,,,,,,,,,,,,,,,,,,,,,,,,,,,,,,,
2573,2003-01-15,1,,,,,,,,,,,,1,,,,,,,,,,,,,,,,,,,,,,,,,
2574,2011-12-15,,,,,,,,,,,,,,,,,1,,,,,,,,,,,,,,,,,,,1,,
2575,22-02-2015,,,,,,,,,,,,,,1,,,,,,,,,,,,,,,,,,,,,,,,
2577,2008-03-14,,,,,1,,,,,,,,,,,,,,,,,,,,,,,,,,,,,,,,,
2577,25-10-2015,,,,,,,,,,,,,,,,,,,,,,,,,,,,,,,,,,,,,,
2577,26-01-2015,,,,,,,,,,,,,,,,,,,,,,,,,,1,,,,,,,,,,,,
2577,28-06-2014,,,,,,,,,,,,,,,,,,,,,,,,,,,,,,,,,,,,,,
2578,2001-12-15,1,,,,,,,,,,,,,,,,,,,,,,,,,,,,,,,,,,,,,
2578,28-05-2015,,,,,,,,,,,,,,,,,,,,,,,,,,,,,1,,,,,,,,,
2579,2008-04-15,1,,,,,,,,,,,,,,,,,,,,,,,,,,,,,,,,,,,,,
2580,17-11-2015,,,,,,1,,,,,,,,,,,,,,,,,,,,,,,,,,,,,,,,
2580,2004-09-15,,1,,,,,,,,,,,,,,,,,,,,,,,,,,,,,,,,,,,,
2580,2011-04-15,,,,,,,,,,,,,,,,,,,,,,,,,,,,,,,,,,,,,,
2580,24-10-2015,,,1,,,,,,,,,,,,,,,,,,,,,,,,,,,,,,,,,,,
2581,22-08-2015,,,,,,,,,,,,,,,,,,,,,,,,,,,,,,,,,,,,,,
2582,2006-03-15,,,,,,1,,,,1,,,,,,,,,,,,,,,,,,,,,,,,,,,,
2583,15-02-2015,,,,,,,,,,1,,,,,,,,,,,,,,,,,,,,,,,,,,,,
2583,26-03-2015,,,,,,,,,,,,,,,,,,,,,,,,,,,1,,,,,,,,,,,
2584,14-02-2014,1,,,,,,,,,,,,,,,,,,,,,,,,,,,,,,,,,,,,,
2584,18-05-2014,,,,,,,,,,1,,,,,,,,,,,,,,,,,,,,,,,,,,,,
2584,19-06-2014,,,,,,,,,,,,,,,,,,,,,,,,,,,,,,,,,,,,,,
2584,2002-04-14,1,,,,,,,,,,,,,,,,,,,,,,,,,,,,,,,,,,,,,
2584,25-04-2015,,,,,,,,,,,,,,,,,,,,,,,,,,,,,,,,1,,,,,,
2584,30-11-2014,,,,,,1,,,,,,,,,,,,,,,,,,,,,,,,,,,,,,,,
2584,31-03-2015,,,,,,,,1,,,,,,,,,,,,,,,,,,,,,,,,,,,,,,
2585,13-02-2015,,,,,,1,,,,,,,,,,,,,,,,,,,,,,,,,,,,,,,,
2585,14-03-2015,,,,,,,,,,,,,,,,,,,,,,,,,,,,,,,,,,,,,,
2585,28-09-2014,,,,,,,,,,,,,,,,,,,,,,,,,,,,,,,,,,,,1,,
2586,2010-07-15,1,,,,,,,,,,,,,,,,,,,,,,,,,,,,,,,,,,,,,
2587,2002-06-15,,,,,,,,,,,,,,,,,,,,,,,,,,,,,,,,,,,,,,
2587,30-10-2014,,,,,,,,,,,,,,,,,,,,,,,1,,,,,,,,,,,,,,,
2588,2007-01-14,1,,,,,,,,,,,,,,,,,,,,,,,,,,,,,,,,,,,,,
2588,28-12-2015,,,,,,,,,,,,,,1,,,,,,,,,,,,,,,,,,,,,,,,
2589,2007-06-14,1,,,,,,,,,,,,,,,,,,,,,,,,,,,,,,,,,,,,,
2589,2012-02-15,,,,,,,,,,,,,,,,,,,,,,,,,,,,,,,,,,,,,,
2589,23-10-2014,1,,,,,,,,,,,,,,,,,,,,,,,,,,,,,,,,,,,,,
2589,29-04-2015,,,,,,,,,,,,,,,,,,,,,,,,,,1,,,,,,,,,,,,
2589,31-03-2014,1,,,,,,,,,,,,,,,,,,,,,,,,,,,,,,,,,,,,,
2590,16-12-2015,,,,,,,,,1,,,,,,,,,,,,,,,,,,,,,,,,,,,,,
2590,28-09-2015,1,,,,,,,,,,,,,,,,,,,,,,,,,,,,,,,,,,,,,
2592,20-03-2015,,,,,,,,,,1,,,,,,,,,,,,,,,,,,,,,,,,,,,,
2592,2001-10-15,,,,,,,,,,,,,,,,,,,,,,,,,,,,,,,,,,,,,,
2592,2008-09-14,,,,,,,,,,,,,,,,,,,,1,,,,,,,,,,,,,,,,,,
2592,25-09-2015,,,,,,,,,,,,,,,,,,,,,,,1,,,,,,,,,,,,,,,
2593,13-10-2014,,,1,,,,,,,,,,,,,,,,,,,,,,,,,,,,,,,,,,,
2594,21-05-2015,,,,,,,,,,,,,,1,,,,,,,,,,,,,,,,,,,,,,,,
2594,25-07-2014,,,,,1,,,,,,,,,,,,,,,,,,,,,,,,,,,,,,,,,
2595,18-08-2014,,,1,,,,,,,,,,,,,,,,,,,,,,,,,,,,,,,,,,,
2595,2006-01-14,,,,,,,,,,,,,,,,,,,,1,,,,,,,,,,,,,,,,,,
2595,23-01-2015,1,,,,,,,1,,,,,1,,,,,,,,,,,,,,,,,,,,,,,,,
2597,13-02-2015,,,,,,,,,,,,,,,,,,,,,,,1,,,,,,,,,,,,,,,
2597,15-08-2015,,,,,,,,,,,,,,,,,,,,,,,,,,,1,,,,,,,,,,,
2597,2008-05-15,,,,,,,,,,,,,,,,,,,,,,,,,,,,,,,,,,,,,,
2597,21-09-2014,,,,,,,,,,,,,,,,,,,,,,,,,,,,,,,,,,,,,,
2597,25-10-2014,,,,,,,1,,,,,,,,,,,,,,,,,,,,,,,,,,,,,,,
2598,2011-11-15,,,,,,,,,,,,,1,,,,,,,,,,,,,,,,,,,,,,,,,
2599,2006-05-15,,,,,,,,,,1,,,,,,,,,,,,,,,,,,,,,,,,,,,,
2599,27-01-2015,,,,,,,,,,,,,,,,,,,,,,,,,,,,,,,,,,,,,,
2599,30-07-2015,,,,,,,,,,,,,,,,,,,,,,,,1,,,,,,,,,,,,,,
2600,18-02-2015,,,,,,,,,,,,,,,,,,,,,,,1,,,,,,,,,,,,,,,
2600,2012-05-15,,,,,,,1,,,,,,,,,,,,,,,,,,,,,,,,,,,,,,,
2600,2012-07-14,1,,,,,,,,,,,,,,,,,,,,,,,,,,,,,,,,,,,,,
2600,28-01-2015,,,,,,,,,,,,,,,,,,,1,,,,,,,,,,,,,,,,,,,
2600,28-09-2014,,,,,,,,,,,,,1,,,,,,,,,,,,,,,,,,,,,,,,,
2601,26-03-2015,,,,,1,,,1,,,,,,,,,,,,,,,,,,,,,,,,,,,,,,
2601,27-06-2015,,,,,,1,,,,,,,,,,,,,,,,,,,,,,,,,,,,,,,,
2601,28-02-2014,,,,,,,,,,,,,,,,,,,,,,,,,,,,,,,,,,,,,,
2601,30-04-2015,,1,,,,,,,,,,,,,,,,,,,,,,,,,,,,,,,,,,,,
2602,2004-02-14,,,,,,,,,,,,,,,,,,,,,,,,,,,,,,,,,,,,,,
2602,2008-02-15,,,,,,,,,,,,,,,,,,,,,,,,,,,,,,,,,,,,,,
2602,2011-12-15,,,,,,,,,,,1,,,,,,,,,,,,,,,,,,,,,,,,,,,
2603,28-06-2014,,,,,,,,,,,,,,,,,,,,,,,,,,,,,,,,,1,,,,,
2604,20-09-2015,,,1,,,,,,,,,,,,,,,,,,,,,,,,,,,,,,,,,,,
2604,2012-02-15,,,,,1,,,,,,,,,,,,,,,,,,,,,,,,,,,,,,,,,
2604,26-01-2015,,,,,,,,,,,,,,1,,,,,,,,,,,,,,,,,,,,,,,,
2605,2002-06-14,,,,,,,,,,,,,,,,,,,,,,,1,,,,,,,,,,,,,,,
2606,22-08-2014,,,,,,,,,,,,,,1,,,,,,,,,,,,,,,,,,,,,,,,
2606,26-01-2015,,,1,,,,,,,1,,,,,,,,,,,,,,,,,,,,,,,,,,,,
2607,20-11-2014,,,,,,,,,1,,,,,,,,,,,,,,,,,,,,,,,,,,,,,
2608,17-10-2014,,,,,,,,,,,,,1,,,,,,,,,,,,,,,,,,,,,,,,,
2608,19-09-2015,,,,,,,,1,,,,,,,,,,,,,,,,,,,,,,,,,,,,,,
2608,19-11-2014,,,,,,,,,,,,,,,,,,,1,,,,,,,,,,,,,,,,,,,
2608,2002-05-14,,,1,,,,,,,,,,,,,,,,,,,,,,,,,,,,,,,,,,,
2610,2001-01-14,,,,,,,,,,,,1,,,,,,,,,,,,,,,,,,,,,,,,,,
2610,26-02-2015,,,,,,,,1,,,,,,,,,,,,,,,,,,,,,,,,,,,,,,
2612,2001-02-15,,,,,,,1,,,,,,,,,,,,,,,,,,,,,,,,,,,,,,,
2612,2002-06-14,,,,,,,,,,,,,,,,1,,,,,,,,,,,,,,,,,,,,,,
2612,2004-06-14,,,,,,,,,,,,,,1,,,,,,,,,,,,,,,,,,,,,,,,
2612,2011-06-14,,,,,,,,,,,,,,,,,,,,,,,,,,,1,,,,,,,,,,,
2612,30-05-2014,,,1,,,,,,,,,,,,,,,,,,,,,,,,,,,,,,,,,,,
2612,30-07-2014,,,,,,,,,,,,,,,,1,,,,,,,,,,,,,,,,,,,,,,
2612,31-05-2015,,,,,,,,,,,,,,,,,,,,,,,,,1,,,,,,,,,,,,,
2613,2003-02-15,,,,,,,,,,,,,,,,,,,,,,,,,,,,,,,,,,,,,,
2613,2011-04-15,,,,,,,,,,,,,,,,,,,,,,,,,,,,,,,,,,,,,,
2613,23-08-2015,,,,,,1,,,,,,,,,,,,,,,,,,,,,,,,,,,,,,,,
2613,24-05-2015,,,,,,,,,,,,,,,,,,,,,,,,,,,,,,1,,,,,,,,
2614,25-06-2015,1,,,,,,,,,,,,,,,,,,,,,,,,,,,,,,,,,,,,,
2616,16-05-2015,,,,,,,,,,,,,,,,,,,,,,,1,,,,,,,,,,,,,,,
2616,17-03-2015,,,,,,,,,,,,,,,,,,,,,,,1,,,,,,,,,,,,,,,
2616,24-10-2014,,,,,1,,,,,,,,,,,,,,,,,,,,,,,,,,,,,,,,,
2617,2003-01-15,,,,,,,,,,,,,,,,,,,,,,,,,,,,,,,,,,,,,,
2617,2012-08-14,,,,,1,,,,,,,,,,,,,,,,,,,,,,,,,,,,,,,,,
2617,22-02-2014,,,,,,1,,,,,,,,,,,,,,,,,,,,,,,,,,,,,,,,
2617,22-05-2015,1,,,,,,,,,,,,,,,,,,,,,,,,,,,,,,,,,,,,,
2618,14-09-2015,,,1,,,,,,,,,,,,,,,,,,,,,,,,,,,,,,,,,,,
2618,2003-12-15,,,,,,,,,,,,,,,,,,,,,,,,,,,,,,1,,,,,,,,
2618,2005-01-14,1,,,,,,,,,,,,,,,,,,,,,,,,,,,,,,,,,,,,,
2618,2012-01-14,,,,,,,,,,,,,,,,,,,,,,,,,,,,1,,,,,,,,,,
2620,14-12-2015,,,,,,,,,,,,,,,,,,,,,,,,,,,,,,,,,,,,,,
2620,19-04-2014,,,,,,,,,,,,1,,,,,,,,,,,,,,,,,,,,,,,,,,
2620,2011-06-15,,,,,,,,,,,,,,,,,,,,,,,,,,1,,,,,,,,,,,,
2621,26-06-2014,,,,,1,,,,,,,,,,,,,,,,,,,,,,,,,,,,,,,,,
2621,27-09-2014,,,,,,,1,,,,,,,,,,,,,,,,,,,,,,,,,,,,,,,
2622,17-07-2015,,,,,,1,1,,,,,,,,,,,,,,,,,,,,,,,,,,,,,,,
2622,2001-10-15,,,,,,1,,,,,,,,,,,,,,,,,,,,,,,,,,,,,,,,
2623,2010-10-15,1,,,,,,,,,,,,,,1,,,,,,,,,,,,,,,,,,,,,,,
2623,22-11-2014,1,,,,,,,,,,,,,,,,,,,,,,,,,,,,,,,,,,,,,
2624,18-08-2015,,,,,,,,,,,,,,,,,,,,,,,,,,1,,,,,,,,,,,,
2624,21-05-2015,,,1,,,,,,,,,,,,,,,,,,,,,,,,,,,,,,,,,,,
2625,14-12-2014,,,,,,,,,,,,,,,,,,,,,,,1,,,,,,,,,,,,,,,
2625,18-02-2015,,,,,,,,,,1,,,,,,,,,,,,,,,,,,,,,,,,,,,,
2625,18-11-2015,,,,,,1,,,,,,,,,,,,,,,,,,,,,,,,,,,,,,,,
2625,2003-10-15,,,,,,,,,,1,,,,,,,,,,,,,,,,,,,,,,,,,,,,
2625,2006-03-15,,,,,,,,,,1,,,,,,,,,,,,,,,,,,,,,,,,,,,,
2625,2006-09-14,,,,,,,,,,,,,,,,,,,,,,,,,,,,,1,,,,,,,,,
2625,2008-04-15,,,,,,,,,,,,,,,,,,,,,,,1,,,,,,,,,,,,,,,
2625,21-07-2014,1,,,,,,,,,,,,,,,,,,,,,,,,,,,,,,,,,,,,,
2625,22-03-2015,,,,,,,,,,,,,,1,,,,,,,,,,,,,,,,,,,,,,,,
2625,24-09-2014,,,,,,,,,,,,,,,,,,,,,,,1,,,,,,,,,,,,,,,
2626,14-02-2014,,,,,,,,,,,,,,,,,,,,,,,,,,,,,,,,,,1,,,,
2626,2009-08-14,1,,,,,,,,,,,,,,,,,,,,,,,,,,,,,,,,,,,,,
2627,31-10-2015,,,,,,,,1,,,,,,,,,,,,,,,,,,,,,,,,,,,,,,
2628,2002-12-14,,,,,,,,,,,,,,,,,,,,,,,,,,,1,,,,,,,,,,,
2629,2006-12-15,1,,,,,,,,,1,,,,,,,,,,,,,,,,,,,,,,,,,,,,
2629,2009-07-14,,,1,,,,,,,,,,,,,,,,,,,,,,,,,,,,,,,,,,,
2629,26-05-2014,1,,,,,,,,,,,,,,,,,,,,,,,,,,,,,,,,,,,,,
2630,2011-01-14,,,,,1,,,,,,,,,,,,,,,,,,,,,,,,,,,,,,,,,
2630,21-01-2015,,,,,,,,,,,,,,,,,,,,,,,,,,,,,,,,1,,,,,,
2631,20-02-2014,,,,,,,,,,,,,,,,,,,,,,,,,,,,,,,,,,,,1,,
2631,27-09-2015,,,,,,,,,,,,,,,,,,,,,,,,,,,,,,,,,,,,,,
2631,29-09-2014,1,,,,,,,,,,,,,,,,,,,,,,,,,,,,,,,,,,,,,
2632,17-08-2015,,,,,,,,,,,,,,1,,,,,,,,,,,,,,,,,,,,,,,,
2632,2001-07-15,,,,,,,,,,,,,,,,,,,,,,,1,,,,,,,,,,,,,,,
2632,2002-03-15,1,,,,,,,,,,,,,,,,,,,,,,,,,,,,,,,,,,,,,
2632,2008-03-14,,,,,,,,1,,,,,,,,,,,,,,,,,,,,,,,,,,,,,,
2632,2010-12-14,,,,,,1,,,,,,,,,,,,,,,,,,,,,,,,,,,,,,,,
2632,22-06-2014,,1,,,,,,,,,,,,,,,,,,,,,,,,,,,,,,,,,,,,
2632,24-05-2015,,,,,,,,,,,,,,,,,,,,,1,,,,,,,,,,,,,,,,,
2633,14-02-2015,,,,,,,,,,,,,,,,,,,,,,,,,,,,,1,,,,,,,,,
2633,16-05-2014,,,,,,,,,,,1,,,,,,,,,,,,,,,,,,,,,,,,,,,
2633,27-11-2015,,,,,,1,,,,,,,,,,,,,,,,,,,,,,,,,,,,,,,,
2634,22-04-2015,,,,,,,,,1,,,,,,,,,,,,,,,,,,1,,,,,,,,,,,
2635,17-09-2015,1,,,,,,,,,,,,,,,,,,,,,,,,,,,,,,,,,,,,,
2635,2011-06-15,,,,,,,,,,,,,,,,,,,,,,,,,,,1,,,,,,,,,,,
2636,19-05-2015,,,,,,,,,,,,1,,,,,,,,,,,,,,,,,,,,,,,,,,
2636,2011-09-15,1,,,,,,,,,,,,,,,,,,1,,,,,,,,,,,,,,,,,,,
2637,18-06-2014,1,,,,,,,,,,,,,,,,,,,,,,,,,,,,,,,,,,,,,
2637,18-09-2014,1,,,,,,,,,,,,,,,,,,,,,,,,,,,,,,,,,,,,,
2639,2012-11-15,,,,,,,1,,,,,,,,,,,,,,,,,,,,,,,,,,,,,,,
2639,30-10-2015,,,,,,,,,,,,,,,,,,,,,,,,,,,,,,,,,,,,,,
2640,22-04-2015,,,,,,1,,,,,,,,,,,,,,,,,,,,,,,,,,,,,,,,
2641,2001-03-15,1,,,,,,,,,,,,,,,,,,,,,,,,,,,,,,,,,,,,,
2643,16-04-2014,,,,,,,,,,,,,,1,,,,,,,,,,,,,,,,,,,,,,,,
2643,2001-12-15,,,1,,,,,,,,,,,,,,,,,,,,,,,,,,,,,,,,,,,
2643,2012-12-14,,,,,,,,,,,,,,,,,,,,,,,,,,,,,,,,,1,,,,,
2643,21-04-2015,,,1,,,,,,,,,,,,,,,,,,,,,,,,,,,,,,,,,,,
2644,29-03-2014,,,,,,,,,,,,,,,,,,,,,,,,,,,,,,,,,,,,,,
2645,2007-08-14,,,,,,,,,,,,,,,,,,,,,,,,,1,,,,,,,,,,,,,
2645,23-10-2014,,,,,,,,,,,,,,,,,,,,,,,,,,,,,,,,,,,,,,
2645,26-06-2015,,,,,,,,,,,,,,,,,,,,,,,,,,,,,,,,,,,1,,,
2645,27-06-2015,,,,,,,,,,,,,,,,,,,,,,,,,,,,,,,,,,,,,,
2646,2003-06-15,,,,,,,,,,,,,,,,,,,,,,,,,,,,,,,,,,,,,,
2646,2011-11-15,,,,,,,,1,,,,,,,,,,,,,,,,,,,,,,,,,,,,,,
2648,2008-11-15,,1,,,,,,,,,,,,,,,,,,,,,1,,,,,,,,,,,,,,,
2648,2010-07-15,,,1,,,,,,,,,,,,,,,,,,,,,,,,,,,,,,,,,,,
2648,22-05-2014,,,,,,,,,,,,,,,,,,,,,,,,,,,,,,,,,,,,,,
2648,25-04-2014,,,,,1,,,,,,,,,,,,,,,,,,,,,,,,,,,,,,,,,
2648,29-01-2015,,,,,,,,,,,,,,1,,,,,,,,,,,,,,,,,,,,,,,,
2649,18-02-2014,1,,,,,,,,,,,,,,,,,,,,,,,,,,,,,,,,,,,,,
2649,2002-08-14,,,,,,,,,,,1,,,,,,,,,,,,,,,,,,,,,,,,,,,
2649,28-11-2015,,,,,,,,,,,,,,,,,,,,,,,,,,,,,,,,,,1,,,,
2650,2005-10-15,,1,,,,,,,,,,,,,,,,,,,,,,,,,,,,,,,,,,,,
2650,2009-08-14,,,,,,,,,,,,,,,,,,,,,,,,,,,,,,,,,,,,,,
2650,2011-05-15,,,1,,,,,,,,,,,1,,,,,,,,,,,,,,,,,,,,,,,,
2652,2001-08-15,,,,,,,,,,,,,,,,,,,1,,,,,,,,,,,,,,,,,,,
2652,26-12-2015,1,,,,,,,,,1,,,1,,,,,,,,,,,,,,,,,,,,,,,,,
2653,17-04-2015,,,,,,,,,,,,,,,,,,,,,,,,,,,,,1,,,,,,,,,
2653,2002-03-15,,,,,,,,,1,,,,,,,,,,,,,,,,,,,,,,,,,,,,,
2653,2006-06-14,,,,,,,,,,,,,,,,,,,,,,,,,1,,,,,,,,,,,,,
2653,2007-12-15,1,,,,,,,,,,,,,,,,,,,,,,,,,,,,,,,,,,,,,
2653,21-04-2014,,,,,,,,,,,,,1,,,,,,,,,,,,,,,,,,,,,,,,,
2654,2003-03-15,,,,,1,,,,,,,,,,,,,,,,,,,,,,,,,,,,,,,,,
2654,2008-08-14,,,,,,1,,,,,,,,,,,,,,,,,,,,,,,,,,,,,,,,
2654,25-11-2015,,,,,,,,,,,,,,,,,,,,,,,,,,,,,,,,,,,,,,
2655,2001-07-15,,,,,,,,,,,,,,,,,,,,,,,1,,,,,,,,,,,,,,,
2655,2005-01-15,,,,,,,,,,,,,,,,,,,,,,,,,,,,,,,,,,,,,,
2656,16-12-2015,,1,,,,,,,,,,,,,,,,,,,,,,,,,,,,,,,,,,,,
2656,2002-02-15,,,,,,,,,,,,1,,,,,,,,,,,,,,,,,,,,,,,,,,
2656,2005-06-14,,,,,,,,,,,1,,,,,,,,,,,,,,,,,,,,,,,,,,,
2657,2001-04-15,,,,,,,,,,,,1,,,,,,,,,,,,,,,,,,,,,,,,,,
2658,28-09-2014,,,,,1,,,,,,,,,,,,,,,,,,,,,,,,,,,,,,,,,
2659,15-06-2015,,,1,,,,,,,,,,,,,,,,,,,,,,,,,,,,,,,,,,,
2659,2001-06-15,,,,,,,,,,,,1,,,,,,,,,,,,,,,,,,,,,,,,,,
2659,2008-05-15,,,,,,,,,,,,,,,,,,,1,,,,,,,,,,,,,,,,,,,
2659,2008-12-15,,,,,,,1,,,,,,,,,,,,,,,,,,,,,,,,,,,,,,,
2659,28-07-2014,,,1,,,,,,,,,,,,,,,,,,,,,,,,,,,,,,,,,,,
2660,2011-09-14,,,1,,,,,,,,,,,,,,,,,,,,,,,,,,,,,,,,,,,
2661,14-12-2014,1,,,,,,,,,,,,,,,,,,,,,,,,,,,,,,,,,,,,,
2661,2001-05-15,,,,,,,,,,,1,,,,,,,,,,,,,,,,,,,,,,,,,,,
2661,2005-12-14,,,,,,1,,,,,,,,,,,,,,,,,,,,,,,,,,,,,,,,
2662,2003-02-14,,,,,1,,,,,,,,,,,,,,,,,,,,,,,,,,,,,,,,,
2662,2005-12-14,,,1,,,,,,,,,,,,,,,,,,,,,,,,,,,,,,,,,,,
2663,15-11-2014,,,1,,,,,,,,,,,,,,,,,,,,,,,,,,,,,,,,,,,
2663,2002-08-14,,,,,,1,,,,,,,,,,,,,,,,,,,,,,,,,,,,,,,,
2663,2010-09-15,,,,,,,,,,1,,,,,,,,,,,,,,,,,,,,,,,,,,,,
2663,21-10-2015,,,,,,,,,,,,,,,,,,,,,,,,,,,,,,,,,,1,,,,
2663,28-05-2015,1,,,,,,,,,,,,,,,,,,,,,,,,,,,,,,,,,,,,,
2663,30-03-2014,,,,,,1,,,,,,,,,,,,,,,,,,,,,,,,,,,,,,,,
2664,20-09-2015,,,,,,,,,,1,,,,,,,,,,,,,,,,,,,,,,,,,,,,
2664,2008-01-14,,,,,,,,,,,,,,1,,,,,,,,,,,,,,,,,,,,,,,,
2664,2008-10-14,,,,,,,,,,1,,,,,,,,,,,,,,,,,,,,,,,,,,,,
2666,16-05-2014,,,,,,,,,,,,,,,,,,,,,,,,,,,,,,,,,,,,,,
2666,2001-09-14,,,,,1,,,,,,,,,,,,,,,,,,,,,,,,,,,,,,,,,
2666,2006-04-15,1,,,,,,,,,,,,,,,,,,,,,,,,,,,,,,,,,,,,,
2666,26-05-2014,1,,,,,,,,,,,,,,,,,,,,,,,,,,,,,,,,,,,,,
2667,22-10-2014,,,,,1,,,,,,,,,,,,,,,,,,,,,,,,,,,,,,,,,
2669,20-03-2014,,,,,,,,,,,,,,,,1,,,,,,,,,,,,,,,,,,,,,,
2669,24-03-2014,,,,,,,,,,,,,,,,,,,,,,,,,,,,,1,,,,,,,,,
2669,24-09-2015,,,,,,,1,,,,,,,,,,,,,,,,,,,,,,,,,,,,,,,
2670,15-08-2014,,,,,,,,,,,,,,,,,,,,,,,,,,,,,1,,,,,,,,,
2670,29-04-2015,,,,,,,,,,,,,,,,,,,1,,,,,,,,1,,,,,,,,,,,
2671,2002-12-14,,,,,,,1,,,,,,,,,,,,,,,,,,,,,,,,,,,,,,,
2671,2004-06-14,1,,,,,,,,,,,,,,,,,,,,,,,,,,,,,,,,,,,,,
2671,25-04-2014,,,,,,,1,,,,,,,,,,,,,,,,,,,,,,,,,,,,,,,
2672,17-01-2015,,,,,,,,,,,,,,,,,,,,,,,,,,,,,,,,,,,,,,
2673,16-12-2014,,,,,,,,,,,,,,,,,,,1,,,,,,,,,,,,,,,,,,,
2673,2010-12-15,,,,,,,,,,,,,,,,,,,1,,,,,,,,,,,,,,,,,,,
2673,22-04-2014,,,,,,,,,,,,,,,,,,,,,,1,,,,,,,,,,,,,,,,
2673,23-04-2014,,,,,1,,,,,,,,,,,,,,,,,,,,,,,,,,,,,,,,,
2674,19-05-2014,,,,,,,,,,1,,,,,,,,,,,,,,,,,,,,,,,,,,,,
2674,2001-05-14,,,,,1,,,,,,,,,,,,,,,,,,,,,,,,,,,,,,,,,
2676,15-08-2015,,,,,,,,1,,1,,,,,,,,,,,,,,,,,,,,,,,,,,,,
2676,2006-10-14,,,,,,,,,,,,,,1,,,,,,,,,,,,,,,,,,,,,,,,
2676,2010-01-14,,,,,,1,,,,,,,,,,,,,,,,,,,,,,,,,,,,,,,,
2677,2007-12-15,,,,,,,,,,,,,,,,,,,,,,,,,,,,,,,,,,,,,,
2677,23-12-2015,1,,,,,,,,,,,,,,,,,,,,,,,,,,,,,,,,,,,,,
2678,20-03-2015,,,1,,,,,,,,,,,,,,,,,,,,,,,,,,,,,,,,,,,
2678,2004-04-15,,,,,,,,,,,,,,,,,,,,,,,,,,,,,,,,,,1,,,,
2678,21-09-2015,,,,,,,,,,,,,,,,,,,,,,,,,,,1,,,,,,,,,,,
2680,16-03-2014,,,,,,1,,,,,,,,,,,,,,,,,,,,,,,,,,,,,,,,
2680,2003-01-15,,,,,,,,,,,,,,,,,,,,,,,,,,,,,,,,,,,,,,
2680,2011-08-15,,,,,,,,,,,,,,1,,,,,,,,,,,,,,,,,,,,,,,,
2681,2002-05-15,,1,,,,,,,,,,,,,,,,,,,,,,,,,,,,,,,,,,,,
2681,2004-09-14,,,,,,,,,,,,,,,,,,,,,,,1,,,,,,,,,,,,,,,
2681,24-02-2015,,,,,,,,,,,,,,,,,,,,,,,,,,,,,,,,,,,,,,
2682,16-06-2015,1,,,,,,,,,,,,,,,,,,,,,,,,,,,,,,,,,,,,,
2682,20-02-2014,,,,,,1,,,,,,,,,,,,,,,,,,,,,,,,,,,,,,,,
2682,2001-12-15,,,,,1,,,,,,,,,,,,,,,,,,,,,,,,,,,,,,,,,
2682,28-06-2015,,,,,,,,,,,,,,,,,,,,,,,,,,,,,,,,,,,,,,
2683,18-01-2015,,,,,,,,,,,,,,,,,,,,,,,,,,,1,,,,,,,,,,,
2683,2011-08-15,,,,,,,,1,,,,,,,,,,,,,,,,,,,,,,,,,,,,,,
2684,2011-01-15,,,,,,,,,,,,,,1,,,,,,,,,,,,,,,,,,,,,,,,
2685,2007-10-15,,,,,,,,,,,1,,,,,,,,,,,,,,,,,,,,,,,,,,,
2685,2012-04-14,,,,1,,,,,,,,,,,,,,,,,,,,,,,,,,,,,,,,,,
2686,2009-12-14,,,,,,,,,,,,,,,,,,,,,,,,,,,,,,,,,,,,,,
2687,16-12-2014,,,,,,,,,,,,,,,,,,,,1,,,,,,,,,,,,,,,,,,
2687,2009-08-14,,,,,,,,1,,,,,,,,,,,,,,,,,,,,,,,,,,,,,,
2687,31-07-2015,,,,,,,,1,,,,,,,,,,,,,,,,,,,,,,,,,,,,,,
2688,2011-04-15,,,,,,,,,,,,,,,,,,,,,,,,,,,,,,,,,,,,,,
2688,21-12-2014,1,,,,,,,,,,,,,,,,,,,,,,,,,,,,,,,,,,,,,
2689,19-04-2014,,,,,,,,,,,,,,,,,,,,,,,,,,,,1,,,,,,,,,,
2689,30-04-2015,,,1,,1,,,,,,,,,,,,,,,1,,,,,,,,,,,,,,,,,,
2690,2001-04-15,,,,,,1,,,,,,,,,,,,,,,,,,,,,,,,,,,,,,,,
2690,2001-05-15,,,,,1,,,,,,,,,,,,,,,,,,,,,,,,,,,,,,,,,
2690,2006-03-15,,,,,,,,,,1,,,,,,,,,,,,,,,,,,,,,,,,,,,,
2691,2005-02-15,,,,,,,,,,,,,,1,,,,,,,,,,,,,,,,,,,,,,,,
2691,2009-10-15,,1,,,,,,,,,,,,,,,,,,,,,,,,,,,,,,,,,,,,
2692,2004-10-14,,,,1,,,,,,,,,,,,,,,,,,,,,,,,,,,,,,,,,,
2692,2009-10-15,,1,,,,,,,,,,,,,,,,,,,,,,,,,,,,,,,,,,,,
2693,14-02-2014,,,,,,,,,,,,,,,,,,,,,,1,,,,,,,,,,,,,,,,
2693,2002-11-15,,1,,,,,,,,,,,,,,,,,,,,,,,,,,,1,,,,,,,,,
2693,21-05-2014,,,,,,,,,,,,,,,,1,,,,,,,,,,,,,,,,,,,,,,
2694,19-06-2015,,,,,,,,,,,,,,,,,,,,,,,,,,,,,,,,,,,,,,
2694,2009-05-14,,,,,,,1,,,,,,,,,,,,,,,,,,,,,,,,,,,,,,,
2694,2009-10-14,,,,,,,,1,,,,,,,,,,,,,,,,,,,,,,,,,,,,,,
2694,21-02-2014,,,,,,,1,,,,,,,,,,,,,,,,,,,,,,,,,,,,,,,
2694,21-11-2015,,,1,,,,,,,,,,,,,,,,,,,,,,,,,,,,,,,,,,,
2694,24-11-2015,1,,,,,,,,,,,,,,,,,,,,,,,,,,,,,,,,,,,,,
2695,2004-07-15,,,1,,,,,,,,,,,,,,,,,,,,1,,,,,,,,,,,,,,,
2695,2007-01-15,1,,,,,,,,,,,,,,,,,,,,,,,,,,,,,,,,,,,,,
2696,17-10-2014,,,,1,,,,,,,,,,,,,,,,,,,,,,,,,,,,,,,,,,
2696,2002-09-15,,,,,,1,,,,,,,,,,,,,,,,,,,,,,,,,,,,,,,,
2696,2009-05-15,,,,,,,,,,,,,,,,,,,,,,,,,,,,,,,,,,,,,,
2696,23-12-2014,1,,,,,,,,,,,,,,,,,,,,,,,,,,,,,,,,,,,,,
2697,17-02-2014,,,,,,,,,,,,,,,,,,,,,,,,,,,1,,,,,,,,,,,
2698,14-10-2014,1,,,,,,,,,,,,,,,,,,,,,,,,,,,,,,,,,,,,,
2698,24-01-2015,,1,,,,,,,,,,,1,,,,,,,,,,,,,,,,,,,,,,,,,
2698,31-03-2014,,,,,,,,,,,1,,,,,,,,,,,,,,,,,,,,,,,,,,,
2699,18-04-2015,,,,,,1,,,,,,,,,,,,,,,,,,,,,,,,,,,,,,,,
2699,28-11-2015,,,,,,,,,1,,,,,,,,,,,,,,,,,,,,,,,,,,,,,
2700,13-05-2015,,,,,,,,,,,,1,,,,,,,,,,,,,,,,,,,,,,,,,,
2700,18-10-2015,,,,,,,,,,,,,,,,,,,,,,,,,,,,,,,,,,,,,,1
2700,22-01-2015,,,,,,,,,,,,,,,,,,,,,,,,,,,,,,,,,,,,,,
2701,16-08-2014,1,,,,,,,,,,,,,,,,,,,,,,,,,,,,,,,,,,,,,
2702,2008-04-15,,,1,,,,,,,,,,,,,,,,,,,,,,,,,,,,,,,,,,,
2702,2008-09-14,,,,,,,,,,,,,1,,,,,,,,,,,,,,,,,,,,,,,,,
2702,2012-11-14,,,,,,,,,,,1,,,,,,,,,,,,,,,,,,,,,,,,,,,
2702,27-05-2015,,,,,,,,,,,,,,,,,,,,,,,1,,,,,,,,,,,,,,,
2703,27-03-2015,,,,,,,,,,,,1,,,,,,,,,,,,,,,,,,,,,,,,,,
2703,29-09-2014,,,,,,,,,,,,,,1,,,,,,,,,,,,,,,,,,,,,,,,
2705,20-12-2014,,,,,1,,,,,,,,,,,,,,,,,,,,,,,,,,,,,,,,,
2705,25-07-2014,1,,,,,,,,,,,,,,,,,,,,,,,,,,,,,,,,,,,,,
2706,14-08-2015,,,,,,,,,,,,,,,,,,,,,,,,,,,,,,,,,,,,,,
2706,2003-10-15,,,1,,,,,,,,,,,,,,,,,,,,,,,,,,,,,,,,,,,
2706,2010-10-14,1,,,,,,,,,,,,,,,,,,,,,,,,,,,,,,,,,,,,,
2706,2012-02-15,,,,,,,,,,,,,,,,,,,,,,,,1,,,,,,,,,,,,,,
2706,24-02-2014,,,,,,,,,,,,,,1,,,,,,,,,,,,,,,,,,,,,,,,
2707,18-10-2015,,,,,,,,,,,,,,,,,,,,,1,,,,,,,,,,,,,,,,,
2707,2005-05-15,,,,,,,,,,1,,,,,,,,,,,,,,,,,,,,,,,,,,,,
2707,2007-03-15,1,,,,,,,,,,,,,,,,,,,,,,,,,,,,,,,,,,,,,
2707,22-06-2015,,,,,,,,,,,1,,,,,,,,,,,,,,,,,,,,,,,,,,,
2708,17-02-2015,,,,,,,,,,,,,,,,,,,,,,,,,,,,,,,,,,,,,,
2709,20-08-2015,,,,,,,,,,,,,,1,,,,,,1,,,,,,,,,,,,,,,,,,
2709,2001-01-14,,,,,,,,,,,,,,,,,,,1,,,,,,,,,,,,,,,,,,,
2709,2002-04-14,1,,,,,,,,,,,,,,,,,,,,,,,,,,,,,,,,,,,,,
2711,13-09-2015,,,,,,,,,,,,,,1,,,,,,,,,,,,,,,,,,,,,,1,,
2711,18-08-2015,,,,,,,,,,,,,,,,,,,1,,,,,,,,,,,,,,,,,,,
2712,15-08-2014,,,,,,,,1,,,,,,,,,,,,,,,,,,,,,,,,,,,,,,
2712,2011-09-15,,,,,,1,,,,,,,,,,,,,,,,,,,,,,,,,,,,,,,,
2712,21-06-2015,,,,,1,,,,,,,,,,,,,,,,,,,,,,,,,,,,,,,,,
2712,26-09-2015,1,,,,,,,,,,,,,,,,,,,,,,,,,,,,,,,,,,,,,
2713,18-08-2015,,,,,,1,,,,,,,,,,,,,,,,,,,,,,,,,,,,,,,,
2713,2007-11-14,,,,,,,,,,,,,,,,,,,,,,1,,,,,,,,,,,,,,,,
2714,15-03-2015,,,,,,,,,,,,,,,,,,,1,,,,,,,,,,,,,,,,,,,
2715,15-03-2015,,,,,,,,,,,,,,,,,,,,,,,,,,,,,,,,,,,,,,
2715,2008-01-15,,,,,,,,1,,,,,,,,,,,,,,,,,,,,,,,,,,,,,,
2715,23-05-2014,,,,,,,1,,,,,,,,,,,,,,,,,,,,,,,,,,,,,,,
2716,16-01-2014,,,,,,,,1,,,,,,,,,,,,,,,,,,,,,,,,,,,,,,
2716,18-01-2015,,,,,,,,,,,,,,,,,,,,,,,,,,,,,,,,,,,,,,
2716,2003-09-14,,,,,,,,,,,,,,,,,,,1,,,,,,,,,,,,,,,,,,,
2716,2005-03-14,,,,,,,,,,,,,,,,,,,,,,,,,1,,,,,,,,,,,,,
2716,2010-09-15,,,1,,,,,,,,,,,,,,,,,,,,,,,,,,,,,,,,,,,
2716,23-09-2015,,,,,,,,,,,,,,,,,,,1,,,,,,,,,,,,,,,,,,,
2717,2002-01-14,,,,,,,,,,,,,,,,,,1,,,,,,,,,,,,,,,,,,,,
2718,2007-02-14,,,,,,,,,,,,,,,,,,,,,,,,1,,,,,,,,,,,,,,
2718,2008-06-15,,,,,,,,,,,,,,,,,,,,,,,,,,,,,,,,,,,,,,
2718,23-03-2015,,,,1,,,,,,,,,,,,,,,,,,,,,,,,,,,,,,,,,,
2718,25-01-2014,,,,,1,,,,,,,,,,,,,,,,,,,,,,,,,,,,,,,,,
2718,25-01-2015,1,,,,,,,,,,,,,,,,,,,,,,,,,,,,,,,,,,,,,
2719,16-02-2014,1,,,,,,,,,,,,,,,,,,,,,,,,,,,,,,,,,,,,,
2719,19-04-2015,,,,,,,,,,,,,,1,,,,,,,,,,,,,,,,,,,,,,,,
2719,2010-04-15,,,,,,1,,,,,,,,,,,,,,,,,,,,,,,,,,,,,,,,
2721,15-07-2015,,,,,,,,,,,,,,,,,,,1,,,,,,,,,,,,,,,,,,,
2722,13-11-2014,,,,,,,,,,,,,,1,,,,,,,,,,,,,,,,,,,,,,,,
2722,26-07-2014,,,,,1,,,,,,,,,,,,,,,,,,,,,,,,,,,,,,,,,
2723,2003-11-15,,1,,,,,,,,,,,,,,,,,,,,,,,,,,,,,,,,,,,,
2723,27-10-2014,,,,,,,,,,,,,,1,,,,,,,,,,,,,,,,,,,,,,,,
2724,23-04-2014,,,1,,,,,,,,,,,,,,,,,,,,,,,,,,,,,,,,,,,
2724,30-04-2015,,,,,,,,,,,,,,,,,,,,,,,,,,1,,,,,,,,,,,,
2725,27-01-2014,,,,,,,,,,,,1,,,,,,,,,,,,,,,,,,,,,,,,,,
2726,27-11-2014,,,,,,,,,,,,,1,,,,,,,,,,,,,,,,,,,,,,,,,
2727,15-12-2015,1,,,,,,,,,,,,,,,,,,,,,,,,,,,,,,,,,,,,,
2727,2001-01-14,,,,,,,,,,,,1,,,,,,,,,,,,,,,,,,,,,,,,,,
2728,2002-08-15,,1,,,,,,,,,,,,,,,,,,,,,,,,,,,,,,,,,,,,
2728,28-11-2015,1,,,,,,,,,,,,,,,,,,,,,,,,,,,,,,,,,,,,,
2729,2006-01-15,,,,,,,,,,,,,,1,,,,,,,,,,,,,,,,,,,,,,,,
2729,21-03-2015,,1,,,,,,,,,,,,,,,,,,,,,,,,,,,,,,,,,,,,
2729,23-07-2015,,,,,,,,,,,,1,,,,,,,,,,,,,,,,,,,,,,,,,,
2729,24-09-2015,,,,,,,,,,,1,,,,,,,,,,,,,,,,,,,,,,,,,,,
2729,30-09-2014,,,,,,,,,,,,,,,,,,,,,,,1,,,,,,,,,,,,,,,
2730,15-06-2015,,,,,,,,,,1,,,,,,,,,,,,,,,,,,,,,,,,,,,,
2730,2010-11-15,,1,,,1,,,,,,,,,,,,,,,,,,,,,,,,,,,,,,,,,
2731,2011-04-15,,,,,,,,,,,,,,,,,,,,,,,,,,1,,,,,,,,,,,,
2731,27-08-2014,1,,,,,,,,,,,,,,,,,,,,,,,,,,,,,,,,,,,,,
2732,2002-04-15,,,,,,,,,,,,,,,,,,,,,,,,,,,,,,,,,,,,,,
2732,26-02-2014,,,,,,,,,,,,,,,,,1,,,,,,,,,,,,,,,,,,,,,
2733,2004-01-14,,,,,,,,,,,,,,,,,,,,,,,,,,,,,,,,,,,,,,
2733,22-07-2015,,,,,,,,,,,,,,,,,,,1,,,,,,,,,,,,,,,,,,,
2734,30-03-2015,,,,,,,,,1,,,,,,,,,,,,,,,,,,,,,,,,,,,,,
2735,2001-06-15,,,,,,,,,,,,,,,,,,,1,,,,,,,,,,,,,,,,,,,
2736,13-05-2014,,,1,,,,,,,,,,,,,,,,,,,,,,,,,,,,,,,,,,,
2736,2002-03-15,1,,,,,,,,,,,,,,,,,,,,,,,,,,,,,,,,,,,,,
2736,25-05-2015,,,,,,,,,,,,,,,,,,,,,,,1,,,,,,,,,,,,,,,
2736,26-12-2015,,,,,,,,,,,,,,,,,,,,,,,,,,,,,,,,,,,,,,
2737,26-12-2014,,,,,,1,,,,,,,,,,,,,,,,,,,,,,,,,,,,,,,,
2737,27-08-2014,,,,,1,,,,,,,,,,,,,,,,,,,,,,,,,,,,,,,,,
2738,2003-02-15,1,,,,,,,,,,,,,,,,,,,,,,,,,,,,,,,,,,,,,
2738,2009-11-15,,1,,,,,,,,,,,,,,,,,,,,,,,,,,,,,,,,,,,,
2738,2011-02-14,,1,,,,,,,,,,,,,,,,,,,,,,,,,,,,,,,,,,,,
2738,25-07-2015,,,,,,1,,,,,,,,,,,,,,,,,,,,,,,,,,,,,,,,
2739,19-09-2015,,,,,,,1,,,,,,,,,,,,,,,,,,,,,,,,,,,,,,,
2739,2011-07-14,,,,,1,,,,,,,,,,,,,,,,,,,,,,,,,,,,,,,,,
2741,17-02-2015,,,,,,1,,,,,,,,,,,,,,,,,,,,,,,,,,,,,,,,
2741,2011-09-15,,,,,1,,,,,,,,,,,,,,,,,,,,,,,,,,,,,,,,,
2742,2002-06-14,,,,,,,,,,,,,,,,,,,,,,1,,,,,,,,,,,,,,,,
2742,2010-10-15,,,,,,,,,,,,,,,,,,,,,,,,,1,,,,,1,,,,,,,,
2743,13-07-2015,,,,,,,,,,,,,,1,,,,,,,,,,,,,,,,,,,,,,,,
2743,2005-05-15,,1,,,,,,,,,,,,,,,,,,,,,,,,,,,,,,,,,,,,
2743,2010-08-15,,,,,,,,,,,,,,,,,,,,,,,,,,,,,,,,,,,,,,
2743,2012-05-14,,1,,,,,,,,,,,,,,,,,,,,,,,,,,,,,,,,,,,,
2743,26-02-2014,,,1,,,,,,,,,,,,,,,,,,,,,,,,,,,,,,,,,,,
2744,2006-05-14,,,,,,,,1,,,,,,,,,,,,,,,,,,,,,,,,,,,,,,
2745,19-02-2015,,,,,,1,,,,,,,,,,,,,,,,,,,,,,,,,,,,,,,,
2745,2008-04-15,,,1,,,,,,,,,,,,,,,,,,,,,,,,,,,,,,,,,,,
2745,21-04-2015,,,,,,,,,,,,,,,,,,,,,,,,,,,1,,,,,,,,,,,
2745,27-01-2015,,,,1,,,,,,,,,,,,,,,,,,,,,,,,,,,,,,,,,,
2745,27-04-2014,,,,,1,,,,,,,,,,,,,,,,,,,,,,,,,,,,,,,,,
2746,16-09-2014,,,,,1,,,,,,,,,,,,,,,,,,,,,,,,,,,,,,,,,
2746,17-01-2014,,,,,,,,,,,,1,,,,,,,,,,,,,,,,,,,,,,,,,,
2746,20-04-2014,,,,,,,,1,,,,,,,,,,,,,,,,,,,,,,,,,,,,,,
2747,17-09-2014,1,,,,,,,,,,,,,,,,,,,,,,,,,,,,,,,,,,,,,
2747,2005-07-15,1,,,,,,,,,,,,,,,,,,,,,,,,,,,,,,,,,,,,,
2747,2007-04-14,,,,,1,,,,,,,,,,,,,,,,,,,,,,,,,,,,,,,,,
2747,24-09-2014,,,,,,,,,,,,,,,,,,,1,,,,,,,,,,,,,,,,,,,
2747,30-08-2015,,,,,,,,1,,,,,,,,,,,,,,,,,,,,,,,,,,,,,,
2749,27-01-2015,,,,,,,,,,,,,,,,,,,,,,,,,,,,,,1,,,,,,,,
2750,14-09-2015,,,,,,1,,,,,,,,,,,,,,,,,,,,,,,,,,,,,,,,
2750,2004-10-14,,,,,,,,,,,,,,,,,,,,,1,,,,,,,,,,,,,,,,,
2751,13-10-2014,,,,,,,,,,,,,,,,,,,,,,,,,,,,,,,,,,,,,,
2751,2003-02-15,,,1,,,,,,,,,,,,,,,,,,,,,,,,,,,,,,,,,,,
2751,2008-02-14,,,,,1,,,,,,,,,,,,,,,,,,,,,,,,,,,,,,,,,
2752,2010-10-15,,,,,,,,,,,,,,,,,,,,,,,,,,,,,,,,,,,,,,
2753,2007-07-14,1,,,,,,,,,,,,,,,,,,,,,,,,,,,,,,,,,,,,,
2754,2002-05-15,,,,,,,1,,,,,,,,,,,,,,,,,,,,,,,,,,,,,,,
2754,2004-06-14,1,,,,,,,,,,,,,,,,,,,,,,,,,,,,,,,,,,,,,
2755,17-05-2015,1,,,,,,,,,,,,,,,,,,,,,,,,,,,,,,,,,,,,,
2755,2002-01-14,,1,,,,,,,,,,,,,,,,,,,,,,,,,,,,,,,,,,,,
2755,2006-02-15,,,,,,,,1,,,,,,,,,,,,,,,,,,,,,,,,,,,,,,
2755,25-11-2014,1,,,,,,,,,,,,,,,,,,,,,,,,,,,,,,,,,,,,,
2755,30-10-2014,,,,,,,,,,,,,,,,,1,,,,,,,,,,,,,,,,,,,,,
2756,2008-10-14,,,,,,,,,,,,,,,,,,1,,,,,,,,,,,,,,,,,,,,
2756,23-11-2015,,,,,,,,,,,,1,,,,,,,,,,,,,,,,,,,,,,,,,,
2756,31-07-2015,,,,,,,,,,,,,,,,,,,,,,,,,,,,,,,,,,,,,,
2757,15-02-2015,,,,,,,,,,,,,,,,,,,,,,,,,,,,,,,,,,,,,,
2757,16-12-2015,,,,,,,,,1,,,,,1,,,,,,,,,,,,,,,,,,,,,,,,
2757,28-04-2015,,1,,,,,,,,,,,,,,,,,,,,,,,,,,,,,,,,,,,,
2758,19-11-2015,,,,,,,,,,,,1,,,,,,,,,,,,,,,,,,,,,,,,,,
2758,2006-02-15,,,,,,1,,,,,,,,,,,,,,,,,,,,,,,,,,,,,,,,
2758,24-10-2014,,,,,,,1,,,,,,,,,,,,,,,,,,,,,,,,,,,,,,,
2758,30-06-2014,1,,,,,,,,,,,,,,,,,,,,,,,,,,,,,,,,,,,,,
2759,27-07-2015,,,,,,,,,,,,,,,,,,,1,,,,,,,,,,,,,,,,,,,
2760,14-04-2015,,,,,,1,,,,,,,,,,,,,,,,,,,,,,,,,,,,,,,,
2760,19-04-2014,,,,,,,,,,,,,,,,,,,,,,,,,,,,1,,,,,,,,,,
2760,2001-04-14,1,,,,,,,,,,,,,,,,,,,,,,,,,,,,,,,,,,,,,
2760,2002-08-15,,,,,,,,,,,,,,1,,,,,,,,,,,,,,,,,,,,,,,,
2760,2007-01-15,,,,,,,,,,,,,,,,,,,,,,,,,,,,,,,,,,,,,,
2760,2012-07-15,,,,,,1,,,,,,,,,,,,,,,,,,,,,,,,,,,,,,,,
2760,22-04-2014,,,,,,,,,,,1,,,,,,,,,,,,,,,,,,,,,,,,,,,
2761,19-08-2014,,,,,,,,,,,,,,,,,,,,,,,,,,,,,1,,,,,,,,,
2761,2002-03-15,,,,,,,,,,,,,,,,,,,,,,,,,,,,,,,,,,1,,,,
2761,2011-01-15,,,,,,,,,,,,,,,,,,,,,,,1,,,,,,,,,,,,,,,
2761,24-07-2014,,,,,,,,,,,,,,,,,,,,,,,,,,,,,,,,,,,,1,,
2761,25-04-2015,,,,,,,,,,,,,,1,,,,,,,,,,,,,,,,,,,,,,,,
2761,31-01-2014,,,,,,1,,,,,,,,,,,,,,,,,,,,,,,,,,,,,,,,
2762,18-12-2015,,,,,,,,,,,,,,,,,,,,,,,,,1,,,,,,,,,,,,,
2762,20-03-2015,1,,,,,,,,,,,,,,,,,,,,,,,,,,,,,,,,,,,,,
2762,27-10-2014,,,,,,,,,,,,,1,,,,,,,,,,,,,,,,,,,,,,,,,
2763,13-02-2015,,,,,1,,,,,,,,,,,,,,,,,,,,,,,,,,,,,,,,,
2763,2001-02-15,,,,,,,,,,,,,,,,,,,,,,,1,,,,,,,,,,,,,,,
2764,18-04-2014,,,,,,,,,1,,,,,,,,,,,,,,,,,,,,,,,,,,,,,
2764,24-07-2015,,,,,,1,,,,,,,,,,,,,,,,,,,,,,,,,,,,,,,,
2764,30-03-2014,,,1,,,,,,,,,,,,,,,,,,,,,,,,,,,,,,,,,,,
2765,2004-09-15,,,,1,,,,,,,,,,,,,,,,,,,,,,,,,,,,,,,,,,
2765,22-07-2015,,1,,,,,,,,,,,,,,,,,,,,,,,,,,,,,,,,,,,,
2765,30-11-2015,,,,,,,,,,,,,,,,,,,,,,,,,,,,,,,,,,,,,,1
2766,19-08-2015,,,,,,,,,,,,,,1,,,,,,,,,,,,,,,,,,,,,,,,
2767,27-01-2015,,,,,1,,,,,,,,,,,,,,,,,,,,,,,,,,,,,,,,,
2768,2001-01-15,,,1,,,,,,,,,,,,,,,,,,,,,,,,,,,,,,,,,,,
2768,2005-05-14,,,,,,,,,,,,,1,,,,,,,,,,,,,,,,,,,,,,,,,
2769,23-04-2015,,,,,,,,,,,1,,,,,,,,,,,,,,,,,,,,,,,,,,,
2769,24-08-2014,,,,,,,,,,,,,,,,,,,,,,,1,,,,,,,,,,,,,,,
2769,31-07-2015,,,,,,,,,,,,,,,,,,,,,,,1,,,,,,,,,,,,,,,
2770,15-07-2015,,,,,,,,,,,,,,,,,,,1,,,,,,,,,,,,,,,,,,,
2771,2008-05-14,,,,,,,,,,,,,,,,,,,,,,,,,,,,1,,,,,,,,,,
2771,25-06-2014,,,,,,,,,,,,,,,,,,,,,,1,,,,,,,,,,,,,,,,
2772,18-03-2015,,,1,,,,,,,,,,,,,,,,,,,,,,,,,,,,,,,,,,,
2772,19-08-2014,,,,,,,,,,,,,,,,,,,,,,,,,,,,,,,,,,,,,,
2772,2004-12-15,,,,,,,,,,,1,,,,,,,,,,,,,,,,,,,,,,,,,,,
2772,2007-11-14,,,,,,,,1,,,,,,,,,,,,,,,,,,,,,,,,,,,,,,
2774,26-03-2014,,,,,,1,,,,,,,,,,,,,,,,,,,,,,,,,,,,,,,,
2774,28-10-2015,,,,,,,,,,,,,,,,,,,1,,,,,,,,,,,,,,,,,,,
2775,2006-08-15,,,,,,,1,,,,,,,,,,,,,,,,,,,,,,,,,,,,,,,
2775,2006-11-15,,,,,,,,,,,,,,,,,,,,,,,1,,,,,,,,,,,,,,,
2775,2007-01-15,,,1,,,,,,,,,,,,,,,,,,,,,,,,,,,,,,,,,,,
2776,2003-04-14,,,,,,,,,,,,,1,,,,,,,,,,,,,,,,,,,,,,,,,
2777,2001-06-15,,,,,,,,,,,,,,,,,,,,,,,,,,,,,,,,,,1,,,,
2777,2007-04-15,1,,,,,,,,,,,,,,,,,,,,,,,,,,,,,,,,,,,,,
2777,24-05-2015,1,,,,,,,,,,,,1,,,,,,,,,,,,,,,,,,,,,,,,,
2778,26-04-2014,,,,,,,,,,,,,,,,,,,1,,,,,,,,,,,,,,,,,,,
2779,17-10-2015,1,,,,,,,,,,,,,,,,,,1,,,,,,,,,,,,,,,,,,,
2779,2001-12-15,1,,,,,,,,,,,,,,,,,,,,,,,,,,,,,,,,,,,,,
2779,22-11-2014,,,,,,,,,,,,,,,,,,,,,,,,,1,,,,,,,,,,,,,
2779,27-12-2015,,,,,,,,,,,,,,,,,,,,,,,,,,,,,,,,,,,,,,
2781,2001-06-15,,,,,,,,,,,,,,,,,,,,,,,,,,,,,,,,,,,,,,
2781,2004-10-14,,,,,,,,,,,,,,,,,,,,,,,,,,,,,,,,,,,1,,,
2781,2010-07-14,1,,,,,,,,,,,,,,,,,,,,,,,,,,,,,,,,,,,,,
2781,2011-01-15,,,,,,,,1,,,,,,,,,,,,,,,,,,,,,,,,,,,,,,
2782,2009-04-15,,,1,,,,,,,,,,,,,,,,,,,,,,,,,,,,,,,,,,,
2782,2009-06-15,,,,,,,,1,,,,,,,,,,,,,,,,,,,,,,,,,,,,,,
2783,31-03-2015,,,,,,,,,,,,,,1,,,,,,,,,,,,,,,,,,,,,,,,
2784,13-11-2015,,,1,,,,,,,,,,,,,,,,,,,,,,,,,,,,,,,,,,,
2784,2010-08-14,,,,,,,,,,,,,,,,,,,,,,,,,,,1,,,,,,,,,,,
2784,24-12-2014,,,,,,,,,,,,,,,,,,,,,,,,,,,,,,1,,,,,,,,
2784,26-05-2014,1,,,,,,,,,,,,,,,,,,,,,,,,,,,,,,,,,,,,,
2785,18-10-2015,,,1,,,,,,,,,,,,,,,,,,,,,,,,,,,,,,,,,,,
2785,2004-08-15,,,,,,,,,,,,,,,,,,,,,,,,,,,,,,,,1,,,,,,
2785,2012-07-15,,,,,,,,,,,,,,,,,,,,,,,,,,,,,,,1,,,,,,,
2786,21-02-2014,,,,,,,,,,,,,,,,,,,,,,,,,,,,,,,1,,,,,,,
2786,25-03-2015,,,,,,,,,,,,,,,,,,,,,,,,,,,,,,,,,,,,,,
2786,30-08-2014,,,,,,1,,,,,,,,,,,,,,,,,,,,,,,,,,,,,,,,
2787,13-03-2015,,,,,,,,,,,,,,1,,,,,,,,,,1,,,,,,,,,,,,,,
2787,2005-03-15,,,,,,,,,,,,,,,,,,,,,,,,,,,,,1,,,,,,,,,
2787,2009-05-15,,,,,,,,1,,,,,,,,,,,,,,,,,,,,,,,,,,,,,,
2787,24-06-2015,,,,,,,,,,,,,,,,,,,,,,,,,,,,,,,,,,,,,,
2787,28-04-2014,,,,,,,,,,,,,,,,,,,,,,,,,,,,,,,,,,1,,,,
2788,17-02-2014,,,,,,,,,,,,,,,,,,,,,,,,,1,,,,,,,,,,,,,
2788,2003-09-15,,,,1,,,,,,,,,,,,,,,,,,,,,,,,,,,,,,,,,,
2789,2001-06-15,,,1,,,,,,,,,,,,,,,,,,,,,,,,,,,,,,,,,,,
2789,2002-11-14,,,,,,,,,,,,,,,,,1,,,,,,,,,,,,,,,,,,,,,
2789,2006-02-15,,,,,,,,,,,,,1,,,,,,,1,,,,,,,,,,,,,,,,,,
2789,2006-06-14,,,,,,,,,,,,,,,,,,,,,,,1,,,,,,,,,,,,,,,
2789,2012-07-14,,,,,,,,,,,,,,,,1,,,,,,,,,,,,,,,,,,,,,,
2789,28-01-2015,1,,,,,,,,,,,,,,,,,,,,,,,,,,,,,,,,,,,,,
2789,29-05-2014,,,,,,,,,,,,,,,,,,,1,,,,,,,,,,,,,,,,,,,
2790,2011-10-15,,,,,,,,,,,,,,,,,,,,,,,,,,,,,,,,,,,,,,
2790,30-12-2015,,,,,,,,,,,,,,,,,,,1,,,,,,,,,,,,,,,,,,,
2791,21-11-2014,,,,,,1,,,,,,,,,,,,,,,,,,,,,,,,,,,,,,,,
2792,29-07-2015,1,,,,,,,,,,,,,,,,,,,,,,,,,,1,,,,,,,,,,,
2794,13-07-2014,1,,,,,,,,,,,,,,,,,,,,,,,,,,,,,,,,,,,,,
2794,18-02-2014,,,,,,,,,,1,,,,,,,,,,,,,,,,,,,,,,,,,,,,
2794,2012-09-15,1,,,,,,,,,,,,,,,,,,,,,,,,,,,,,,,,,,,,,
2794,29-09-2015,,,,,,,,,,,,,,,,,,,,,,,,,,,,,,,,,,,,,,
2795,19-03-2014,,,,,1,,,,,,,,,,,,,,,,,,,,,,,,,,,,,,,,,
2795,2003-05-14,,,,,,,,1,,,,,,,,,,,,,,,,,,,,,,,,,,,,,,
2795,2006-05-15,,,,,,,,,,,,,,1,,,,,,,,,,,,,,,,,,,,,,,,
2795,2012-03-15,,1,,,,,,,,,,,,,,,,,,,,,,,,,,,,,,,,,,,,
2795,27-06-2014,1,,,,,,,,,,,,,,,,,,,,,,,,,,,,,,,,,,,,,
2796,16-02-2014,,,,,,,,,1,,,,,,,,,,,,,,,,,,,,,,,,,,,,,
2796,17-10-2015,,,,,,1,,,,,,,,,,,,,,,,,1,,,,,,,,,,,,,,,
2796,18-04-2014,,,,,,1,,,,,,,,,,,,,,,,,,,,,,,,,,,,,,,,
2796,19-05-2015,,,,,,,,,,,,,,,,,,,,1,,,,,,,,,,,,,,,,,,
2797,2008-08-14,,,,,,,,1,,,,,,,,,,,,,,,,,,,,,,,,,,,,,,
2797,2012-09-15,,,,,,,,,,1,,,,,,,,,,,,,,,,,,,,,,,,,,,,
2798,17-06-2015,,,,,,,,,,1,,,,,,,,,,,,,,,,,,,,,,,,,,,,
2798,27-06-2014,,,,,,,,1,,,,,,,,,,,,,,,,,,,,,,,,,,,,,,
2799,17-06-2015,,,,1,,,,,,,,,,,,,,,,,,,,,,,,,,,,,,,,,,
2799,2010-09-15,,,,,,,,,,,,,,1,,,,,,,,,,,,,,,,,,,,,,,,
2799,2012-08-15,1,,,,,,,,,,,1,,,,,,,,,,,,,,,,,,,,,,,,,,
2799,24-09-2014,,,,,,1,,,,,,,,,,,,,,,,,,,,,,,,,,,,,,,,
2799,25-05-2015,,,,,,,,,,,,,,,,,,,,,,,,,,,,,,,,,,,,,,
2799,27-02-2015,,,,,,,,,,,,,,,,,,,,,,,,,,,,,,,,,,1,,,,
2800,17-03-2015,,,,,,,,,,,,,,1,,,,,,,,,,,,,,,,,,,,,,,,
2800,2002-02-15,,,,,,,,,,,,,,,,,,,,,,,,,1,,,,,,,,,,,,,
2800,2002-10-15,,,,,,,1,,,,,,,,,,,,,,,,,,,,,,,,,,,,,,,
2800,29-10-2014,,,,,,1,,,,,,,,,,,,,,,,,,,,,,,,,,,,,,,,
2801,17-07-2014,,,,,,,,,,,,,,,,,,,,,,,,,,,,,,,,,,,,,,
2801,2010-10-14,,,,,,,,,,,,,,,,,,,,,,,,,1,,,,,,,,,,,,,
2801,23-01-2014,,,,,1,,,,,,,,,,,,,,,,,,,,,,,,,,,,,,,,,
2802,14-09-2014,1,,,,,,,,,,,,,,,,,,,,,,,,,,,,,,,,,,,,,
2802,15-12-2014,1,,,,,,,,,,,,,,,,,,,,,,,,,,,,,,,,,,,,,
2802,28-07-2014,1,,,,,,,,,,,,,,,,,,,,,,,,,,,,,,,,,,,,,
2803,2003-07-14,,,1,,,,,,,,,,,,,,,,,,,,,,,,,,,,,,,,,,,
2803,2004-03-14,,,,,,,,,,,,,,,,,,,,,,,,,,,,,,,,1,,,,,,
2803,26-10-2014,,,,,,,,,,,,,,,,,,,,,,1,,,,,,,,,,,,,,,,
2804,19-09-2014,,,,,,1,,,,,,,,,,,,,,,,,,,,,,,,,,,,,,,,
2804,2005-07-14,,,,,,,,1,,,,,,,,,,,,,,,,,,,,,,,,,,,,,,
2805,16-08-2014,,,,,,,,,,,,,,,,,,,,,,,,,1,,,,,,,,,,,,,
2805,17-08-2015,,,,,,,,1,,,,,,,,,,,,,,,,,,,,,,,,,,,,,,
2805,18-04-2015,,,,,,,,,,,,,,,,,,,,,,1,,,,,,,,,,,,,,,,
2805,30-08-2015,,,,,,,,,,,,,,,,,,,,1,,,,,,,,,,,,,,,,,,
2806,13-03-2014,,,,,,,,,,,1,,,,,,,,,,,,,,,,,,,,,,,,,,,
2807,17-07-2014,1,,,,,,,,,,,,,,,,,,,,,,,,,,,,,,,,,,,,,
2807,2003-07-15,,,1,,,,,,,,,,,,,,,,,,,,,,,,,,,,,,,,,,,
2808,2005-05-15,,,,,1,,,,,,,,,,,,,,,,,,,,,,,,,,,,,,,,,
2808,23-01-2014,,,,,,1,,,,,,,,,,,,,,,,,,,,,,,,,,,,,,,,
2809,2010-04-15,1,,,,,,,,,,,,,,,,,,,,,,1,,,,,,,,,,,,,,,
2810,2005-11-14,,,,,,,,,,,,,,,,,,,,,,,,,,,,,,,,,,,,,,
2810,2008-02-14,,,,,1,,,,,,,,,,,,,,,,,,,,,,,,,,,,,,,,,
2810,22-09-2015,,,,,,,,,,,,,,,,,,,,,,,,,,,,,,,,,,,,,,
2810,29-01-2015,,,,,1,,,,,,,,,,,,,,,,,,,,,,,,,,,,,,,,,
2811,2010-05-14,,1,,,,,,,,,,,,,,,,,,,,,,,,,,,,,,,,,,,,
2811,22-07-2014,,,,,,,,,,,,,,,,,,,,,,,,,,,,,,,,,,1,,,,
2811,23-02-2015,,1,1,,,,,,,1,,,,,,,,,,,,,,,,,,,,,,,,,,,,
2812,2008-12-14,,,,,,,,,1,,,,,,,,,,,,,,,,,,,,,,,,,,,,,
2812,28-08-2014,,,,,,,,,,,,,,,,,,,,,,,,,,,,,1,,,,,,,,,
2813,16-07-2015,,,,,,,,,,,,,,,,,,,,,,1,,,,,,,,,,,,,,,,
2813,16-11-2015,,,,,,,1,,,,,,,,,,,,,,,,,,,,,,,,,,,,,,,
2813,17-02-2014,,,1,,,,,,,,,,,,,,,,,,,,,,,,,,,,,,,,,,,
2813,2001-10-15,1,,,,,,,,,,,,,,,,,,,,,,,,,,,,,,,,,,,,,
2814,15-12-2014,,,,,1,,,,,,,,,,,,,,,,,,,,,,,,,,,,,,,,,
2814,17-07-2015,,,,,,,,,,,,1,,,,,,,,,,,,,,,,,,,,,,,1,,,
2814,18-09-2015,,,,,,,,,,,,,,,,,,,,,,,,,,,1,,,,,,,,,,,
2814,2008-01-15,,,,,,,1,,,,,,,,,,,,,,,,,,,,,,,,,,,,,,,
2814,2010-06-14,1,,,,,,,,,,,,,,,,,,,,,,,,,,,,,,,,,,,,,
2814,2011-05-15,,,,,,,,,,,,,,,,,,,,,,,,,,1,,,,,,,,,,,,
2815,2010-09-15,,,,,1,,,,,,,,,,,,,,,,,,,,,,,,,,,,,,,,,
2815,23-09-2014,,,,,,,,,,,,,,,,,,,,,,,,,1,,,,,,,,,,,,,
2815,30-10-2014,,1,,,,,,,,,,,,,,,,,,,,,,,,,,,,,,,,,,,,
2816,15-05-2015,1,,,,,,,,,,,,,,,,,,,,,,,,,,,,,,,,,,,,,
2816,18-01-2014,,,,,,,,,,,,,,1,,,,,,,,,,,,,,,,,,,,,,,,
2816,19-06-2015,,,,,,,,,,,,,1,,,,,,,,,,,,,,,,,,,,,,,,,
2816,2001-10-15,,,1,,,,,1,,,,,,,,,,,,,,,,,,,,,,,,,,,,,,
2816,2006-03-14,,,,,,,,,,,,,,1,,,,,,,,,,,,,,,,,,,,,,,,
2816,30-09-2015,,,,,,,,,,1,,,,,,,,,,,,,,,,,,,,,,,,,,,,
2817,22-12-2015,,,,,,,,,,,,,,,,,,,,,,,1,,,,,,,,,,,,,,,
2818,2007-11-15,,,1,,,,,,,,,,,,,,,,,,,,,,,,,,,,,,,,,,,
2818,2011-11-15,,,,,,,,,,,1,,,,,,,,,,,,,,,,,,,,,,,,,,,
2818,22-11-2015,1,,,,,,,,,,,,,,,,,,,,,,,,,,,,,,,,,,,,,
2820,24-11-2014,,,1,,,,,,,,,,,,,,,,,,,,,,,,,,,,,,,,,,,
2822,18-12-2015,,,,,,,,,,,,,,,,,1,,,,,,,,,,,,,,,,,,,,,
2823,17-10-2014,,,,,,,,,,,,,,,,,,,1,,,,,,,,,,,,,,,,,,,
2824,17-09-2014,,,,,,,,,,,,,,,,,,,,,,,,,,,,,,,,,,,,,,
2824,2005-09-14,,,,,,,1,,,,,,,,,,,,,,,,,,,,,,,,,,,,,,,
2824,2007-12-15,,,,,,,,,,,,,,,,,,,,,,,1,,,,,,,,,,,,,,,
2825,25-12-2015,,,,,,,,,,,,,,,,,,,,,,,,,,,,,,,,,,,,,,
2825,29-12-2015,,,,,,,,,,,,,,,,,,,,,,,,,,,,,,,,,,,,,,
2827,16-10-2014,,,,,,,,,,,,,,1,,,,,,,,,,,,,,,,,,,,,,,,
2827,31-10-2015,,1,,,,,,,,,,,,,,,,,,,,,,,,,,,,,,,,,,,,
2829,19-12-2015,,1,,,,,,,,,,,,,,,,,,,,,,,,,,,,,,,,,,,,
2829,2007-07-14,,,,,,,,,,,,,,,,,,,,,,,1,,,,,,,,,,,,,,,
2829,29-10-2015,,,,,,,1,,,,,,,,,,,,,,,,,,,,,,,,,,,,,,,
2830,19-07-2014,,,,,,,,,,,,1,,,,,,,,,,,,,,,,,,,,,,,,,,
2830,21-09-2014,,,,,,,,,,,,,,,,,,,,,,,,,,,,,,,,,,,,,,
2830,22-06-2015,,,,,,,,,,,,,,1,,,,,,,,,,,,,,,,,,,,,,,,
2831,18-05-2014,,,,,,,1,,,,,,,,,,,,,,,,,,,,,,,,,,,,,,,
2831,30-05-2014,,,,,,,,,,,,,,,,,,,,,,,,,,,,,,,,,,,,,,
2832,2002-11-15,,,,,,1,,,,,,,,,,,,,,,,,,,,,,,,,,,,,,,,
2832,29-07-2014,,,,,,,,,,,,,,,,,,,,,,,,,,,,,,,,,,,,,,
2833,14-08-2015,,,,,,,,,,,,,,1,,,,,,,,,,,,,,,,,,,,,,,,
2834,2002-12-15,,,,,,,,,,,,,,,,,,,,,,,,,,,,,,,,,,,1,,,
2834,2007-02-14,,,,,,1,,,,,,,,,,,,,,,,,,,,,,,,,,,,,,,,
2834,26-12-2015,,1,,,,,,,,,,,,,,,,,,,,,,,,,,,,,,,,,,,,
2835,2009-10-15,,,,,,,,,,,,,,1,,,,,,,,,,,,,,,,,,,,,,,,
2835,2010-05-14,,,,,,,,1,,,,,,,,,,,,,,,,,,,,,,,,,,,,,,
2835,23-07-2014,1,,,,,,,,,,,,,,,,,,,,,,,,,,,,,,,,,,,,,
2836,29-12-2015,1,,,,,,,,,,,,,,,,,,,,,,,,,,,,,,,,,,,,,
2837,13-10-2014,,,,,,,,,,,,,,,,,,,,,,,,,1,,,,,,,,,,,,,
2837,19-09-2015,,,,,,,,1,,,,,,,,,,,,,,,,,,,,,,,,,,,,,,
2837,22-04-2015,1,,,,,,,,,,,,,,,,,,,,,,,,,,,,,,,,,,,,,
2838,19-04-2014,,,,,,,,,,,,,1,,,,,,,,,,,,,,,,,,,,,,,,,
2838,2010-11-15,,,,,,,,1,,,,,,,,,,,,,,,,,,,,,,,,,,,,,,
2839,2006-07-14,,,,,,,,,,,,,,,,,,,,,,,,,,,,,,,,,,,,,,
2839,29-06-2014,,1,,,,,,,,,,,,,,,,,,,,,,,,,,,,,,,,,,,,
2839,31-10-2015,,1,,,,,,,,,,,,,,,,,,,,,,,,,,,,,,,,,,,,
2840,2007-08-15,,,,,,,,,,,,,,,,,,,,,,,1,,,,,,,,,,,,,,,
2840,22-07-2014,,,,1,,,,,,,,,,,,,,,,,,,,,,,,,,,,,,,,,,
2840,27-01-2015,,,,,,,,,,,,1,,,,,,,,,,,,,,,,,,,,,,,,,,
2840,27-05-2015,,,,,,1,,,,,,,,,,,,,,,,,,,,,,,,,,,,,,,,
2842,15-05-2014,,1,,,,,,,,,,,,,,,,,,,,,,,,,,,,,,,,,,,,
2842,29-07-2015,,,,,,,,,,,,,,,,,,,,,,,,,,,,,,,,,,,,,,
2843,14-04-2014,,,,,,,,1,,,,,,,,,,,,,,,,,,,,,,,,,,,,,,
2843,14-12-2015,1,,,,,,,,,,,,,,,,,,,,,,,,,,,,,,,,,,,,,
2843,2012-10-15,,,,,,,1,,,,,,,,,,,,,,,,,,,,,,,,,,,,,,,
2844,21-05-2015,,,1,,,,,,,,,,,,,,,,,,,,,,,,,,,,,,,,,,,
2845,2001-10-15,,,,,,1,,,,,,,,,,,,,,,,,,,,,,,,,,,,,,,,
2846,15-08-2015,,,,,,,,,1,,,,,,,,,,,,,,,,,,,,,,,,,,,,,
2846,23-09-2015,,,,,,1,,,,,,,,,,,,,,,,,,,,,,,,,,,,,,,,
2847,18-05-2015,,,,,,,,,1,,,,,,,,,,,,,,,,,,,,,,,,,,,,,
2847,2005-01-14,,,,,,,,1,,,,,,,,,,,,,,,,,,,,,,,,,,,,,,
2847,28-04-2014,,,,,,,,,,,,1,,,,,,,,,,,,,,,,,,,,,,,,,,
2848,14-07-2014,,,,1,,,,,,,,,,,,,,,,,,,,,,,,,,,,,,,,,,
2848,15-11-2015,,,,,,,,,,1,,,,,,,,,,,,,,,,,,,,,,,,,,,,
2849,24-11-2015,,,,,,,,,,,,,,,,,,,,,,,1,,,,,,,,,,,,,,,
2849,28-05-2014,,,,,,,1,,,,,,,,,,,,,,,,,,,,,,,,,,,,,,,
2849,30-06-2014,,,,,,,,,,,,,,,,,,,,,,,,,,,,,,,,,,,,,,
2850,2010-01-14,,,,,,,1,,,,,,,,,,,,,,,,,,,,,,,,,,,,,,,
2850,27-02-2014,,,,,,,,1,,,,,,,,,,,,,,,,,,,,,,,,,,,,,,
2850,27-03-2015,1,,,,,,,,,,,,,,,,,,,,,,,,,,,,,,,,,,,,,
2851,16-03-2015,,,,,,1,,1,,,,,,,,,,,,,,,,,,,,,,,,,,,,,,
2851,17-02-2015,,,,1,,,,,,,,,,,,,,,,,,,,,,,,,,,,,,,,,,
2851,2001-01-15,1,,,,,,,,,,,,,,,1,,,,,,,,,,,,,,,,,,,,,,
2851,2011-04-14,,,,,,1,,,,,,,,,,,,,,,,,,,,,,,,,,,,,,,,
2852,2008-06-15,,,,,,,,,,,,,,1,,,,,,,,,,,,,,,,,,,,,,,,
2853,17-11-2014,,,1,,,,,,,,,,,,,,,,,,,,,,,,,,,,,,,,,,,
2854,13-02-2014,,,,,,,,1,,,,,,,,,,,,,,,,,,,,,,,,,,,,,,
2854,19-06-2014,,,,,,,,1,,,,,,,,,,,,,,,,,,,,,,,,,,,,,,
2854,2008-02-15,,,,,,1,,,,,,,,,,,,,,,,1,,,,,,,,,,,,,,,,
2855,13-06-2014,1,,,,,,,,,,,,,,,,,,,,,,,,,,,,,,,,,,,,,
2855,17-01-2014,,,,,,,,,,,,,,,,,,,1,,,,,,,,,,,,,,,,,,,
2855,2003-02-15,,,,,,,,,,,,,,,,,,,,,,,,,,,,,,,,,,,,,,
2855,2007-11-14,,,,,,,,1,,,,,,,,,,,,,,,,,,,,,,,,,,,,,,
2855,2008-11-15,,,,,,,,,,,,,,,,,,,,,,,,,,,,,,,,,,,,,,
2855,2009-09-15,,,,,,1,,,,,,,,,,,,,,,,,,,,,,,,,,,,,,,,
2855,25-05-2014,,,1,,,,,,,,,,,,,,,,,,,,,,,,,,,,,,,,,,,
2857,18-02-2015,,,,,1,,,,,,,,,,,,,,,,,,,,,,,,,,,,,,,,,
2857,18-04-2015,1,,,,,,,,,,,,,,,,,,,,,,,,,,,,,,,,,,,,,
2857,2012-12-14,,,,,,,1,,,,,,,,,,,,,,,,,,,,,,,,,,,,,,,
2857,28-08-2014,,1,,,,,,,,,,,,,,,,,,,,,,,,,,,,,,,,,,,,
2859,27-02-2014,,,,,,,,,,,,,,,,,,,,,,,,,,,,,1,,,,,,,,,
2860,20-12-2015,,,,,1,,,,,,,,,,,,,,,,,,,,,,,,,,,,,,,,,
2860,2001-03-15,,,,,,,,,,,,,,,,,,,,,,,,,,,,,,,,,,,,,,
2860,2011-01-14,,,1,,,,,,,,,,,,,,,,,,,,,,,,,,,,,,,,,,,
2860,26-10-2014,,1,,,,,,,,,,,,,,,,,,,,,,,,,,,,,,,,,,,,
2861,15-04-2014,1,,,,,,,,,,,,,,,,,,,,,,,,,,,,,,,,,,,,,
2861,2002-12-15,,,,,,,,,,,,,1,,,,,,,,,,,,,,,,,,,,,,,,,
2861,23-02-2015,1,,,,,,,,,,,,,,,,,,,,,,,,,,,,,,,,,,,,,
2861,25-10-2014,,,,,,,,,,,,,,,,,,,,,,,,,1,,,,,,,,,,,,,
2862,2008-08-15,,,,,,,,,,,,,,,,,,,,,,,,,,,,,,1,,,,,,,,
2863,2003-03-14,,,,,,,,,,,,,,,,,,,,,,,,,,,,,,,,,,1,,,,
2863,2007-07-14,,,,,,,,,,,,1,,,,,,,,,,,,,,,,,,,,,,,,,,
2864,13-03-2015,,,,,,,,,,,,,,1,,,,,,,,,,,,,,,,,,,,,,,,
2864,16-10-2014,,,,,,,,,,,,,,,,,,,,,,,,,,,1,,,,,,,,,,,
2865,23-09-2014,,,,,1,,,,,,,,,,,,,,,,,,,,,,,,,,,,,,,,,
2866,16-04-2014,,,,,,,,,,,,,,,,,,,,1,,,,,,,,,,,,,,,,,,
2867,2012-11-15,1,,,,,,,,,,1,,,,,,,,,,,,,,,,,,,,,,,,,,,
2867,23-12-2015,,,,,,,,,,1,,,,,,,,,,,,,,,,,,,,,,,,,,,,
2867,25-06-2015,,,,1,,,,,,,,,,,,,,,,,,,,,,,,,,,,,,,,,,
2868,15-06-2014,,,,,,,,,,,,,,1,,,,,,,,,,,,,,,,,,,,,,,,
2868,18-07-2015,,,,,,,1,,,,,,,,,,,,,,,,,,,,,,,,,,,,,,,
2868,20-03-2015,,,,,,,,,,,,,,,,,,,,,,,1,,,,,,,,,,,,,,,
2868,2004-03-14,,,,,,,,,,,,,1,,,,,,,,,,,,,,,,,,,,,,,,,
2868,2004-12-15,,1,,,,,,,,,,,,,,,,,,,,,,,,,,,,,,,,,,,,
2868,22-04-2014,,,,,,,,,,,,,,,,,,,,,,,,,,,,,,,,,,,,,,
2869,2002-08-14,,,,,,,,,,,1,,,,,,,,,,,,,,,,,,,,,,,,,,,
2869,2010-12-15,,1,1,,,,,,,,,,,,,,,,,,,,,,,,,,,,,,,,,,,
2869,29-04-2015,1,,,,,,,,,,,,,,,,,,,,,,,,,,,,,,,,,,,,,
2870,14-12-2014,,,1,,,,,,,,,,,,,,,,,,,,,,,,,,,,,,,,,,,
2870,2004-09-14,,,,,,,,,,,,,,,,,,,,,,,1,,,,,,,,,,,,,,,
2870,21-01-2015,,,,,,,,,,1,,,,,,,,,,,,,,,,,,,,,,,,,,,,
2870,25-02-2015,,,,,,,,,,,,1,,,,1,,,,,,,,,,,,,,,,,,,,,,
2870,25-10-2015,,1,,,,,,,,,,,,,,,,,,,,,,,,,,,,,,,,,,,,
2871,20-12-2015,,,,,,,,,,,,1,,,,,,,,,,,,,,,,,,,,,,,,,,
2871,2003-05-14,1,,,,,,,,,,,,,,,,,,,,,,,,,,,,,,,,,,,,,
2871,21-04-2014,,,,,,,,,,,,,,,,,,,,,,,,,,,,,,,,,,,1,,,
2871,21-09-2014,,,,,1,,,,,,,,,,,,,,,,,,,,,,,,,,,,,,,,,
2872,19-09-2015,,,1,,,,,,,,,,,,,,,,,,,,,,,,,,,,,,,,,,,
2873,2003-09-15,,,,,,1,,,,,,,,,,,,,,,,,,,,,,,,,,,,,,,,
2873,2009-10-14,1,,,,,,,,,,,,,,,,,,,,,,,,,,,,,,,,,,,,,
2873,23-05-2014,,,,,,,,1,,,,,,,,,,,,,,,,,,,,,,,,,,,,,,
2873,23-10-2014,1,,,,,,,,,,,,,,,,,,,,,,,,,,,,,,,,,,,,,
2873,28-01-2014,,,,,,,,,,,,,,,,,,,,,,,,,,,,,,,,,,,,,,
2874,15-02-2015,,,,,,,,,,,,,,,,,,,,,,,,,,,,,,,,,,,,,,
2874,2005-01-15,,,,,,,,,,,,,,,,,,,,,,,,,,,,,,,,,,,,,,
2874,2009-09-15,,,,,,,1,,,,,,,,,,,,,,,,,,,,,,,,,,,,,,,
2874,22-01-2015,,,,,,,,,,,,,,,,,,,,,,,,,,,,,,,,,,,,,,
2875,2001-11-15,1,,,,,,,,,,,,,,,,,,,,,,,,,,,,,,,,,,,,,
2876,19-09-2015,,,1,,,,,,,,,,,,,,,,,,,,,,,,,,,,,,,,,,,
2876,2009-09-15,,,,,,,,,,,,,,,,,,,,,,,,,,,,,,,,,,,,,,
2876,22-03-2015,,,,,,,,,,,,,,,,,,,,,,,,,,,,,,,,,,,,,,
2876,30-10-2015,,,,,,1,,,,,,,,,,,,,,,,,,,,,,,,,,,,,,,,
2877,2010-04-15,,,,,,,1,,,,,,,,,,,,,,,,,,,,,,,,,,,,,,,
2878,13-06-2014,,,,,,,,1,,,,,,,,,,,,,,,,,,,,,,,,,,,,,,
2879,27-06-2014,,,,,,,,,,,,,,,,,,,,,,,,,1,,,,,,,,,,,,,
2879,28-12-2015,1,,,,,,,,,,,,,,,,,,,,,,,,,,,,,,,,,,,,,
2880,19-06-2015,,,,,,,,,,,,,,,,,,,,,,,1,,,,,,,,,,,,,,,
2880,2004-12-14,,,1,,,,,,,,,,,,,,,,,,,,,,,,,,,,,,,,,,,
2882,2012-06-15,,,,,,,,,,,,,,,,,,,,,,,,,,,1,,,,,,,,,,,
2882,25-06-2015,,,,,,,,,,,,,,1,,,,,,,,,,,,,,,,,,,,,,,,
2882,26-04-2015,,,,,,,,,,,,,,,,,,,,,,,,,,,,,,,,,,,,,,
2883,17-02-2015,,,,,,,,,,,,,,1,,,,,,,,,,,,,,,,,,,,,,,,
2883,2009-05-14,,,,,,,,,,,,1,,,,,,,,,,,,,,,,,,,,,,,,,,
2883,2012-10-15,,,,,,,,,1,,,,,,,,,,,,,,,,,,,,,,,,,,,,,
2884,17-03-2014,,,,,,,,,,,1,,,,,,,,,,,,,,,,,,,,,,,,,,,
2884,2004-01-15,,,,,,,,,,,,,,,,,,,,,,,,,,,,,,,,,,,,1,,
2884,28-12-2015,,,,,,1,,,,,,,,,,,,,,,,,,,,,,,,,,,,,,,,
2885,15-05-2015,,,,,,,,,,,,,,1,,,,,,,,,,,,,,,,,,,,,,,,
2885,19-11-2015,,,,,,,,,,1,,,,,,,,,,,,,,,,,,,,,,,,,,,,
2885,22-03-2015,,,1,,,,,,,,,,,,,,,,,,,,,,,,,,,,,,,,,,,
2885,25-07-2014,1,,,,,,,,,,,,,,,,,,,,,,,,,,,,,,,,,,,,,
2885,26-12-2014,,,,1,,,,,,,,,,,,,,,,,,,,,,,,,,,,,,,,,,
2886,14-02-2014,,,,,,,,,,,,,,,,,,,,1,,,,,,,,,,,,,,,,,,
2887,17-01-2015,,,1,,,,,,,,,,,,,,,,,,,,,,,,,,,,,,,,,,,
2888,20-12-2015,,,,,,,1,,,,,,,,,,,,,,,,,,,,,,,,,,,,,,,
2888,2004-05-14,,,,,,,,,,,,,1,,,,,,,,,,,,,,,,,,,,,,,,,
2888,2005-09-15,,,,,,,,,,,,,,,,,,,,,,,,,,,,,,,,,,,,,,
2889,20-01-2015,,,,,,,,,,,,,,1,,,,,,,,,,,,,,,,,,,,,,,,
2890,13-02-2014,,,,,,,,,,,1,,,,,,,,,,,,,,,,,,,,,,,,,,,
2891,2002-07-15,,,,,1,,,,,,,,,,,,,,,,,,,,,,,,,,,,,,,,,
2892,19-08-2014,,,,,,,,,,,,,,,,,,,,,,,,,,,,,,,,,,,,,,
2893,19-01-2014,,,,,,1,,,,,,,,,,,,,,,,,,,,,,,,,,,,,,,,
2893,2006-10-15,,,1,,,,,,,,,,,,,,,,,,,,,,,,,,,,,,,,,,,
2894,14-03-2015,,,,1,,,,,,,,,,,,,,,,,,,,,,,,,,,,,,,,,,
2895,14-08-2015,,,,,,,,,,,,,,,,,,,,,,,,,,,,1,,,,,,,,,,
2897,26-04-2014,1,,,,,,,,,,,,,,,,,,,,,,,,,,,,,,,,,,,,,
2898,2007-01-14,,,,,,,,1,,,,,,,,,,,,,,,,,,,,,,,,,,,,,,
2898,2010-06-14,,,,,,,,1,,,,,,,,,,,,,,,,,,,,,,,,,,,,,,
2898,23-07-2014,,,,,,,,,,,,,,,,,,,1,,,,,,,,,,,,,,,,,,,
2899,2006-09-15,,,,,,,,,,,,,,,,,,,,,,,,,,,,,,,,,,,,,,
2899,2009-11-15,,,,,,,,,,,,,,,,,,,,,,,,,,,,,,,,,,,,,,
2899,24-11-2015,,,,,,,,,,1,,,,,,,,,,,,,,,,,,,,,,,,,,,,
2900,19-02-2014,,,,,,,,,,1,,,,,,,,,,,,,,,,,,,,,,,,,,,,
2900,2005-03-14,,,,,,,,,,,,,,,,,,,,,,,,,,,,,,,,,,,,,,
2900,2011-04-15,,,,,,,,,,,1,,1,,,,,,,,,,,,,,,,,,,,,,,,,
2901,20-06-2014,,,,,,,,,,,,,,,,,,,,,1,,,,,,,,,,,,,,,,,
2901,2009-08-14,,,,,,,,,1,,,,,,,,,,,,,,,,,,,,,,,,,,,,,
2901,2010-07-14,,,,,,,,,,,,,,,1,,,,,,,,,,,,,,,,,,,,,,,
2902,2006-06-15,1,,,,,,,,,,,,,,,,,,,,,,,,,,,,,,,,,,,,,
2902,2012-06-15,,,1,,,,,,,,,,,,,,,,,,,,,,,,,,,,,,,,,,,
2903,2002-08-15,,,1,,,,,,,,,,,,,,,,,,,,,,,,,,,,,,,,,,,
2903,2008-05-14,,,1,,,,,,,,,,,,,,,,,,,,,,,,,,,,,,,,,,,
2903,2008-08-15,,,,,,,,,,,,,,1,,,,,,,,,,,,,,,,,,,,,,,,
2904,17-09-2015,,,,,1,,,,,,,,,,,,,,,,,,,,,,,,,,,,,,,,,
2904,2006-06-15,,,,,,,,,,,,,,,,,,,,,,,,1,,,,,,,,,,,,,,
2904,2007-04-14,,,,,,,1,,,,,,,,,,,,,,,,,,,,,,,,,,,,,,,
2904,28-09-2014,,,,,,,,,,,,,1,,,,,,,,,,,,,,,,,,,,,,,,,
2905,22-10-2015,,1,1,,,,,,,,,,,,,,,,,,,,,,,,,,,,,,,,,,,
2906,13-11-2014,,,,,,,,,,1,,,,,,,,,,,,,,,,,,,,,,,,,,,,
2906,15-10-2014,,,,,,,,,,,,,,,,,,,,,,1,,,,,,,,,,,,,,,,
2906,2002-03-14,1,,,,,,,,,,,,,,,,,,,,,,,,,,,,,,,,,,,,,
2906,2008-07-15,,,,,,,,,,1,,,,,,,,,,,,,,,,,,,,,,,,,,,,
2907,15-10-2014,,,,,,,,,,,,,,,,,,,,,,,,,,,,,,,,,,,,,,
2907,17-04-2014,,,,,,,,,,,,,,1,,,,,,,,,,,,,,,,,,,,,,,,
2907,2002-11-14,,,,,1,,,,,,,,,,,,,,,,,,,,,,,,,,,,,,,,,
2908,27-04-2014,,,,,,,1,,,,,,,,,,,,,,,,,,,,,,,,,,,,,,,
2909,2006-09-14,1,,,,,,,,,,,,,,,,,,,,,,,,,,,,,,,,,,,,,
2909,2008-05-15,,,,,,,,,,,,,,,,,,,,,,,,,,,,,,,,,,,,,,
2909,23-07-2014,,,,,,,,1,,,,,,,,,,,,,,,,,,,,,,,,,,,,,,
2909,30-01-2014,,,,1,,,,,,,,,,,,,,,,,,,,,,,,,,,,,,,,,,
2910,19-07-2015,,,,,,,,,,,,,,1,,,,,,,,,,,,,,,,,,,,,,,,
2910,2004-12-15,1,,,,,,,,,,,,,,,,,,,,,,,,,,,,,,,,,,,,,
2910,28-07-2015,,,,,1,,,,,,,,,,,,,,,,,,,,,,,,,,,,,,,,,
2911,14-07-2015,,,,,,,,,,,,,,,,,,,,,,,,,,,,,,,,,,,,,,
2911,23-03-2014,,,,,,,,,,,,,,,,,,,,,1,,,,,,,,,,,,,,,,,
2912,2002-10-14,1,,,,,,,,,,,,,,,,,,,,,,,,,,,,,,,,,,,,,
2912,24-08-2014,,1,,,,,,,,,,,,,,,,,,,,,,,,,,,,,,,,,,,,
2912,28-01-2015,,,,,,,1,,,,,,,,,,,,,,,,,,,,,,,,,,,,,,,
2913,14-12-2014,,,,,,,,,,1,,,,,,,,,,,,,,,,,,,,,,,,,,,,
2914,2001-04-15,1,,,,,,,,,,,,,,,,,,,,,,,,,,,,,,,,,,,,,
2915,2004-11-14,,,,,,,,,,,,,,1,,,,,,,,,,,,,,,,,,,,,,,,
2915,29-07-2014,,1,,,,,,,,,,,,,,,,,,,,,,,,,,,,,,,,,,,,
2916,13-06-2015,,,,,,1,,,,,,,,,,,1,,,,,,,,,,,,,,1,,,,,,,
2916,19-04-2015,,,,,,,,,,,,,1,,,,,,,,,,,,,,,,,,,,,,,,,
2916,2012-08-14,1,,,,,,,,,,,,,,,,,,,,,,,,,,,,,,,,,,,,,
2917,27-05-2014,,,,,,,,,,,,,,,,,,,1,,,,,,,,,,,,,,,,,,,
2918,19-07-2015,,,,,,,,,,,,,,,,,,,,,,,,,,,,,,,,,,,,,,
2918,2010-08-15,1,,,,,,,,,,,,,,,,,,,,,,,,,,,,,,,,,,,,,
2918,2011-10-15,,,,,,,,1,,,,,,,,,,,,,,,,,,,,,,,,,,,,,,
2918,2011-12-15,,,,,,,,,,,1,,,,,,,,,,,,,,,,,,,,,,,,,,,
2919,14-01-2014,,,,,,,,1,,,,,,,,,,,,,,,,,,,,,,,,,,,,,,
2919,30-06-2015,,,,,,,1,,,,,,,,,,,,,,,,,,,,,,,,,,,,,,,
2920,2011-10-15,,,,,,,,,,,,,,1,,,,,,,,,,,,,,,,,,,,,,,,
2920,26-04-2015,1,,,,,,,,,,,,,,,,,,,,,,,,,,,,,,,,,,,,,
2921,18-11-2014,,,,,,,,,,,,,,,,,,,,,,,,1,,,,,,,,,,,,,,
2921,27-11-2014,,,,,,,,,,,,,,,,,,,1,,,,,,,,,,,,,,,,,,,
2922,23-02-2014,,,,,,,,,,,,,,,,,,,,,,,,,,,,,,,,,,,,,,
2922,26-12-2015,,,,,,,1,,,,,,,,,,,,,,,,,,,,,,,,,,,,,,,
2923,2011-03-14,,,,,,,,,,,,,,1,,,,,,,,,,,,,,,,,,,,,,,,
2924,14-11-2014,,,,,,1,,,,,,,,,,,,,,,,,,,,,,,,,,,,,,,,
2924,19-11-2015,,,,,,,,1,,,,,,,,,,,,,,,,,,,,,,,,,,,,,,
2924,26-05-2014,,,,,1,,,,,,,,,,,,,,,,,,,,,,,,,,,,,,,,,
2925,16-03-2015,,,,,,1,,,,,,,,,,,,,,,,,,,,,,,,,,,,,,,,
2925,19-07-2014,,,,,,,,,,,,,,,,,,,,,,,,,,,,,,,,,,,,1,,
2925,2011-12-15,,,,,,,,,,,,,,,,,,,,,,,,,1,,,,,,,,,,,,,
2925,22-08-2015,,,1,,,,,,,,,,,,,,,,,,,,,,,,,,,,,,,,,,,
2925,24-11-2014,,,,,,,,,,,,,,1,,,,,,,,,,,,,,,,,,,,,,,,
2926,2008-11-15,,,,,,,,,,,,,,,,,,,,,,,,,,,,,,,,,,,,,,
2927,2003-02-15,,,,,,,,,,,,,,,,,,,,,,,,,,,,,,,,,,,,1,,
2928,2004-11-14,,1,,,,,,,,,,,,,,,,,,,,,,,,,,,,,,,,,,,,
2928,2011-02-15,,,,,,,,,,,,,,,,,,,,,,,1,,,,,,,,,,,,,,,
2929,24-09-2014,,,,,,,,,,,,,,,,,,,1,,,,,,,,,,,,,,,,,,,
2930,14-02-2014,,,,,,,,,,,1,,,,,,,,,,,,,,,,,,,,,,,,,,,
2930,2003-04-14,,,,,,1,,,,,,,,,,,,,,,,,,,,,,,,,,,,,,,,
2930,23-03-2015,1,,,,,1,,,,,,,,,,,,,,,,,,,,,,,,,,,,,,,,
2930,25-04-2014,,,,,,,,,,,,,,,,,,,,,,,,,,,,,,,,,,,,,,
2931,2005-07-14,,,,,,,1,,,,,,,,,,,,,,,,,,,,,,,,,,,,,,,
2932,20-03-2015,1,,,,,,,,,,,,,,,,,,,,,,,,,,,,,,,,,,,,,
2932,2010-11-14,1,,,,,,,,,,,,,,,,,,,,,,,,,,,,,,,,,,,,,
2932,22-01-2015,,,,,1,,,,,,,,,,,,,,,,,,,,,,,,,,,,,,,,,
2932,22-06-2014,1,,,,,,,,,,,,,,,,,,,,,,,,,,,,,,,,,,,,,
2933,2006-04-15,,,1,,,,1,,,,,,,,,,,,,,,,,,,,,,,,,,,,,,,
2934,2011-05-15,,,,,1,,,,,,,,,,,,,,,,,,,,,,,,,,,,,,,,,
2934,22-03-2014,1,,,,,,,,,,,,,,,,,,,,,,,,,,,,,,,,,,,,,
2934,30-10-2014,,,1,,,,,,,,,,,,,,,,,,,,,,,,,,,,,,,,,,,
2935,2003-01-14,,,,,,,,1,,,,,,,,,,,,,,,,,,,,,,,,,,,,,,
2935,2004-02-14,,,,,,,,,,,,,1,,,,,,,,,,,,,,,,,,,,,,,,,
2935,2009-01-15,,,,,,1,,,,,,,,,,,,,,,,,,,,,,,,,,,,,,,,
2935,21-04-2014,1,,,,,,,,,,,,,,,,,,,,,,,,,,,,,,,,,,,,,
2937,20-06-2015,,,,,,,,,,,,,,,,,,,,,,,,,1,,,,,,,,,,,,,
2937,2002-08-14,,,,,,,,,,,,,,,,,,,,,,,1,,,,,,,,,,,,,,,
2937,2010-01-14,,,,,,,,1,,,,,,,,,,,,,,,,,,,,,,,,,,,,,,
2937,24-04-2014,,,,,,,,,,,,,,,,,,,,,,,,,,,,,,,,,,,,,,
2937,31-07-2015,1,,,,,,,,,,,,,,,,,,,,,,,,,,,,,,,,,,,,,
2938,2006-06-15,1,,,,,,,,,,,,,,,,,,,,,,,,,,,,,,,,,,,,,
2938,23-03-2014,,,,,,,,,,,,,,,,,,,,1,,,,,,,,,,,,,,,,,,
2939,2003-08-15,1,,,,1,,,,,,,,,,,,,,,,,,,,,,,,,,,,,,,,,
2939,22-10-2014,,,1,,,,,,,,,,,,,,,,,,,,,,,,,,,,,,,,,,,
2940,2007-11-15,,,,,,,,,,,,,,,,,,,1,,,,,,,,,,,,,,,,,,,
2940,2011-01-14,,,,,,,,,,,,,,1,,,,,,,,,,,,,,,,,,,,,,,,
2941,13-06-2014,,,,,,,,,,,1,,,,,,,,,,,,,,,,,,,,,,,,,,,
2941,2003-10-15,,,,,,,,,,,,1,,,,,,,,,,,,,,,,,,,,,,,,,,
2941,23-02-2015,,,,,,,,,,,,,,,,,,,,,,,,,1,,,,,,,,,,,,,
2941,26-09-2015,,,,,,1,,,,,,,,,,,,,,,,,,,,,,,,,,,,,,,,
2941,27-01-2014,,,,,,,,1,,,,,,,,,,,,,,,,,,,,,,,,,,,,,,
2942,17-08-2014,,,,,,,,,,,,,,1,,,,,,,,,,,,,,,,,,,,,,,,
2942,2001-02-15,,,,,,,,,,,,,,,,,,,,,,,1,,,,,,,,,,,,,,,
2943,20-06-2015,,,,,,,,,,,,,,,,,,,,,,,,,,,,,,,,,,,,,,
2943,2001-01-14,1,,,,,,,,,,,,,,,,,,,,,,,,,,,,,,,,,,,,,
2943,30-06-2014,,,,,,,,,,,,1,,,,,,,,,,,,,,,,,,,,,,,,,,
2944,2001-02-15,,1,1,,,,,,,,,,,,,,,,1,,,,,,,,,,,,,,,,,,,
2945,16-11-2014,,,,,,,,,,,,,,1,,,,,,,,,,,,,,,,,,,,,,,,
2945,19-07-2015,,,,,,,,,,1,,,,,,,,,,,,,,,,,,,,,,,,,,,,
2946,19-11-2014,,,,,,,,,,,,,,1,,,,,,,,,,,,,,,,,,,,,,,,
2946,20-09-2014,,,,,,,,1,,,,,,,,,,,,,,,,,,,,,,,,,,,,,,
2946,2004-11-15,,,,,,,,,,1,,,,,,,,,,,,,,,,,,,,,,,,,,,,
2946,2007-10-15,,,,,,,,,,,,,,,,,,,,,,,,,,,,,,,,,,,,,,
2947,16-07-2015,,,,,,,,,,,,,,,,,,,,,,,,,,,,,,,,,,,,,,
2948,19-06-2015,,,,,,1,,,,,,,,,,,,,,,,,,,,,,,,,,,,,,,,
2948,20-07-2014,,,,,,,,,,,,,,,,,,,1,,,,,,,,,,,,,,,,,,,
2949,2001-06-14,,,,,,,,,,,,,,,,,,,,,,,1,,,,,,,,,,,,,,,
2949,25-03-2014,,,,,,,,,,,1,,,,,,,,,,,,,,,,,,,,,,,,,,,
2950,2003-02-14,,,,,,,,,,,,,,,,,,,,,,,,,,,,,,,1,,,,,,,
2950,2010-10-15,,,,,,,,,,,,,,,,,,,,,,1,,,,,,,,,,,,,,,,
2951,2005-09-15,,,,,,,,,,,,,,1,,,,,,,,,,,,,,,,,,,,,,,,
2951,22-12-2015,,,,,,,,,,,,,,,,,,,,1,,,,,,,,,,,,,,,,,,
2951,30-12-2014,1,,,,,,,,,,,,,,,,,,,,,,,,,,,,,,,,,,,,,
2952,2011-08-15,,,,,,,,,,,,,,1,,,,,,,,,,,,,,,,,,,,,,,,
2952,2012-01-14,,,,,,,,,,,,1,,,,,,,,,,,,,,,,,,,,,,,,,,
2952,25-11-2015,1,,,,,,,,,,,,,,,,,,,,,,,,,,,,,,,,,,,,,
2953,2004-01-15,,,,,,,,,,,,,,,,,,,,,,,,,,,,,,,,,,,,,,
2954,17-07-2014,,,,,1,,,,,,,,,,,,,,,,,,,,,,,,,,,,,,,,,
2954,2005-06-15,,,,,,,,,,,,,,,,,,,,,,,,,,,,,,,,,,,,,,
2954,28-05-2014,,,,,,,,,,,,,,,,,,1,,,,,,,,,,,,,,,,,,,,
2955,2006-06-15,,,1,,,,,,,,,,,,,,,,,,,,,,,,,,,,,,,,,,,
2955,2007-06-14,,,,,,,,,,,,1,,,,,,,,,,,,,,,,,,,,,,,,,,
2955,2010-08-14,,,,,,,,,,,,,,,,,,,,,,,,,,,,,,,,,,,,,,
2955,21-03-2014,,,,,,,,,,,,,,,,,,,,,,,,,,,,,,,,,,,,,,
2955,30-11-2014,,,,,1,,,,,,,,,,,,,,,,,,,,,,,,,,,,,,,,,
2956,2002-12-15,,,,,,,,1,,,,,,,,,,,,,,,,,,,,,,,,,,,,,,
2956,2003-05-14,,,,,,,,1,,,,,,,,,,,,,,,,,,,,,,,,,,,,,,
2956,22-07-2014,,,,,,,,,,,,,,,,,,,,,,,,,,,,,,,,,,,,,,
2957,19-09-2015,1,,,,,,,,,,,,,,,,,,,,,,,,,,,,,,,,,,,,,
2957,2006-06-14,,,,,,,,,,,,,,,,,,,,,,,,,,,,,,,,1,,,,,,
2957,27-11-2015,,,,,,,,,,,,,,1,,,,,,,,,,,,,,,,,,,,,,,,
2958,14-06-2015,,,,,,,,1,,,,,,,,,,,,,,,,,,,,,,,,,,,,,,
2958,27-04-2014,,,,1,,,,,,,,,,,,,,,,,,,,,,,,,,,,,,,,,,
2960,14-11-2014,,,,,,1,,,,,,,,,,,,,,,,,,,,,,,,,,,,,,,,
2960,19-12-2015,1,,1,,,,,,,,,,,,,,,,,,,,,,,,,,,,,,,,,,,
2960,21-06-2015,,,,,,,,,,,,,,1,,,,,,,,,,,,,,,,,,,,,,,,
2960,28-11-2014,,,,,,,,,,,,,,,,,,,,,,,,,,,,,,1,,,,,,,,
2960,31-08-2015,,,1,,,,,1,,,,,,,,,,,,,,,,,,,1,,,,,,,,,,,
2961,13-12-2014,,,,,,,,,,,,,,,,,,,,,,,,,,,,,,,,,1,,,,,
2961,14-03-2014,,,,,,,,,,,,,1,,,,,,,,,,,,,,,,,,,,,,,,,
2961,16-11-2015,,,,,,,,,,,,,,,,,,,,,,,,,,,,,,,,,,1,,,,
2961,21-07-2015,,,,,,,,,,,,,,,,,,,,,,,,,,,,,,,,,,,,,,
2962,2001-03-15,,,,,,,,,,,1,,,,,,,,,,,,,,,,,,,,,,,,,,,
2962,2007-06-14,,,,,1,,,,,,,,,,,,,,,,,,,,,,,,,,,,,,,,,
2962,26-04-2015,,,,,,,,,,,,,,1,,,,,,,,,,,,,,,,,,,,,,,,
2962,29-07-2014,,,,,,,,,,,,,,,,,,,,,,,,,,,,,,,,,,,,,,
2963,27-05-2014,,,,,,,,,,,,,,1,,,,,,,,,,,,,,,,,,,,,,,,
2964,2004-02-14,,,,,,,,,,,,,,,,,,,,,,,,,,,,,,,,,,,,,,1
2964,2011-08-15,,,,,,,,,,,,,,,,,,,,,,,,,,1,,,,,,,,,,,,
2965,2004-01-14,,,,,,,,,,,,,,,,,,,,,,,,,1,,,,,,,,,,,,,
2966,2008-10-14,,,,,,1,,,,,,,,,,,,,,,,,,,,,,,,,,,,,,,,
2967,2006-02-15,,,,,,,,,,,,,,,,,,,1,,,,,,,,,,,,,,,,,,,
2967,27-05-2014,1,,,,,,,,,,,,,,,,,,,,,,,,,,,,,,,,,,,,,
2968,17-10-2015,,,,,,,,,,,,,,,,,,,,,,,,,,,,,,,,,,,,,,
2970,2011-11-14,,,,,,1,,,,,,,,,,,,,,,,,,,,,,,,,,,,,,,,
2971,2012-07-14,,,,,,,,1,,,,,,,,,,,,,,,,,,,,,,,,,,,,,,
2971,27-01-2015,,,,,,,,,,,,,,,,,,,,,,1,,,,,,,,,,,,,,,,
2972,21-05-2015,1,,,,,,,,,,,,,,,,,,,,,,,,,,,,,,,,,,,,,
2973,13-12-2014,1,,,,,,,,,,,,,,,,,,,,,,,,,,,,,,,,,,,,,
2973,31-07-2014,,,,,,,,,,,,,,,,,,,1,,,,,,,,,,,,,,,,,,,
2974,2001-01-14,,,,,,,,,,,,,,,,,,,,,,,,,,,1,,,,,,,,,,,
2974,24-05-2014,,,1,,,,,,,,,,,,,,,,,,,,,,,,,,,,,,,,,,,
2975,24-10-2015,,,,,,,,1,,,,,,,,,,,,,,,,,,,,,,,,,,,,,,
2976,20-09-2014,,,,,,,,,,,,,,,,,,,,,,,,,,,,,,,,,,,1,,,
2976,2002-06-15,,,,,,,,,,,,,,,,,,,,,,,,,1,,,,,,,,,,,,,
2977,14-04-2015,,,,,,1,,,,1,,,,,,,,,,,,,,,,,,,,,,,,,,,,
2977,16-11-2015,,,,,,1,,,,1,,,,,,,,,,,,,,,,,,,,,,,,,,,,
2977,2003-01-15,,,,,,,,1,,,,,,,,,,,,,,,,,,,,,,,,,,,,,,
2978,2005-06-15,,,,,,,,,,1,,,,,,,,,,,,,,,,,,,,,,,,,,,,
2978,2009-05-15,,,,,,,,,,,,,,,,,,,,,,,,,,,,,,,,,,,,,,
2978,27-06-2015,1,,,,,,,,,,,,,,,,,,,,,,,,,,,,,,,,,,,,,
2979,17-07-2015,,,,,,,,,,,,,,,,,,,,,,,,,,,,,,,,,,,,,,
2979,25-08-2014,,,,,,,1,,,,,,,,,,,,,,,,,,,,,,,,,,,,,,,
2980,17-01-2014,,,,,,1,,,,,,,,,,,,,,,,,,,,,,,,,,,,,,,,
2980,27-11-2014,1,,,,,,,,,,,,,,,,,,,,,,,,,,,,,,,,,,,,,
2981,2005-06-14,,,,,,,,,,,,,,,,,,1,,,,,,,,,,,,,,,,,,,,
2981,2010-03-15,1,,,,,,,,,,,,,,,,,,,,,,,,,,,,,,,,,,,,,
2981,2011-05-15,1,,,,,,,,,,,,,,,,,,,,,,,,,,,,,,,,,,,,,
2982,15-06-2014,,,,,,,,1,,,,,,,,,,,,,,,,,,,,,,,,,,,,,,
2982,25-06-2015,,,,,,,,,,,,,,1,,,,,,,,,,,,,,,,,,,,,,,,
2983,28-02-2014,,,1,,,,,,,,,,,,,,,,,,,,,,,,,,,,,,,,,,,
2984,2007-07-14,1,,,,,,,,,,,,,,,,,,,,,,,,,,,,,,,,,,,,,
2984,24-02-2015,,,,,,,,,,,,,,1,,,,,,,,,,,,,,,,,,,,,,,,
2984,25-09-2014,,,,1,,,,,,,,,,,,,,,,,,,,,,,,,,,,,,,,,,
2985,2005-01-15,,,1,,,,,,,1,,,,,,,,,,,,,,,,,,,,,,,,,,,,
2985,29-05-2015,,,,,,,,,,,,,,1,,,,,,,,,,,,,,,,,,,,,,,,
2986,2003-11-14,1,,,,,,,,,,,,,,,,,,,,,,,,,,,,,,,,,,,,,
2986,2005-11-14,1,,,,,,,,,,,,,,,,,,,,,,,,,,,,,,,,,,,,,
2986,2011-01-15,,,,,,1,,,,1,,,,,,,,,,,,,,,,,,,,,,,,,,,,
2986,28-03-2014,,,,,,,,,,,,,,,,,,,,,,,1,,,,,,,,,,,,,,,
2987,16-04-2014,,,,,,,,,,,,,,,,,,,,,,,,,,,,,,1,,,,,,,,
2989,2006-01-15,,1,,,,,,,,,,,,,,,,,,,,,,,,,,,,,,,,,,,,
2989,2010-09-14,,,,,,,,,,,,,,1,,,,,,,,,,,,,,,,,,,,,,,,
2989,25-03-2014,1,,,,,,,,,,,,,,,,,,,,,,,,,,,,,,,,,,,,,
2989,30-01-2015,1,,,,,,,,,,,,,,,,,,,,,,,,,,,,,,,,,,,,,
2990,2012-08-15,,1,,,,,,,,,,,,,,,,,,,,,,,,,,,,,,,,,,,,
2990,23-05-2015,1,,,,,,,,,,,,,,,,,,,,,,,,,,,,,,,,,1,,,,
2990,29-06-2015,,,,,,,,,,,,,1,,,,,,,,,,,,,,,,,,,,,,,,,
2991,16-02-2015,1,,,,,,,,,,,,,,,,,,,,,,,,,,,,,,,,,,,,,
2991,2001-03-14,,,,,1,,,,,,,,,,,,,,,,,,,,,,,,,,,,,,,,,
2991,30-04-2014,,,1,,,,,,,,,,,,,,,,,,,,,,,,,,,,,,,,,,,
2992,2009-11-15,,,,,,,1,,,,,,,,,,,,,,,,,,,,,,,,,,,,,,,
2993,2005-05-15,,,,,,,,,,,,,,,,,,,,,,,,,,,,1,,,,,,,,,,
2993,2008-07-14,,,,,,1,,,,,,,,,,,,,,,,,,,,,,,,,,,,,,,,
2993,24-06-2014,,,,,,,,,,,,,,,,,,,1,,,,,,,,,,,,,,,,,,,
2994,2012-07-14,1,,,,,,,,,,,,,,,,,,,,,,,,,,,,,,,,,,,,,
2994,30-04-2014,,,,,,,,,,,,,,,,,,,,1,,,,,,,,,,,,,,,,,,
2995,18-02-2015,,,,,,,,,,,,,,,,,,,,,,,,,1,,,,,,,,,,,,,
2996,19-05-2015,,,,,,,,,,,,,,,,,,,,,,,,,,,1,,,,,,,,,,,
2996,2008-01-15,,,,,,,,,,,,,,,,,,,,,1,,,,,,,,,,,,,,,,,
2996,29-04-2014,,,,,,,,,,,,,,,,,,,,,,1,,,,,,,,,,,,,,,,
2996,30-08-2014,,,,,,,,,1,,,,,,,,,,,,,,,,,,,,,,,,,,,,,
2997,2003-08-15,,,,,,1,,,,,,,,,,,,,,,,,,,,,,,,,,,,,,,,
2997,2009-02-14,,,,,,,,,,,,,,,,,,,1,,,,,,,,,,,,,,,,,,,
2997,30-12-2015,,,1,,,,,,,,,,,1,,,,,,,,,,,,,,,,,,1,,,,,,
2999,17-04-2015,,1,,,,,,,,,,,,,,,,,,,,,,,,,,,,,,,,,,,,
2999,2003-08-15,,,,,,,,,,,,,,,,,,,,,,,,,,,,,,,,,,,,,,
3001,14-11-2015,,,,,,,,,,,,,,,,,,,,,,,,,,,,,,,,,,,,,,
3001,24-12-2015,1,,,,,,,,,,,,,,,,,,,,,,,,,,,,,,,,,,,,,
3002,13-08-2015,,,,,,,,,,,,,,1,,,,,,,,,,,,,,,,,,,,,,,,
3002,19-02-2015,,,1,,,,,,,,,,,,,,,,,,,,,,,,,,,,,,,,,,,
3002,21-01-2015,,,,,,,,,,,,,,,,,,,,,,,,,,,,,,,,,,,,,,
3002,22-01-2015,1,,,,,,,,,1,,,,,,,,,,,,,,,,,,,,,,,,,,,,
3003,2008-03-14,,,,,,,,,,,,,,1,,,,,,,,,,,,,,,,,,,,,,,,
3004,2004-09-14,,,,,,,,,,,,,,,,,,,,,1,,,,,,,,,,,,,,,,,
3004,2010-02-15,1,,,,,,,,,,,,,,,,,,,,,,,,,,,,,,,,,,,,,
3005,2010-07-14,,,1,,,,,,,,,,,,,,,,,,,,,,,,,,,,,,,,,,,
3005,2012-07-15,,,,,,,,,,,,,,1,,,,,,,,,,,,,,,,,,,,,,,,
3005,26-11-2014,,,,,,,,,,,,,,,,,,,,,,,,,,,,,1,,,,,,,,,
3006,27-12-2015,,,,,,,,,,1,,,,,,,,,,,,,,,,,,,,,,,,,,,,
3007,2001-04-14,,,,,,,,1,,,,,,,,,,,,,,,,,,,,,,,,,,,,,,
3008,15-04-2014,,,,,1,,,,,,,,,,,,,,,,,,,,,,,,,,,,,,,,,
3008,2009-07-14,,,,1,,,,,,,,,,,,,,,,,,,,,,,,,,,,,,,,,,
3009,14-08-2015,,,,,,,,,,,,,,,,,,,,,,,,,,,,,,,,,,,,,,
3009,18-02-2015,,,,,,,,,,,,,,,,,,,,,,,,,,,,,,,,,,,,,,
3009,27-01-2014,,,,,,,,,,,,,,,,,,,1,,,,,,,,,,,,,,,,,,,
3010,13-06-2014,,,,,,,,,,,,,,,,,,,,,,,1,,,,,,,,,,,,,,,
3010,14-08-2015,,,,,,,,,,,,,,,,,,1,,,,,,,,,,,,,,,,,,,,
3010,2011-05-14,,,,,1,,,,,,,,,,,,,,,,,,,,,,,,,,,,,,,,,
3011,2002-04-14,,,,,,1,,,,,,,,,,,,,,,,,,,,,,,,,,,,,,,,
3012,20-09-2015,,,,,,,,,,,,,,,,,,,,,,,1,,,,,,,,,,,,,,,
3012,24-07-2014,1,,,,,,,,,,,,,,,,,,,,,,,,,,,,,,,,,,,,,
3013,19-04-2014,,,,,,1,,,,,,,,,,,,,,,,,,,,,,,,,,,,,,,,
3013,25-03-2014,1,,,,,,,,,,,,,,,,,,,,,,,,,,,,,,,,,,,,,
3014,15-07-2015,,,,,,,,,1,,,,,,,,,,,,,,,,,,,,,,,,,,,,,
3014,19-10-2015,,,,,,,,,,,,,,,,,,,,,,,,,,,,,,,,,,1,,,,
3014,2004-11-15,,,,,1,,,,,,,,,,,,,,,,,,,,,,,,,,,,,,,,,
3014,2011-11-15,,,,,,,,,,,,,,,,,,,,,,,,,,,,,,,,,,,,,,
3015,2007-08-14,,,,,1,,,,,,,,,,,,,,,,,,,,,,,,,,,,,,,,,
3015,2010-10-15,,,,,,,,,,,,,,,,,,,,,,,,,,,,,,,,,,,,,,
3015,2012-06-15,,,,,,,,,,,1,,,,,,,,,,,,,,,,,,,,,,,,,,,
3017,22-09-2015,,,,,,,,,,,,1,,,,,,,,,,,,,,,,,,,,,,,,,,
3017,28-09-2015,,,,,,,,,,,,,,,,,,,,1,,,,,,,,,,,,,,,,,,
3018,17-11-2014,,,1,,,,,,,,,,,,,,,,,,,,,,,,,,,,,,,,,,,
3018,27-06-2015,,,,,,,,1,,,,,,,,,,,,,,,,,,,,,,,,,,,,,,
3020,13-06-2014,,,,,,,,1,,,,,,,,,,,,,,,,,,,,,,,,,,,,,,
3021,15-11-2014,,,,,,,,,,1,,,,,,,,,,,,,,,,,,,,,,,,,,,,
3021,22-06-2014,,,,,1,,,,,,,,,,,,,,,,,,,,,,,,,,,,,,,,,
3021,29-10-2014,,,,,,1,,,,,,,,,,,,,,,,,,,,,,,,,,,,,,,,
3022,15-11-2015,,,,1,,,,,,,,,,,,,,,,,,,,,,,,,,,,,,,,,,
3022,16-02-2014,,,,,,,,,,1,,,,,,,,,,,,,,,,,,,,,,,,,,,,
3022,19-09-2014,,1,,,,,,,,,,,,,,,,,,,,,,,,,,,,,,,,,,,,
3022,24-04-2014,1,,,,,,,,,,,,,,,,,,,,,,,,,,,,,,,,,,,,,
3023,2011-12-14,,1,,,,,,,,,,,,,,,,,,,,,,,,,,,,,,,,,,,,
3023,28-07-2015,,,,,1,,,1,,,,,,,,,,,,,,,,,,,,,,,,,,,,,,
3024,22-12-2014,1,,,,,,,,,,,,,,,,,,,,,,,,,,,,,,,,,,,,,
3025,16-06-2015,,,,,,,,,,,,,,,,,,,,,,,,,,,,,,1,,,,,,,,
3025,19-01-2014,,,,,,,,,,,,1,,,,,,,,,,,,,,,,,,,,,,,,,,
3025,21-04-2015,,,,,,,,,,,,,,1,,,,,,,,,,,,,,,,,,,,,,,,
3026,2001-01-15,,,,,,,,,,,,,,1,,,,,,,,,,,,,,,,,,,,,,,,
3026,24-01-2015,,,,,,,,,,,,,,,,,,,,,,,,,,,,,,,,,,,,,,
3026,30-03-2014,1,,,,,,,,,,,,,,,,,,,,,,,,,,,,,,,,,,,,,
3027,14-09-2015,,,,,,,,,1,,,,,,,,,,,,,,,,,,,,,,,,,,,,,
3027,15-09-2015,,,,,,,,,,,,,,,,,,,,,,,,,,,,,,,,,,,,,,
3028,19-05-2015,,,,,,,,,,,,,,1,,,,,,,,,,,,,,,,,,,,,,,,
3028,2004-01-14,,,,,,,,,,,,,,,,1,,,,,,,,,,,,,,,,,,,,,,
3028,2007-10-14,,,,,,,,,,1,,,,,,,,,,,,,,,,,,,,,,,,,,,,
3028,2009-06-15,,,,,,,,,,,,,,,,,,,,,,,,,,,,1,,,,,,,,,,
3029,14-02-2015,,,,,,1,,,,,,,,,,,,,,,,,,,,,,,,,,,,,,,,
3029,31-05-2015,,,,,,,,,,,,,,,,,,,,,,,,,,,,1,,,,,,,,,,
3030,14-12-2014,,,,,,,,,,,,,,,,,,,,1,,,,,,,,,,,,,,,,,,
3030,2002-05-14,,,,,,,,,,,,,,1,,,,,,,,,,,,,,,,,,,,,,,,
3030,2006-12-14,,,,,,1,,,,,,,,,,,,,,,,,,,,,,,,,,,,,,,,
3031,18-12-2015,,,,,,,1,,,,,,,,,,,,,,,,,,,,,,,,,,,,,,,
3031,2001-12-14,1,,,,,,,,,,,,,,,,,,,,,,,,,,,,,,,,,,,,,
3031,25-11-2015,,1,,,,,,,,,,,,,,,,,,,,,,,,,,,,,,,,,,,,
3031,27-10-2015,,,1,,,,,,,,,,,,,,,,,,,,,,,,,,,,,,,,,,,
3032,2005-06-15,,,,,,,,,,,1,,,,,,,,,,,,,,,,,,,,,,,,,,,
3033,25-09-2014,,,,,,1,,,,,,,,,,,,,,,,,,,,,,,,,,,,,,,,
3033,28-02-2014,,,,,,,,1,,,,,,,,,,,,,,,,,,,,,,,,,,,,,,
3034,2006-10-14,,,,,,,,,,,,,,,,,,,,,,,,,,,,,,,,,,,,,,
3034,22-05-2015,,,,,,,,,1,,,,,,,,,,,,,,,,,,,,,,,,,,,,,
3034,26-12-2014,,,,,,,,,,,1,,,,,,,,,,,,,,,,,,,,,,,,,,,
3035,2004-03-15,,,,,,,,,,,,,,1,,,,,,,,,,,,,,,,,,,,,,,,
3035,2008-11-15,,,,,,,,,,,,,,,,,,,,,,,,,,,,,,,,,,,,,,
3035,2009-05-15,,,,,,,,,,,,,1,,,,,,,,,,,,,,,,,,,,,,,,,
3035,21-02-2014,,,,,,,,,,,,,,,,,,,,,,,,,,,,,,1,,,,,,,,
3035,29-11-2015,,,,,,,,,,,,,,,,,,,1,,,,,,,,,,,,,,,,,,,
3036,13-07-2015,1,1,,,,,,,,,,,,,,,,,,,,,,,,,,,,,,,,,,,,
3036,18-09-2015,,,,,,,,,,,,,,,,,,,1,,,,,,,,,,,,,,,,,,,
3036,2012-07-15,,,,,,1,,,,,,,,,,,,,,,,,,,,,,,,,,,,,,,,
3037,2001-02-15,1,,,,,,,,,,,,,,,,,,,,,,,,,,,,,,,,,,,,,
3038,13-04-2014,1,,,,,,,,,,,,,,,,,,,,,,,,,,,,,,,,,,,,,
3038,16-07-2014,,,,1,,,,,,,,,,,,,,,,,,,,,,,,,,,,,,,,,,
3038,2011-01-15,,,,,,,,1,,,,,,,,,,,,,,,,,,,,,,,,,,,,,,
3038,30-12-2014,,,,,,,,1,,,,,,,,,,,,,,,,,,,,,,,,,,,,,,
3039,15-10-2014,,,,1,,,,,,,,,,,,,,,,,,,,,,,,,,,,,,,,,,
3039,2002-09-15,,,,,,,,,,,,,,,,,,,,,1,,,,1,,,,,,,,,,,,,
3039,28-11-2015,,,,,,,1,,,,,,,,,,,,,,,,,,,,,,,,,,,,,,,
3040,2011-10-14,,,,,,,,,,,,,,,,,,,,,,,,,,,,,1,,,,,,,,,
3041,15-09-2015,,,,,,,1,,,,,,,,,,,,,,,,,,,,,,,,,,,,,,,
3041,2010-07-15,,,,,,1,,,,,,,,,,,,,,,,,,,,,,,,,,,,,,,,
3042,14-09-2014,,,,,,1,,,,,,,,,,,,,,,,,,,,,,,,,,,,,,,,
3042,16-01-2015,,,,,,,,,,,,,,,,,,,,,,,1,,,,,,,,,,,,,,,
3042,2002-10-15,1,,,,,,,,,,,,,,,,,,,,,,,,,,,,,,,,,,,,,
3042,2004-04-14,,,,,,,,,,,,,,,,,,,,1,,,,,,,,,,,,,,,,,,
3042,2005-10-15,1,,,,,1,,,,,,,,,,,,,,,,,,,,,,,,,,,,,,,,
3042,27-12-2015,1,,,,,,,,,,,,,,,,,,,,,,,,,,,,,,,,,,,,,
3043,2005-01-15,,1,,,,,,,,,,,,,,,,,,,,,,,,,,,,,,,,,,,,
3044,17-09-2014,,,,,,,,,,,,,,,,,,,,,,,,,,,,,,,,,,,,,,
3044,20-05-2014,,,,,,,,1,,,,,,,,,,,,,,,,,,,,,,,,,,,,,,
3044,2005-01-15,,,,,,,,,,,,,,,,,,,,,,,,,,,,,,,,,,,,,,
3044,2007-06-15,,,,,,,,,,,,,1,,,,,,,,,,,,,,,,,,,,,,,,,
3044,2008-04-14,,,,,,,,,,,,,,,,,,,,,,,,,,,,,,,,,,,,,,
3044,2009-05-15,,,,,,,,,,,,,,,,,,,,,,1,,,,,,,,,,,,,,,,
3045,16-08-2014,,,,,,,,,,1,,,,,,,,,,,,,,,,,,,,,,,,,,,,
3045,26-03-2015,,,1,,,,,,,,,,,,,,,,,,,,,,,,,,,,,,,,,,,
3046,18-11-2015,1,,,,,,1,,,,,1,,,,,,,,,,,,,,,,,,,,,,,,,,
3046,2003-04-14,,,,,,,,,,,,,,,,,,,,1,,,,,,,,,,,,,,,,,,
3046,2009-01-15,,,,,,,,,,,,,,,,,,,,,,,,,,,,,,,,,,,,,,
3046,22-08-2014,,,,,,,,,,,,,,1,,,,,,,,,,,,,,,,,,,,,,,,
3046,31-03-2015,,,,,,,,,,1,,,,,,,,,,,,,,,,,,,,,,,,,,,,
3047,16-08-2014,,,,,,,1,,,,,,,,,,,,,,,,,,,,,,,,,,,,,,,
3047,2007-09-15,,,,,,,,,,,,,,,,,,,,,,,,,,,,,,,,,,,,,,
3048,20-08-2015,,,,,,,,,,,,,,,,,,,,,,,,,,,,,,,,,,,,,,
3048,2006-06-15,,1,,,,,,,,,,,,,,,,,,,,,,,,,,1,,,,,,,,,,
3048,2010-11-15,,,,,,,,,,,,,,,,,,,,,,,,,,,,,,,,,,,,,,
3048,2010-12-15,,,,,,,,1,,1,,,,,,,,,,,,,,,,,,,,,,,,,,,,
3048,23-05-2014,,,,,,,,,,,,,1,,,,,,,,,,,,,,,,,,,,,,,,,
3049,2005-02-15,,1,,,,,,,,,,,,,,,,,,,,,,,,,,,,,,,,,,,,
3050,15-12-2015,,,,,,1,,,,,,,,,,,,,,,,,,,,,,,,,,,,,,,,
3050,20-10-2015,,,,,,1,,,,,,,,,,,,,,,,,,,,,,,,,,,,,,,,
3050,2003-05-14,,,,,,,,,,,,,,,,,,,,,,,,,1,,,,,,,,,,,,,
3050,2006-05-15,,1,,,,,,,,1,,,,,,,,,,,,,,,,,,,,,,,,,,,,
3050,2007-04-15,,,,,,,,,,,,,,,,,,,1,,,,,,,,,,,,,,,,,,,
3050,2010-08-15,1,,,,,,,,,,,,,,,,,,,,,,,,,,,,,,,,,,,,,
3050,2011-03-15,,,,,,,1,,,,,,,,,,,,,,,,1,,1,,,,,,,,,,,,,
3051,23-01-2015,1,,,,,,,,,,,,,,,,,,,,,,,,,,,,,,,,,,,,,
3051,29-11-2015,,,,,,1,,,,,,,,,,,,,,,,,,,,,,,,,,,,,,,,
3052,2004-07-15,,,,,,,,,,,,,,1,,,,,,,,,,,,,,,,,,,,,,,,
3053,13-12-2014,,,,,,,,1,,,,,,,,,,,,,,,,,,,,,,,,,,,,,,
3053,2003-12-15,,,,,,,,,,,,1,,,,,,,,,,,,,,,,,,,,,,,,,,
3053,25-12-2015,,,,,,,,,,,,1,,,,,,,,,,,,,,1,,,,,,,,,,,,
3054,17-02-2015,1,,,,,,,,,,,,,,,,,,,,,,,,,,,,,,,,,,,,,
3054,27-05-2015,,,1,,,,,,,,,,,,,,,,,,,,,,,,,,,,,,1,,,,,
3055,18-08-2015,,,,,,1,,,,,,,,,,,,,,,,,,,,,,,,,,,,,,,,
3057,16-07-2014,,,,,,,,,,,,,,,,,,,,,,,,,,,,,,,,,,,,,,
3057,28-01-2014,,,,,,,,,,1,,,,,,,,,,,,,,,,,,,,,,,,,,,,
3058,18-05-2015,,,,,,,,,,1,,1,,,,,,,,,,,,,,,,,,,,,,,,,,
3058,27-07-2015,,,,,,,,,,,,,,,,,,,,,,,,,,,,,,,,,,,,,,
3059,15-06-2014,,,,,,,,,,,,,,,,,1,,,,,,,,,,,,,,,,,,,,,
3059,2005-03-14,,,,,,,,,,,,,,,,,,,,,,,,,,,,,,,,,,,,,,
3060,18-08-2014,,,,,,1,,,,,,,,,,,,,,,,,,,,,,,,,,,,,,,,
3061,17-08-2015,,,,,,,,,,,,,,,,,,,,,,,,,,,,,,,,,,,,,,
3061,2005-11-15,,,,,,,,,,,,,,,,,,,,,,,,,,,,,,,,,,,,,,
3061,2005-12-15,,,,,,,1,,,,,,,,,,,,,,,,,,,,,,,,,,,,,,,
3061,2010-02-15,,,,,,,,1,,,,,,,,,,,,,,,,,,,,,,,,,,,,,,
3062,2001-08-15,,,,,,,,,,,,,,,,,,,,,,,,,,,,,,,,,,,,,,
3062,2008-06-15,,1,,,,,1,,,,,,,,,,,,,,,,,,,,,,,,,,,,,,,
3062,22-03-2015,,,,,,,,,,,,,,,,,,,,,,,,,,,,,,,,1,,,,,,
3063,2008-02-14,,,,,,,,,,,,,,,,,,,,,,,,,,,,,,,,,,,,1,,
3063,28-10-2015,1,,,,,,,,,,,,,,,,,,,,,,,,,,,,,,,,,,,,,
3063,28-12-2015,,,,,,,,,,,,,,,1,,,,,,,,,,,,,,,,,,,,,,,
3064,14-06-2014,,,,,,,,,,,,,,,,,,,,,,,,,,,,,,,,,,,,1,,
3064,2002-01-15,,,,,,,,,,,,,,,,,,,,,,,1,,,,,,,,,,,,,,,
3065,14-03-2014,1,,,,,,,,,,,,,,,,,,,,,,,,,,,,,,,,,,,,,
3065,28-12-2014,,,,,,,,,,,,,,,,,,,,,,,,,1,,,,,,,,,,,,,
3066,20-09-2014,,,,,,1,,,,,,,,,,,,,,,,,,,,,,,,,,,,,,,,
3066,2005-05-15,,,,,,,,,,,1,,,,,,,,,,,,,,,,,,,,,,,,,,,
3066,2006-12-15,,,,,,,,,,,,,1,,,,,,,,,,,,,,,,,,,,,,,,,
3066,30-11-2015,,,,,1,,,,,,,,,,,,,,,,,,,,,,,,,,,,,,,,,
3067,22-09-2015,,,,,,,,,,,,,,,,,,,,,,,,,,,,,,,,,,,,,,1
3067,27-11-2015,,,,,,,,,,,,,,,,,,,,,,,,,,,,,,1,,,,,,,,
3068,19-06-2015,,,,,,1,,,,,,,,,,,,,,,,,,,,,,,,,,,,,,,,
3068,2005-09-14,,,,,,,,,,,,1,,,,,,,,,,,,,,,,,,,,,,,,,,
3069,2009-04-15,1,,,,,,,,,,,,,,,,,,,,,,,,,,,,,,,,,,,,,
3071,13-06-2015,,,,,,,,,,,,,,,,,,,,,,,,,,,,,,,,,,,,,,
3071,18-04-2014,1,,,,,,,,,,,,,,,,,,,,,,,,,,,,,,,,,,,,,
3071,21-01-2015,,,,,,,1,,,,,,,,,,1,,,,,,,,,,,,,,,,,,,,,
3071,26-03-2015,,1,,,,,,,,,,,,,,,,,,,,1,,,,,,,,,,,,,,,,
3072,2008-06-15,,1,,,,,,,,,,,,,,,,,,,,,,,,,,,,,,,,,,,,
3072,2012-11-14,,,,,,,,,,,,1,,,,,,,,,,,,,,,,,,,,,,,,,,
3072,26-01-2015,1,,,,,,,,,,1,,,1,,,,,,,,,,,,,,,,,,,,,,,,
3072,28-02-2015,,,,,,1,,,,,1,,,,,,,,,,,,,,,,,,,,,,,,,,,
3073,17-01-2015,,,,,,,,,,,,,,,,,,,,,,,,,,,1,,,,,,,,,,,
3073,2006-07-14,,,,,,,,,,,,,,,,,,1,,,,,,,,,,,,,,,,,,,,
3074,13-04-2015,1,,,,,,,,,,,,,,,,,,,,,,,,,,,,,,,,,,,,,
3074,2003-11-14,,,,,,,,,,,,,,,1,,,,,,,,,,,,,,,,,,,,,,,
3075,15-10-2015,,,,,,1,,,,,,,,,,,,,,,,,,,,,,,,,,,,,,,,
3076,2008-12-15,,,,,,,,1,,,,,,,,,,,,,,,,,,,,,,,,,,,,,,
3077,19-01-2015,,,,,1,,,,,,,,,,,,,,,,,,,,,,,,,,,,,,,,,
3077,2005-01-15,,,,,,,,,,1,,,,,,,,,,,,,,,,,,,,,,,,,,,,
3077,31-08-2015,,,,,,,,,,1,,,,,,,,,,,,,,,,,,,,,,,,,,,,
3078,17-12-2014,,,,,,,,,,,,,,,,,,,1,,,,,,,,,,,,,,,,,,,
3082,20-02-2015,,,,,,,,,,,,,,,,,,,1,,,,,,,,,,,,,,,,,,,
3082,2007-07-14,,,,,,,1,,,,,,,,,,,,,,,,,,,,,,,,,,,,,,,
3082,2007-09-14,,,1,,,,,,,,,,,,,,,,,,,,,,,,,,,,,,,,,,,
3082,2010-04-15,,,,,1,,,,,,,,,,,,,,,,,,,,,,,,,,,,,,,,,
3082,2010-11-14,,,,,,,,,,,,,,,,,,,,,,,,,,,,,,,,,,,,,,
3082,22-05-2015,,,,,,,,,,,,,,,,,,,,1,,,,,,,,,,,,,,,,,,
3082,25-09-2015,,,,,,,,,,,,,,,,,,,,,,,,,,,,,1,,,,,,,,,
3083,19-09-2014,,,,,,,,,,,,,,,,,,,,,1,,,,,,,,,,,,,,,,,
3083,2009-06-14,,,1,,,,,,,,,,,,,,,,,,,,,,,,,,,,,,,,,,,
3084,19-04-2015,,,,,,,,,,,,1,,,,,,,,,,,,,,,,,,,,,,,,,,
3084,2010-08-14,,,,,1,,,,,,,,,,,,,,,,,,,,,,,,,,,,,,,,,
3084,2012-08-15,,,,,,,,,,1,,,,,,,,,,,,,,,,,,,,,,,,,,,,
3085,2011-07-15,1,,,,,,,,,,,,,,,,,,,,,,,,,,,,,,,,,,,,,
3085,21-01-2015,,,,,,,,,,,,,,,,,,,,,,,,,,,,,,,,,,,,,,
3086,14-04-2014,,,,,,,,1,,,,,,,,,,,,,,,,,,,,,,,,,,,,,,
3086,2002-01-15,,,,,,,1,,,,,,,,,,,,,,,,1,,,,,,,,,,,,,,,
3086,2004-04-15,1,,,,,,,,,,,,,,,,,,,,,,,,,,,,,,,,,,,,,
3086,2011-07-14,1,,,,,,,,,,,,,,,,,,,,,,,,,,,,,,,,,,,,,
3087,21-02-2014,,,,,,,,,,,,,,1,,,,,,,,,,,,,,,,,,,,,,,,
3087,27-12-2014,,,,,,,,,,,,,,,,1,,,,,,,,,,,,,,,,,,,,,,
3088,2011-03-14,,,,,,,,,,,,,,,,,,,,,,,,,,,,,,,,,,,1,,,
3089,16-02-2015,,,,,,,,,,,,,,1,,,,,,,,,,,,,,,,,,,,,,,,
3089,17-10-2015,,,,,,,,,,,,,,1,,,,,,,,,,,,,,,,,,,,,,,,
3089,20-08-2014,,,,,,,,,,,,,,,,,,,,,,,,,,,,,,,,,,,,,,
3089,24-02-2014,,,,,,,,,,,,,,,,,,,,,,,1,,,,,,,,,,,,,,,
3090,14-02-2015,1,,,,,,,,,,,,,,,,,,,,,,,,,,,,,,,,,,,,,
3090,2002-10-14,1,,,,,,,,,,,,,,,,,,,,,,,,,,,,,,,,,,,,,
3090,2003-10-14,,,,,,,,,,,,,,,,,,,1,,,,,,,,,,,,,,,,,,,
3090,2004-11-15,,,,,1,,,,,,,,,,,,,,,,,,,,,,,,,,,,,,,,,
3090,22-11-2014,,,,,,,,,1,,,,,,,,,,,,,,,,,,,,,,,,,,,,,
3092,2002-09-14,,,,,,,,,,,,,,,,,,,,,,,,,,,,,1,,,,,,,,,
3092,2011-04-15,,,,,,,,,,,,,,,,,,,,,,,,,1,,,,,,,,,,,,,
3092,24-12-2015,,,,,,,,,,,,,,,,,,,,,,,,,,,,,,,,,,,,,,
3093,13-03-2015,,,,,,,,,,,,,,,,,,,,,,,,,,,,,,,,1,,,,,,
3094,13-06-2015,,,,,,,,,,,,,,,,,,,,,,,,,,,,,,,,,,,,,,
3094,13-07-2014,,,,,,,,,,,,,,,,,,,,,,,,,,,,,,,,,,,,,,
3094,2002-07-14,1,,,,,,,,,,,,,,,,,,,,,,,,,,,,,,,,,,,,,
3094,2006-10-15,,,1,,,,,,,,,,,,,,,,,,,,,,,,,,,,,,,,,,,
3095,13-10-2015,,,,,,,,,,,,,,1,,,,,,,,,,,,,,,,,,,,,,,,
3095,16-08-2015,,,,,,,,,,,1,,,,,,,,,,,,,,,,,,,,,,,,,,,
3095,17-08-2014,,,,,1,,,,,,,,,,,,,,,,,,,,,,,,,,,,,,,,,
3095,2008-05-14,,1,,,,,,,,,,,,,,,,,,,,,,,,,,,,,,,,,,,,
3096,2007-07-15,,,,,1,,,,,,,,,,,,,,,,,,,,,,,,,,,,,,,,,
3096,23-06-2015,,,,,,,,,,,,,,,,,,,,,,,,,,,,,,1,,,,,,,,
3097,2010-08-15,,,,,,,,,,,,,,,,,,,,,,,,,,,1,,,,,,,,,,,
3098,2004-09-15,,,,,,,,,,,,,,,,,,,,,,,,,,,,,,,,,,,,,,
3099,16-12-2014,,,,,,,,,,,,,,1,,,,,,,,,,,,,,,,,,,,,,,,
3099,18-07-2015,,,,,,,1,,,,,,,,,,,,,,,,,,,,,,,,,,,,,,,
3099,20-09-2014,,,,,,,,,,,,,,,,,,,,,,,1,,,,,,,,,,,,,,,
3100,16-04-2014,1,,,,,,,,,,,,,,,,,,,,,,,,,,,,,,,,,,,,,
3100,2006-03-15,,1,,,,,,,,,,,,,,,,,,,,,,,,,,,,,,,,,,,,
3101,17-01-2015,,,,,,,,,,1,,,,,,,,,,,,,,,,,,,,,,,,,,,,
3101,17-12-2015,,,,,,,,,,,,,,,,,,,,,,,1,,,,,,,,,,,,,,,
3101,21-01-2015,,,,,,,,,,1,,,,,,,,,,,,,,,,,,,,,,,,,,,,
3102,17-04-2014,,1,,,,,,,,,,,,,,,,,,,,,,,,,,,,,,,,,,,,
3102,2009-05-14,,,,,,1,,,,,,,,,,,,,,,,,,,,,,,,,,,,,,,,
3102,28-11-2014,,,,,,,,,,,,,,,,,,,,,,,,,,,,,,,,1,,,,,,
3103,2010-12-14,1,,,,,,,,,,,,,,,,,,,,,,,,,,,,,,,,,,,,,
3103,26-02-2014,,,,,,,,,,,,,,,,,,,,,,,,,,,,,,1,,,,,,,,
3104,13-05-2015,,,,,,,,,,,,,,1,,,,,,,,,,,,,,,,,,,,,,,,
3104,18-05-2015,,,,,,,,,,,1,,,,,,,,,,,,,,,,,,,,,,,,,,,
3104,2004-06-15,,,,,,,,1,,,,,,,,,,,,,,,,,,,,,,,,,,,,,,
3104,2006-02-14,,,,,,,,,,,,,,,,,,,,,,,,,,,,,,,,,,,,1,,
3104,22-01-2014,,,,,1,,,,,,,,,,,,,,,,,,,,,,,,,,,,,,,,,
3104,22-10-2014,,,,,,,,,,,,,,,,,,,,,,,,,1,,,,,,,,,,,,,
3105,2012-04-14,,,,1,,,,,,,,,,,,,,,,,,,,,,,,,,,,,,,,,,
3106,20-04-2014,,,,,,,1,,,,,,,,,,,,,,,,,,,,,,,,,,,,,,,
3107,16-06-2014,,,,,,,,,,,,,,,,,,,,,,,,,,,,,,,,,,,1,,,
3107,2002-01-14,,,,,,,,1,,,,,,,,,,,,,,,,,,,,,,,,,,,,,,
3107,23-04-2014,,,,,,,,,,,1,,,,,,,,,,,,,,,,,,,,,,,,,,,
3108,25-03-2014,1,,,,,,,,,,,,,,,,,,,,,,,,,,,,,,,,,,,,,
3109,14-10-2014,,,1,,,,,,,,,,,,,,,,,,,,,,,,,,,,,,,,,,,
3109,2011-09-14,,,,,,,,,,,,,,,,,,,,,,,,,,,,,,,,,,,,,,
3109,25-03-2014,,,,,,1,,,,,,,,,,,,,,,,,,,,,,,,,,,,,,,,
3110,23-07-2014,,,,,,,,,,,,,,,1,,,,,,,,,,,,,,,,,,,,,,,
3110,29-05-2014,,,,,1,,,,,,,,,,,,,,,,,,,,,,,,,,,,,,,,,
3111,15-10-2015,,,,,,,,,,,,,,,,,,,,,,,,,,,,,,,,,,,1,,,
3111,19-02-2014,,,,,,,,,,,,,,1,,,,,,,,,,,,,,,,,,,,,,,,
3111,23-12-2015,,,,,,,,,,,,,,,,,,,,,,,1,,,,,,,,,,,,,,,
3111,30-10-2014,,,,,,,,,,,,,,,,,,,,,,,,,,,,,,,,,,,,,,
3111,31-01-2015,,,,,,,1,,,,,,,,,,,,,,,,,,,,,,,,,,,1,,,,
3112,16-11-2014,1,,,,,,,,,,,,,,,,,,,,,,,,,,,,,,,,,,,,,
3112,19-05-2015,,,,,,,,1,,,,,,,,,,,,,,,,,,,,,,,,,,,,,,
3112,2008-05-14,1,,,,,,,,,,,,,,,,,,,,,,,,,,,,,,,,,,,,,
3113,18-06-2015,,,1,,,,,,,,,,,,,,,,,,,,,,,,,,1,,,,,,,,,
3113,2005-03-15,,,,,,,,,,,,,,,,,,,,,,1,,,,,,,,,,,,,,,,
3115,29-10-2014,,,,,,,,,,,,,,1,,,,,,,,,,,,,,,,,,,,,,,,
3116,2010-12-14,1,,,,,,,,,,,,,,,,,,,,,,,,,,,,,,,,,,,,,
3117,2003-03-15,,,,,,,,,,,,,,,,,,,,,,,1,,,,,,,,,,,,,,,
3117,2009-01-14,,,,,,,,,,,,,,,,,,,,,,,,,,,1,,,,,,,,,,,
3117,30-09-2015,,,,,,,,,,,,,,1,,,,,,,,,1,,,,,,,,,,,,,,,
3118,2007-11-14,,,,,,1,,,,,,,,,,,,,,,,,,,,,,,,,,,,,,,,
3118,29-12-2015,1,,,,,,,,,,,,,,,,,,,,,,,,,,,,,,,,,,,,,
3119,20-02-2015,,,,,,,,,,1,,,,,,,,,,,,,,,,,,,,,,,,,,,,
3119,2002-07-14,,,1,,,,,,,,,,,,,,,,,,,,,,,,,,,,,,,,,,,
3119,2005-02-15,,,,,,,,,,,,,,,,,,,,,,,,,,,,,,,,,,,,,,
3119,22-01-2014,,,,,,,,,,,,,,,,,1,,,,,,,,,,,,,,,,,,,,,
3119,28-06-2015,,,,,,,,,,,,1,,,,,,,,,,,,,,,,,,,,,,,,,,
3120,14-01-2015,,,,,,,,,,,1,,,,,,,,,,,,,,,,,,,,,,,,,,,
3120,20-10-2015,,,,,,,,,,,,,,1,,,,,,,,,,,,,,,,,,,,,,,,
3120,2002-01-14,,1,,,,,,,,,,,,,,,,,,,,,,,,,,,,,,,,,,,,
3120,2007-07-15,,,,,,,,,,,,,,,,,,,1,,,,,,,,,,,,,,,,,,,
3120,2008-11-14,,1,,,,,,,,,,,,,,,,,,,,,,,,,,,,,,,,,,,,
3120,2010-12-14,,,,,,,1,,,,,,,,,,,,,,,,,,,,,,,,,,,,,,,
3120,2012-06-15,,,,,,,,,,,,,,,,,,,,,,,,,,,,,,,,,,,,,,
3120,23-12-2015,,,,,,1,,,,,,,,,,,,,,,,,,,,,,,,,,,,,,,,
3122,13-10-2015,,,,,,,,,,,,,,1,,,,,,,,,,,,,,,,,,,,,,,,
3122,16-04-2014,,,,,,1,,,,,,,,,,,,,,,,,,,,,,,,,,,,,,,,
3122,2002-05-15,,,,,,,,,,,,,,,,,,,,,,1,,,,,,,,,,,,,,,,
3122,2009-01-14,,,,,,,,,,,,,,,,,,,,,,1,,,,,,,,,,,,,,,,
3122,2010-06-14,,,,,1,,,,,,,,,,,,,,,,,,,,,,,,,,,,,,,,,
3122,25-12-2014,,,,,,,,,,,,,,,,,,,,,,,,,,,,,,,,,,,,,,
3122,30-09-2014,,,,,,1,,,,,,,,,,,,,,,,,,,,,,,,,,,,,,,,
3122,31-10-2015,,,,,,,,,,1,,,,,,,,,,,,,,,,,,,,,,,,,,,,
3123,15-12-2014,1,,,,,,,,,,,,,,,,,,,,,,,,,,,,,,,,,,,,,
3123,16-04-2014,,,,,,,,,,,1,,,,,,,,,,,,,,,,,,,,,,,,,,,
3123,2008-07-14,,,,,,,,,,,,,,,,,,1,,,,,,,,,,,,,,,,,,,,
3124,2009-04-15,,,,,,,,,,,,,,1,,,,,,,,,,,,,,,,,,,,,,,,
3125,2005-10-14,,,1,,,,,,,,,,,,,,,,,,,,,,,,,,,,,,,,,,,
3125,23-02-2014,,,,,,,1,,,,,,,,,,,,,,,,,,,,,,,,,,,,,,,
3126,2002-12-14,,,,,,,,,,,,,,,,,,,,,,,,,,,,,,,,,,,,,,
3127,21-10-2014,,,,,,,,,,,,,,,,,,,,,,,1,,,,,,,,,,,,,,,
3127,24-03-2014,,,,,,,,,,,,,,,,,,,,,,,1,,,,,,,,,,,,,,,
3127,25-02-2014,,,,,,,,,,,,1,,,,,,,,,,,,,,,,,,,,,,,,,,
3128,20-04-2015,,,,1,,,,,,,,,,,,,,,,,,,,,,,,,,,,,,,,,,
3128,21-07-2015,,,,,,,,,,,,,,,,,,,,,,,,,1,,,,,,,,,,,,,
3128,30-08-2015,,,,,,,,,,,,,,,,,,,,,,,,,,1,,,,,,,,,,,,
3129,26-07-2014,,,,,,,,,,,,,1,,,,,,,,,,,,,,,,,,,,,,,,,
3130,2001-02-14,,,,,,,,,,,,,,,,,,,,,,,,,,1,,,,,,,,,,,,
3130,2002-05-15,,,,,,,,,,,,,,,,,,,,,,,,,,,,,,,,,,,,,,
3131,31-01-2014,,,,,,,,,,,,,,,,,,,,,,,,,,,,1,,,,,,,,,,
3132,14-09-2014,,,,,,,,,,,,,1,,,,,,,,,,,,,,,,,,,,,,,,,
3132,2012-08-15,,,,,,,,,,,,,,,,,,,,,,,,,,,,1,,,,,,,,,,
3132,29-08-2015,,,,,,,,,,,,,,,,,,,,,,,,,,,1,,,,,,,,,,,
3132,30-07-2015,,,,,,,,,,1,,,,,,,,,,,,,,,,,,,,,,,,,,,,
3133,2001-12-15,,,1,,,,,,,,,,,,,,,,,,,,,,,,,,,,,,,,,,,
3133,25-12-2015,,,,,,,,,,,,1,,,,,,,,,,,,,,,,,,,,,,,,,,
3134,2007-06-15,,,1,,,,,,,,,,,,,,,,,,,,,,,,,,,,,,,,,,,
3135,13-03-2015,,,,,,,,,,,,,,,,,,,,,,,,,,,,,,,,,,,,,,
3135,21-06-2014,,,,,,,,,,,,,,,,,,,,,,,,,,,,,,,,1,,,,,,
3135,26-07-2015,,,,,,,,,,,,,,,,,,,1,,,,,,,,,,,,,,,,,,,
3136,28-04-2014,,,,,,,,,,,,,,,,,,,,,,,,,,,,,,,,,,,,,,
3137,13-07-2014,,,,,,1,,,,,,,,,,,,,,,,,,,,,,,,,,,,,,,,
3137,2011-09-14,1,,,,,,,,,,,,,,,,,,,,,,,,,,,,,,,,,,,,,
3137,23-02-2014,,,,,1,,,,,,,,,,,,,,,,,,,,,,,,,,,,,,,,,
3137,24-08-2015,,,,,,,,,,,,,,,,,,,,,,,,,,1,,,,,,,,,,,,
3137,26-08-2014,,1,,,,,,,,,,,,,,,,,,,,,,,,,,,,,,,,,,,,
3137,27-02-2014,,,,,,,,,,,,,,,,,,,,,,,,,,,,1,,,,,,,,,,
3138,13-10-2014,,,,,,,,,,,,,,1,,,,,,,,,,,,,,,,,,,,,,,,
3138,19-04-2015,,,,,,1,,,,,,,,,,,,,,,,,,,,,,,,,,,,,,,,
3138,24-05-2014,,,,,,1,,,,,,,,,,,,,,,,,,,,,,,,,,,,,,,,
3139,17-02-2015,,,,,,,,,,,,,,,,,,,,,,,,,,,,,,,,,,,,,,
3139,2006-11-14,,,,,,,,,,1,,,,,,,,,,,,,,,,,,,,,,,,,,,,
3139,21-04-2015,,,1,,,,,,,,,,,,,,,,,,,,,,,,,,,,,,,,,,,
3139,26-02-2015,,,,,,,1,,,,,,,,,,,,,,,,,,,,,,,,,,,,,,,
3140,15-12-2014,,,,,,,,,,1,,,,,,,,,,,,,,,,,,,,,,,,,,,,
3140,2011-02-15,,,,,,,,,,,,,,1,,,,,,,,,,,,,,,,,,,,,,,,
3140,25-09-2014,1,,,,,,,,,,,,,,,,,,,,,,,,,,,,,,,,,,,,,
3140,26-03-2014,,,,,,,,,,,,,,,,,1,,,,,,,,,,,,,,,,,,,,,
3141,19-07-2015,,,,,,,,,,,,,,,,,,,,,,,1,,,,,,,,,,,,,,,
3141,2003-07-14,,,,,,,,,,1,,,,,,,,,,,,,,,,,,,,,,,,,,,,
3141,2004-01-14,,,,,,,,,,,,,,,,,,,,,,,,,,,,,,,,,,,,1,,
3141,2007-06-14,,,,,,,,,,,,,,,,,,,,,,,,,,,,,1,,,,,,,,,
3141,29-07-2015,,,,,1,,,,,,,,,,,,,,,,,,,,,,,,,,,,,,,,,
3142,2005-05-14,,,,1,,,,,,,,,,,,,,,,,,,,,,,,,,,,,,,,,,
3142,2006-05-14,,,,,,,,,,,,,,,,,,,,,,,,,,,,,,,,,,,,,,
3142,2011-05-14,,,,,,1,,,,,,,,,,,,,,,,,,,,,,,,,,,,,,,,
3142,2012-02-14,,,1,,,,,,,,,,,,,,,,,,,,,,,,,,,,,,,,,,,
3143,21-01-2015,,,,,,,,,,,,,,,,,,,,,,,,,,,,,,,,,,,,,,1
3143,24-05-2015,,,,,,,,,,,,,,,,,,,,,,1,,,,,,,,,,,,,,,,
3144,16-08-2015,,,1,,,,,,,,,,,,,,,,1,,,,,,,,,,,,,,,,,,,
3144,19-06-2015,,,,,,,,,,,,,,,,,,,,,,,1,,,,,,,,,,,,,,,
3144,2005-06-14,,,,,,1,,,,,,,,,,,,,,,,,,,,,,,,,,,,,,,,
3144,27-04-2015,,,1,,,,,,,,,,,,,,,,,,,,,,,,,,,,,,,,,,,
3145,15-08-2014,,,1,,,,,,,,,,,,,,,,,,,,,,,,,,,,,,,,,,,
3145,16-08-2014,,,,,,,,,,,,,,1,,,,,,,,,,,,,,,,,,,,,,,,
3145,16-11-2015,,,,,,1,,,,,,,,,,,,,,,,,,,,,,,,,,,,,,,,
3145,23-02-2015,,1,,,,,,,,,,,,,,,,,,,,,,,,,,,,,,,,,,,,
3146,2007-02-14,,,,,1,,,,,,,,,,,,,,,,,,,,,,,,,,,,,,,,,
3146,27-06-2014,,,,,,,,1,,,,,,,,,,,,,,,,,,,,,,,,,,,,,,
3147,20-02-2015,,,,,,,,,,,,,,1,,,,,,,,,,,,,,,,,,,,,,,,
3147,24-12-2015,,,1,,,,,,,,,,,,,,,,,,,,,,,,,,,,,,,,,,,
3148,2009-03-15,,,,,,,,,,,,,,,,,,,,,,,,,,,,,,,,,,,,,,
3149,25-01-2014,,,,,,,,,1,,,,,,,,,,,,,,,,,,,,,,,,,,,,,
3150,13-07-2014,1,,,,,,,,,,,,,,,,,,,,,,,,,,,,,,,,,,,,,
3150,2011-08-14,,,,,,,,,,,,1,,,,,,,,,,,,,,,,,,,,,,,,,,
3151,25-09-2015,,,,,,,,,,,1,,,,,,,,,,,,,,,,,,,,,,,,,,,
3152,24-11-2015,1,,,,,,,1,,,,,,,,,,,,,,,,,,,,,,,,,,,,,,
3153,14-04-2014,,,,,,,,,,,,,,,,,,,,,,,1,,,,,,,,,,,,,,,
3153,24-06-2014,,,,,,,,,,,,,,,,,,,,,,,,,,,,,,,,,,,1,,,
3153,26-10-2014,,,,,,,,,1,,,,,,,,,,,,,,,,,,,,,,,,,,,,,
3154,14-05-2015,,,,,,,,,,,,,,1,,,,,,,,,,,,,,,,,,,,,,,,
3154,2004-12-14,,,,,,,,,,,1,,,,,,,,,,,,,,,,,,,,,,,,,,,
3154,2005-01-15,,,,,,,,1,,,,,,,,,,,,,,,,,,,,,,,,,,,,,,
3156,13-11-2014,,,,,,,,,,,,,,,,,,,,,,,,,,,,,,,,,,,,,,
3157,2008-10-14,,,,,,,,,,,,,,,,,,,,,,,,,,,,,,,,,,,1,,,
3157,25-04-2014,,,,,,,,,,,,,,,,,,,,,,,,,,,,,,,,,,,,,,
3158,2003-09-14,,,,,,,,,,,,1,,,,,,,,,,,,,,,,,,,,,,,,,,
3158,2004-10-14,,,,,,,,,,,,,,1,,,,,,,,,,,,,,,,,,,,,,,,
3159,18-04-2014,,,,,,,1,,,,,,,,,,,,,,,,,,,,,,,,,,,,,,,
3159,23-07-2014,,,,,,1,,,,,,,,,,,,,,,,,,,,,,,,,,,,,,,,
3159,31-01-2015,1,,,,,,,,,,,,,,,,,,,,,,,,,,,,,,,,,,,,,
3160,13-11-2014,,,,,,,,,,,,,,,,,,,,,,,,,,,,,,,,,,1,,,,
3160,14-01-2014,1,,,,,,,,,,,,,,,,,,,,,,,,,,,,,,,,,,,,,
3160,2006-05-15,,,,,,1,,,,,,,,,,,,,,,,,,,,,,,,,,,,,,,,
3160,27-02-2015,,,,,,,,,,,,,,,,,,,,,,,,,,,,,,,,,,,,,,
3161,2008-11-15,,,,,,,,,,,,,,,,,,1,,,,,,,,,,,,,,,,,,,,
3161,2009-10-14,1,,,,,,,,,,,,,,,,,,,,,,,,,,,,,,,,,,,,,
3161,22-11-2014,,,,,,,,,,,,,,,,,,,,,,,,,,,,,,,,,,,,,,
3162,2006-06-15,,,,,,,,,,,,,,,,,,,,,,,,,,,,,,,,,,,,,,
3163,2009-11-14,,,,,,,,,,,,,,,,,,,1,,,,,,,,,,,,,,,,,,,
3163,29-12-2014,,,,,,,,1,,,,,,,,,,,,,,,,,,,,,,,,,,,,,,
3164,24-03-2014,,,,,,,1,,,,,,,,,,,,,,,,,,,,,,,,,,,,,,,
3164,30-04-2015,,,,,,,,,,,,,,,,,,,,,,,1,,,,,,,,,,,,,,,
3164,30-09-2015,,,,1,,,,,,,,,,1,,,,,,,,,1,,,,,,1,,,,,,,,,
3165,15-06-2015,,,,,,1,,,,,,,,,,,,,,,,,,,,,,,,,,,,,,,,
3165,18-08-2015,,,,,,,,,,,,,,,,,,,1,,,,,,,,,,,,,,,,,,,
3165,2011-01-15,,,,,,,,1,,,,,,,,,,,,,,,,,,,,,,,,,,,,,,
3165,27-11-2015,,,,,,,1,,,,,,,,,,,,,,,,,,,,,,,,,,,,,,,
3166,14-03-2015,1,,,,,,,,,,,,,,,,,,,,,,,,,,,,,,,,,,,,,
3166,15-01-2015,,,,,,,1,,,,,,,,,,,,,,,,,,,,,,,,,,,,,,,
3166,2003-05-14,,,,,,1,,,,,,,,,,,,,,,,,,,,,,,,,,,,,,,,
3166,28-04-2015,,,,,,,,,,,,,,,,,,,,,,,1,,,,,,,,,,,,,,,
3167,20-08-2015,,,,,,,,,,,,,,,,,,,,,,,,,,,,,,,,,,,,,,
3167,2003-02-15,,,,,,,,,,,,,,,,,,,,,,,,,,,,,,,,,,1,,,,
3167,2004-11-15,,,,,,,,,,,,,,,,,,,,,,,,,,,,,,,,,,,,,,
3168,16-12-2015,,,,,1,,,,,,,,,,,,,,,,,,,,,,,,,,,,,,,,,
3168,20-03-2015,,,,,,1,,,,,,,,,,,,,,,,,,,,,,,,,,,,,,,,
3168,2002-05-15,,,,,,,,,,,,,,,,,,,,,,,,,,,,,,,,,,,,,,
3168,26-03-2014,,,,,,,,,,,,,,,,,,,,,,,,,,,,,1,,,,,,,,,
3169,14-06-2015,,,,,,1,1,,,,,,,,,,,,,,,,,,,,,,,,,,,,,,,
3169,2002-07-15,,,,,,,,,,,,,,,,,,,,,,,,,,,1,,,,,,,,,,,
3170,17-01-2015,,1,,,1,,,,,1,,,,,,,,,,,,,,,,,,,,,,,,,,,,
3170,2003-12-15,,,,,,1,,,,,,,,,,,,,,,,,,,,,,,,,,,,,,,,
3170,29-03-2014,,,,,,,,,,,,,,,,1,,,,,,,,,,,,,,,,,,,,,,
3171,17-10-2014,,,,,,1,,,,,,,,,,,,,,,,,,,,,,,,,,,,,,,,
3172,2001-03-15,,,,,,,,,1,,,,,,,,,,,,,,,,,,,,,,,,,,,,,
3172,2001-08-14,1,,,,,,,,,,,,,,,,,,,,,,,,,,,,,,,,,,,,,
3172,24-03-2014,,,,,,,,,,,1,,,,,,,,,,,,,,,,,,,,,,,,,,,
3173,25-07-2015,,,,,,,,,1,,,,,,,,,,,,,,,,,,,,,,,,,,,,,
3174,2009-02-15,,,,,,,,,,,,,,,,,,,,,,,,,,,,,1,,,,,,,,,
3174,2010-11-14,,,,,,,,,,,1,,,,,,,,,,,,,,,,,,,,,,,,,,,
3175,23-11-2015,,,,,,,,,,1,,,,,,,,,,,,,,,,,,,,,,,,,,,,
3175,26-02-2015,,,,,,,,,,,,,,,,,,,,,,,,,,,,,,,,,,,,,,
3176,17-01-2015,,,,,1,,,,,,,,,,,,,,,,,,,,,,,,,,,,,,,,,
3176,2001-08-15,,,,,,,,,,,,,,1,,,,,,,,,,,,,,,,,,,,,,,,
3176,2005-02-15,,,,,,,,,,,,,,,,,,,,,,,1,,,,,,,,,,,,,,,
3176,2009-06-14,1,,,,,,,,,,,,,,,,,,,,,,,,,,,,,,,,,,,,,
3176,2010-07-14,,,,,,,,,,,1,,,,,,,,,,,,,,,,,,,,,,,,,,,
3177,13-09-2014,,,,,,,1,,,,,,,,,,,,,,,,,,,,,,,,,,,,,,,
3177,18-10-2014,,,,,,,,,,,,,,,,,,,1,,,,,,,,,,,,,,,,,,,
3178,2001-02-14,,,,1,,,,,,,,,,,,,,,,,,,,,,,,,,,,,,,,,,
3178,2003-01-15,,,,,,,,1,,,,,,,,,,,,,,,,,,,,,,,,,,,,,,
3178,2008-12-15,,,,,,,,,,,,,,,,,,,,,,,,,1,,,,,,,,,,,,,
3179,21-03-2015,,,,,,,,,,,,,,,,,,,,,,,,,,,,,,,,,,,,,,
3180,15-03-2015,1,,,,,,,,,,,,,,,,,,,,,,,,,,,,,,,,,,,,,
3180,15-09-2015,,,1,,,,,,,,,,,,,,,,,,,,,,,,,,,,,,,,,,,
3180,19-10-2015,,,,,1,,,,,,,,1,,,,,,,,,,,,,,,,,,,,,,,,,
3180,2003-07-15,,,,,,1,,,,,,,,,,,,,,,,,,,,,,,,,,,,,,,,
3180,2004-05-15,,,1,,,,,,,,,,,,,,,,,,,,,,,,,,,,,,,,,,,
3180,2009-11-14,1,,,,,,,,,,,,,,,,,,,,,,,,,,,,,,,,,,,,,
3180,24-02-2014,,,,,,,,,,,,,,1,,,,,,,,,,,,,,,,,,,,,,,,
3180,30-07-2014,,,,,,,,,,,,,,,,,,,1,,,,,,,,,,,,,,,,,,,
3181,17-07-2014,,,,,,,1,,,,,,,,,,,,,,,,,,,,,,,,,,,,,,,
3181,2007-10-14,,,,,,,,,,,,,,,,,,,,,1,,,,,,,,,,,,,,,,,
3181,2008-05-14,,,,,,,1,,,,,,,,,,,,,,,,,,,,,,,,,,,,,,,
3181,22-03-2015,,,,,,,,,,,,,,,,,,,,,,,,,,,1,,,,,,,,,,,
3182,15-10-2015,,,,,,,,,,,,,,,,,,,,,,,,,,,,,,,,,,,,,,
3182,19-02-2014,,1,,,,,,,,,,,,,,,,,,,,,,,,,,,,,,,,,,,,
3182,2005-05-15,,,,,,,,,,,,,,,,,,,,,,,,,,,,,,,,,,,,,,
3182,2012-03-15,,,,1,,,,,,,,,,,,,,,,,,,,,,,,,,,,,,,,,,
3182,28-09-2014,,,,,,,,,,,,,,,,,,,,,,,,,,,,,,,,,,,1,,,
3183,2007-08-15,,,1,,,,,,,,,,,,,,,,,,,,,,,,,,,,,,,,,,,
3183,2010-12-14,,,,,,,,,,,,,,,,,,,,,,,,,,,,,,,,,,,,,,
3184,19-03-2014,,,,,1,,,,,,,,,,,,,,,,,,,,,,,,,,,,,,,,,
3184,20-04-2014,1,,,,,,,,,,,,,,,,,,,,,,,,,,,,,,,,,,,,,
3184,20-11-2015,,,,,,,,,,,,,,1,,,,,,,,,,,,,,,,,,,,,,,,
3184,2004-09-15,1,,,,,,,,,,,,,,,,,,,,,,,,,,,,,,,,,,,,,
3184,24-10-2015,,,,,1,,,,,,,,,,,,,,,,,,,,,,,,,,,,,,,,,
3185,2002-03-15,,,,,,,,,,,,,,,,,,,,,,,,,,,,,,,,,,,,,,
3185,2004-03-14,,,,,,,,,,,,,,,,,,,,,,,1,,,,,,,,,,,,,,,
3186,24-07-2014,,,1,,,,,,,,,,,,,,,,,,,,,,,,,,,,,,,,,,,
3188,16-10-2014,1,,,,,,,,,,,,,,,,,,,,,,,,,,,,,,,,,,,,,
3188,2006-12-15,,,1,,,,,,,,,,,,,,,,,,,,,,,,,,,,,,,,,,,
3189,2003-02-15,,,,,,,,,,,,,,,,,,,1,,,,,,,,,,,,,,,,,,,
3189,2008-02-14,,,,,,,,,,,,,,1,,,,,,,,,,,,,,,,,,,,,,,,
3189,23-11-2015,,,,,,,,,,,1,,,,,,,,,,,,,,,,,,,,,,,,,,,
3189,31-08-2014,,,,,,,,,,,,,,,,,,,,,,,,,,,,,1,,,,,,,,,
3190,13-04-2014,,,,,,,,,,,,,1,,,,,,,,,,,,,,,,,,,,,,,,,
3190,21-11-2015,1,,,,,,,,,,,,,,,,,,,,,,,,,,,,,,,,,,,,,
3190,28-03-2015,,,1,,,,,,,,,1,,,,,,,,,,,,,,,,,,,,,,,,,,
3191,30-12-2015,,,,,,,1,,,,,,,,,,,,,,,,,,,,,,,,,,,,,,,
3193,18-04-2014,1,,,,,,,,,,,,,,,,,,,,,,,,,,,,,,,,,,,,,
3193,25-10-2014,1,,,,,,,,,,,,,,,,,,,,,,,,,,,,,,,,,,,,,
3193,29-05-2014,1,,,,,,,,,,,,,,,,,,,,,,,,,,,,,,,,,,,,,
3193,31-01-2015,,,,,,1,,,,,,,,,,,,,,,,,,,,,,,,,,,,,,,,
3194,2002-02-14,,,1,,,,,,,,,,,,,,,,,,,,,,,,,,,,,,,,,,,
3194,2003-05-15,,,,,,,,,,1,,,,,,,,,,,,,,,,,,,,,,,,,,,,
3194,26-07-2014,,,1,,,,,,,,,,,,,,,,,,,,,,,,,,,,,,,,,,,
3195,14-06-2015,,,,,,,,,,,,,,,,,,,,,,,1,,,,,,,,,,,,,,,
3196,2004-11-15,,,,,,,1,,,,,,,,,,,,,,,,,,,,,,,,,,,,,,,
3196,2005-05-15,,,,,,,,,,,,,,,,,,,,,,,,,,,,,,,,,,,,,,
3197,2001-03-14,,,,,,,,,,,,,,,,,,,,,,,,,,,,,,,,,,,,,,
3198,2008-05-15,,,,,,,,,,,,,,1,,,,,,,,,,,,,,,,,,,,,,,,
3198,23-06-2015,,,,,,,,,,,,1,,,,,,,,,,,,,,,,,,,,,,,,,,
3199,24-12-2015,,,,,,,,,,,,,,1,,,,,,,,,,,,,,,,,,,,,,,,
3200,2001-04-15,1,,,,,,,,,,,,,,,,,,,,,,,,,,,,,,,,,,,,,
3200,2011-02-15,,,,,,,,,,,,1,,,,,,,,,,,,,,,,,,,,,,,,,,
3200,27-10-2014,,,,,,,,,,,,,,,,,,,1,,,,,,,,,,,,,,,,,,,
3201,21-01-2015,,,,,,,,,,,,,,,,,,,,1,,,,,,,,,,,,,,,,,,
3201,24-01-2015,1,,,,,,,,,,,,,,,,,,,,,,,,,,,,,,,,,,,,,
3201,27-11-2015,,,1,,,,,,,,,,,,,,,,,,,,,,,,,,,,,,,,,,,
3202,14-11-2015,,,,,,,1,,,,,,,,,,,,,,,,,,,,,,,,,,,,,,,
3202,16-04-2015,,,,,,,,,,,,,,,,,,,1,,,,,,,,,,,,,,,,,,,
3203,2004-03-14,,,,,,,,,,,,,,,,,,,,,,,,,,,,,,,,,,,,,,
3203,2004-04-14,,,,,,,,,,,,,1,,,,,,,,,,,,,,,,,,,,,,,,,
3203,2007-08-15,,,,,,,,,,,,,,1,,,,,,,,,,,,,,,,,,,,,,,,
3203,22-07-2014,,,,,,,,,,,,,,,,,,,,,,,,,,,1,,,,,,,,,,,
3204,20-02-2015,,,1,,,,,,,,,,,,,,,,,,,,,,,,,,,,,,,,,,,
3204,2008-05-15,,,,,,,,1,,,,,,,,,,,,,,,,,,,,,,,,,,,,,,
3204,25-02-2015,,,,,,,,,,,,,,,,,,,,,,,,,,,1,,,,,,,,,,,
3204,29-05-2014,,,1,,,,,,,,,,,,,,,,,,,,,,,,,,,,,,,,,,,
3205,17-01-2015,,,,,,,,,,,,,,,,,,,,,,,1,,,,,,,,,,,,,,,
3205,20-03-2015,,,,,,,,,,,,,,,,,,,,,,,,,,,,,,,,,,,,,,
3205,2011-12-15,,,,,,1,,,,,,,,,,,,,,,,,,,,,,,,,,,,,,,,
3206,2005-11-14,,,,,,,,,,,,,,,,,,,,,,,,,,,,,,,,,,,,,,
3206,24-08-2014,,,,,,,,,,,,,,,,,,,,,,,,,,,,1,,,,,,,,,,
3206,29-06-2015,,,,,,,,,,,,,,,,,,,,,,,,,,,,,,,,1,,,,,,
3207,2006-12-14,,,,,,,,,,,1,,,,,,,,,,,,,,,,,,,,,,,,,,,
3207,2008-08-15,,,1,,,,1,,,,,,,,,,,,,,,,,,,,,,,,,,,,,,,
3208,20-11-2015,,,,,,,,1,,1,,,,,,,,,,,,,,,,,,,,,,,,,,,,
3208,2002-12-14,,,,,,,,,,,,,,,,,,1,,,,,,,,,,,,,,,,,,,,
3208,24-06-2015,,,,,1,,,,,,,,,,,,,,,,,,,,,,,,,,,,,,,,,
3209,2008-04-14,,,,,,1,,,,,,,,,,,,,,,,,,,,,,,,,,,,,,,,
3209,25-12-2015,,,,,,,,,,,,,1,,,,,,,,,,,,,,,,,,,,,,,,,
3210,2009-02-14,,,,,,,,,,,,,,,,,,,,,,,1,,,,,,,,,,,,,,,
3210,21-12-2014,,,,,,,,,,,,,,1,,,,,,,,,,,,,,,,,,,,,,,,
3211,16-12-2014,,,1,,,,,,,,,,,,,,,,,,,,,,,,,,,,,,,,,,,
3212,2009-04-14,,,,,,,,,,,,,,,,,,,,,,1,,,,,,,,,,,,,,,,
3213,2002-07-14,,,,,,,,,,,,,,,,,,,,,,,,,,,,,,,,,,,,,,
3214,14-01-2015,,,1,,,,,,,,,,,,,,,,,,,,,,,,,,,,,,,,,,,
3214,27-03-2015,,,,1,,,,,,,,,,,,,,,,,,,,,,,,,,,,,,,,,,
3215,21-07-2015,,,,,,,,,1,,,,,,,,,,,,,,,,,,,,,,,,,,,,,
3215,26-02-2014,,,,,,,,1,,,,,,,,,,,,,,,,,,,,,,,,,,,,,,
3215,31-01-2015,,,,,,,,,,,,,,,,,,,,,,,,,,,,,,,,,,,,,,
3216,2002-11-14,,,,,,1,,,,,,,,,,,,,,,,,,,,,,,,,,,,,,,,
3216,2012-02-15,1,,,,,,,,,,,,,,,,,,,,,,,,,,,,,,,,,,,,,
3217,20-03-2015,,,,,,,,,,,,,,,,,,,,,,,,,1,,,,,,,,,,,,,
3217,2004-10-14,,,,,,,,,,,,,,,,,,,,,,,1,,,,,,,,,,,,,,,
3218,2006-01-14,,,,,,,,,,,,,1,,,,,,,,,,,,,,,,,,,,,,,,,
3219,2001-09-14,,,1,,,,,,,,,,,,,,,,,,,,,,,,,,,,,,,,,,,
3219,2004-08-15,,,,,,1,,,,,,,,,,,,,,,,,,,,,,,,,,,,,,,,
3220,13-12-2014,,,,,,,,,,,,,,,,,,,,,,,,,,,,,,,,,,,,,,
3220,14-10-2015,,,,,,,,,,,,,,,,,,,,,,,1,,,,,,,,,,,,,,,
3220,15-03-2014,,,,,,,1,,,,,,,,,,,,,,,,,,,,,,,,,,,,,,,
3220,2007-11-15,,,,,,,,1,,,,,,,,,,,,,,,,,,,,,,,,,,,,,,
3221,13-01-2015,,,,,,,,,,,,,,,,,,,,1,,,,,,,,,,,,,,,,,,
3221,16-01-2014,,,,,,,,,,,,,,,,,,,,,,,,,,,,,,,,,,,,,,
3221,2001-04-15,,1,,,,,,,,,,,,,,,,,,,,,,,,,,,,,,,,,,,,
3221,2009-09-14,,,,,,,,,,,,,,,,,,,,,,,,,,,,,,,,,,,,,,
3221,28-10-2014,,,,,,,,,,,,,,,,,,,,,,,,,,,,,,,,,,,,,,
3221,29-06-2015,,,,,,,,,,,,,1,,,,,,,,,,,,,,,,,,,,,,,,,
3222,16-01-2014,,,,,,,,1,,,,,,,,,,,,,,,,,,,,,,,,,,,,,,
3222,2003-12-14,,,,,,1,,,,,,,,,,,,,,,,,,,,,,,,,,,,,,,,
3222,2005-08-15,,,,,,,,,,,,,,1,,,,,,,,,,,,,,,,,,1,,,,,,
3222,30-08-2014,1,,,,,,,,,,,,,,,,,,,,,,,,,,,,,,,,,,,,,
3224,2006-08-14,,,,,,,,,,,,1,,,,,,,,,,,,,,,,,,,,,,,,,,
3225,19-09-2014,,,,,,1,,,,,,,,,,,,,,,,,,,,,,,,,,,,,,,,
3225,2012-06-15,,1,,,,,,,,,,,,,,,,,,,,,,,,,,,,,,,,,,,,
3225,2012-12-15,,,,,,,,,,,,,,,,,,,,,,,,,,,1,,,,,,,,,,,
3225,23-07-2014,,,1,,,,,,,,,,,,,,,,,,,,,,,,,,,,,,,,,,,
3225,25-02-2015,,,,,,,,,,,,,,,,,,,,,,,,,,,,,,,,,,,,,,
3226,25-10-2014,,,,,,,,1,,,,,,,,,,,,,,,,,,,,,,,,,,,,,,
3227,24-12-2014,,,,,,,,,,1,,,,,,,,,,,,,,,,,,,,,,,,,,,,
3227,30-11-2015,,,,,,,1,,,,,,,,,,,,,,,,,,,,,,,,,,,,,,,
3228,26-01-2015,,,1,,,,,,,1,,,,,,,,,,,,,,,,,,,,,,,,,,,,
3229,2007-08-15,,,,,,,,,,,,,,,,,,,,1,,,,,,,,,,,,,,,,,,
3229,25-03-2015,,,,,,1,,,,,,,,,,1,,,,,,,,,,,,,,,,,,,,,,
3230,14-01-2015,,,,,,1,,,,,,,,,,,,,,,,,,,,,,,,,,,,,,,,
3231,22-03-2014,,,1,,,,,,,,,,,,,,,,,,,,,,,,,,,,,,,,,,,
3231,31-03-2015,,,,,,,,,,,,,,,,,,,,,,,,,,,,,,,,,,,,,,
3232,18-12-2015,,,,,,,,,,,,,,,,,,,1,,,,,,,,,,,,,,,,,,,
3232,2010-06-15,1,,,,,,,,,,,,,,,,,,,,,,,,,,,,,,,,,,,,,
3232,2010-09-14,,,,,,,,,,,,,1,,,,,,,,,,,,,,,,,,,,,,,,,
3232,2012-11-14,1,,,,,,,,,,,,,,,,,,,,,,,,,,,,,,,,,,,,,
3232,29-05-2015,,,,,,,,,,,,,,,,,,,,,,,,,,,1,,,,,,,,,,,
3233,26-10-2014,,,,,,,,,,,,,,,,,,,,,,,,,,,,,,,,,,1,,,,
3234,16-08-2015,,,,,,,,,,,,,,1,,,,,,,,,,,,,,,,,,,,,,,,
3235,14-11-2015,,,,,,,,,,,,,,,,,,,,,,,1,,,,,,,,,,,,,,,
3235,22-10-2014,1,,,,,,,,,,,,,,,,,,,,,,,,,,,,,,,,,,,,,
3235,28-12-2015,,,,,1,,,,,,,,,,,,,,,,,,,,,,,,,,,,,,,,,
3236,2004-07-15,,,,,,,,,,,,,,,,,,,,,,,,,,,1,,,,,,,,,,,
3236,26-01-2015,,,,,,,,,,,,,,,,,,,,,,,,,1,,,,,,,,,,,,,
3237,2004-08-14,,,,,,1,,,,,,,,,,,,,,,,,,,,,,,,,,,,,,,,
3237,2007-08-14,,,,,,1,,,,,,,,,,,,,,,,,,,,,,,,,,,,,,,,
3237,28-06-2015,1,,,,,,,,,,,,,,,,,,,,,,,,,,,,,,,,,,,,,
3238,2003-07-14,,,,,1,,,,,,,,,,,,,,,,,,,,,,,,,,,,,,,,,
3239,27-11-2015,,,,,,,,,,,,,,1,,,,,,,,,,,,,,,,,,,,,,,,
3240,2001-01-15,,,,,,,,,,,,,,1,,,,,,,,,,,,,,,,,,,,,,,,
3241,20-09-2015,,,,,1,,,,,,,,,,,,,,,,,,,,,,,,,,,,,,,,,
3241,2009-08-15,,,,,,,,,,1,,,,,,,,,,,,,,,,,,,,,,,,,,,,
3242,23-05-2015,,,,,,,,,,,1,,,,,,,,,,,,,,,,,,,,,,,,,,,
3243,2002-01-14,1,,,,,,,,,,,,,,,,,,,,,,,,,,,,,,,,,,,,,
3244,20-11-2015,,,,,,,,,,,,,,,,,,,,,,,,,,,,,,,,,,,,,,
3244,28-07-2014,,,,,,,,1,,,,,,,,,,,,,,,,,,,,,,,,,,,,,,
3245,17-05-2015,,,,,,1,,,,,,1,,1,,,,,,,,,,,,,,,,,,,,,,,,
3245,19-03-2015,,,,,,,,,,,,1,,,,,,,,,,,,,,,,,,,,,,,,,,
3245,2008-12-15,1,,,,,,,,,,,,,,,,,,,,,,,,,,,,,,,,,,,,,
3245,2011-05-15,,,,,,,,,,,,,,,,,,,,,,,,,,,,,,,,,,,,,,
3245,24-01-2015,,1,,,,,,,,,,,,,,,,,,,,,,,,,,,,,,,,,,,,
3246,21-05-2014,,,,,,,,1,,,,,,,,,,,,,,,,,,,,,,,,,,,,,,
3246,24-06-2015,,,,,,,,,,,,,,,,,,,,,,1,,,,,,,,,,,,,,,,
3246,25-12-2014,,,,,,,,,,,,,,,,,,,,,,,,,,,,,,,,,,,,,,
3246,29-10-2014,,,,,,,,,,,,,,,,,,,,,,,1,,,,,,,,,,,,,,,
3247,13-01-2015,1,,,,1,,,1,,,,,,,,,,,,,,,,,,,,,,,,,,,,,,
3247,2003-09-14,,,,,,,1,,,,,,,,,,,,,,,,,,,,,,,,,,,,,,,
3247,2009-08-14,,,,,1,,,,,,,,,,,,,,,,,,,,,,,,,,,,,,,,,
3248,14-01-2015,,,,,,,,,,1,,,,,,,,,,,,,,,,,,,,,,,,,,,,
3248,16-04-2014,1,,,,,,,,,,,,,,,,,,,,,,,,,,,,,,,,,,,,,
3248,16-10-2014,,,1,,,,,,,,,,,,,,,,,,,,,,,,,,,,,,,,,,,
3248,19-06-2015,,,,,,,,,,,,,,1,,,,,,,,,,,,,,,,,,,,,,,,
3248,2006-02-14,,,,,,,,,,,,,,,,,,,,,,,1,,,,,,,,,,,,,,,
3248,2007-04-14,,,,,,,,,,,,1,,,,,,,,,,,,,,,,,,,,,,,,,,
3248,2009-11-14,,,,,,,,,,,,,,,,,,,,,,,,,,,,,,,,,,,,,,
3250,2012-04-15,,,1,,,,,,,,,,,,,,,,,,,,,,,,,,,,,,,,,,,
3251,20-10-2014,,,,,,,,,,,,,,,,,,,,,,,,,,,,,,,,,,,,,,
3251,2005-07-15,,1,,,,,,,,,,,,,,,,,,,,,,,,,,,,,,,,,,,,
3251,2005-11-14,,1,,,,,,,,,,,,,,,,,,,,,,,,,,,,,,,,,,,,
3251,2009-11-15,,,,,,,,,,,,,,,,,,,1,,,,,,,,,,,,,,,,,,,
3251,2010-09-15,,,,,,,,,,,,,,,,,,,,,,,,,,,,,,,,,,,,,,
3252,14-05-2014,1,,,,,,,,,,,,,,,,,,,,,,,,,,,,,,,,,,,,,
3252,15-02-2015,,,,,,,,,,,,,,,,,,,,,,,,,,,,,,,,,,,,,,
3252,22-08-2015,,,,,,,,,,1,,,,1,,,,,,,,,,,,,,,,,,,,,,,,
3252,28-06-2015,,,,,,,1,,,,,,,,,,,,,,,,,,,,,,,,,,,,,,,
3252,29-10-2014,,,,,,,,,,,,,1,,,,,,,,,,,,,,,,,,,,,,,,,
3254,2011-12-14,,,,,1,,,,,,,,,,,,,,,,,,,,,,,,,,,,,,,,,
3255,20-11-2014,,,1,,,,,,,,,,,,,,,,,,,,,,,,,,,,,,,,,,,
3255,2005-11-15,,,1,,,,,,,,,,,,,,,,,,,,,,,,,,,,,,,,,,,
3255,2008-01-15,,,,,,,,,,,,,,,,,,,,,1,,,,,,,,,,,,,,,,,
3255,24-05-2015,,,,,,,,1,,,,,,,,,,,,,,,,,,,,,,,,,,,,,,
3255,29-04-2015,,,,,,,,,,,,,,,,,,,,,,,1,,,,,,,,,,,,,,,
3256,17-10-2014,,,,,,,,,,,,,,,,,,,,,,,1,,,,,,,,,,,,,,,
3256,30-07-2015,,,,,,,,,,,,,,,,,,,,,,,1,,,,,,,,,,,,,,,
3257,13-02-2015,1,,,,1,,,,,,,,,,,,,,,,,,,,,,,,,,,,,,,,,
3257,2002-09-14,,,,,,,,,,,,,1,,,,,,,,,,,,,,,,,,,,,,,,,
3258,15-06-2014,,,1,,,,,,,,,,,,,,,,,,,,,,,,,,,,,,,,,,,
3258,19-12-2014,,,,,,,,,,,,,,,,,,,,1,,,,,,,,,,,,,,,,,,
3258,20-05-2015,,,,,,1,,,,,,,,,,,,,,,,,,,,,,,,,,,,,,,,
3258,24-09-2014,1,,,,,,,,,,,,,,,,,,,,,,,,,,,,,,,,,,,,,
3259,2002-09-15,,,,,,,,,,,,,,,,,,,,,,,,,,,,,,,,,,,,,,
3262,16-04-2014,,,,,,,1,,,,,,,,,,,,,,,,,,,,,,,,,,,,,,,
3262,2008-07-15,1,,,,,,1,,,,,,,,,,,,,,,,,,,,,,,,,,,,,,,
3262,2008-12-15,,,,,,,,1,,,,,,,,,,,,,,,,,,,,,,,,,,,,,,
3262,2011-06-15,,,,,,,,,,,,,,,,,,,,,1,,,,,,,,,,,,,,,,,
3263,30-06-2014,,,,,,,,,,,,,,,,,,,,,,,,,,,,,,,,,,1,,,,
3264,13-01-2015,,,,,,,,,,,,,,,,,,,,,,,,,,,,,,,,,,,,,,
3264,2011-10-14,,,,,1,,,,,,,,,,,,,,,,,,,,,,,,,,,,,,,,,
3265,2009-07-14,1,,,,,,,,,,,,,,,,,,,,,,,,,,,,,,,,,,,,,
3266,14-12-2014,,,,,,,,,,,,,,,,,,,,,,,1,,,,,,,,,,,,,,,
3266,2006-09-14,,,,,,,,,,,,,,,,,,,,,,,,,,,,,1,,,,,,,,,
3266,2007-10-14,,,,,,1,,,,,,,,,,,,,,,,,,,,,,,,,,,,,,,,
3266,25-10-2015,,,,,,,,,,,,1,,,,,,,,,,,,,,,,,,,,,,,,,,
3267,14-11-2014,,,,,,,,,,,,,,,,,,,,,,,,,,,,,1,,,,,,,,,
3267,27-03-2014,,,,,,1,,,,,,,,,,,,,,,,,,,,,,,,,,,,,,,,
3268,13-07-2015,,,,,,,,,,,,,,1,,,,,,,,,,,,,,,,,,,,,,,,
3268,18-04-2015,,,,,,,,,,,,,,,,,,,,,,,,,1,,,,,,,,,,,,,
3268,2004-05-14,,,,,1,,,,,,,,,,,,,,,,,,,,,,,,,,,,,,,,,
3268,31-01-2014,,,,,,,,,,,,1,,,,,,,,,,,,,,,,,,,,,,,,,,
3269,2007-10-15,,,,,,,,,1,,,,,,,,,,,,,,,,,,,,,,,,,,,,,
3269,2009-07-14,,,,,,,,,,,,,,,,,,,,,,,,,,,,,,,,,,,,,,
3270,15-05-2015,1,,,,,,,,,,,,,,,,,,,,,,,,,,,,,,,,,,,,,
3271,20-11-2014,,,,,,,,,,,,,,,,,,,,,,,,,,,,,,,,,,,,,,
3271,27-12-2015,,,,,,,,,,,,,,,,,,,,,,,,,,,,,,,,,,,,,,
3272,18-04-2014,,,,,,,,,1,,,,,,,,,,,,,,,,,,,,,,,,,,,,,
3272,21-06-2015,,,,,,,,,,,,,,,,,,,,,,,,,1,,,,,,,,,,,,,
3273,15-03-2015,,,,,,,,,,,,,,,,,,,,,,,,,,,,,,,,,,,,,,
3273,2004-02-14,,,,,,1,,,,,,,,,,,,,,,,,,,,,,,,,,,,,,,,
3273,26-09-2015,,,,,,,,,,,,,,1,,,,,,,,,,,,,,,,,,,,,,,,
3275,26-10-2015,1,,,,,,,,,,,,,,,,,,,,,,,,,,,,,,,,,,,,,
3276,2003-04-15,1,,,,1,,,,,,,,,,,,,,,,,,,,,,,,,,,,,,,,,
3276,2008-08-14,,,,,,,,,,,,,,,,,,,,,,,,,,,,,,,,,,,,,,
3276,23-02-2015,,,,,,,,,,1,,,,,,,,,,,,,,,,,,,,,,,,,,,,
3276,30-06-2015,,,,,1,,,,,,,,,,,,,,,,,,,1,,,,,,,,,,,,,,
3277,30-08-2014,,,,,,,,,,,,,,,,,,1,,,,,,,,,,,,,,,,,,,,
3280,13-07-2015,1,,,,,,,,,,,,,,,,,,,,,,,,,,,,,,,,,,,,,
3280,14-04-2015,,1,,,,,,,,,,,,,,,,,,,,,,,,,,,,,,,,,,,,
3281,16-06-2015,,,,,,,,,,,,,,,,,,,,,,,,,,,,,,,,,,,,,,
3281,19-04-2014,,,,,,,,,,,,,,,,,,,1,,,,,,,,,,,,,,,,,,,
3281,25-10-2015,,1,,,,,,,,,,,,,,,,,,,,,,,,,,,,,,,,,,,,
3282,2010-07-14,,,,,,,,,,,,,,,,,,,,,,,,,,1,,,,,,,,,,,,
3282,2012-05-14,,,,,,,,,,,,,,,,,,,1,,,,,,,,,,,,,,,,,,,
3282,28-08-2014,,,,,,,,,,,,,,,,,,,,,,,,,,,,,,,,,,,,,,
3283,2001-05-15,1,,,,,,,,,,,,,,,,,,,,,,,,,,,,,,,,,,,,,
3283,2002-07-15,,,,,,,,,,,,,,,,,,,,,,1,,,,,,,,,,,,,,,,
3283,31-08-2014,1,,,,,,,,,,,,,,,,,,,,,,,,,,,,,,,,,,,,,
3284,19-11-2015,,,,,,,,,,,,,,,,,,,,1,,,,,,,,,,,,,,,,,,
3284,23-01-2015,,,,,,,,,,,,,,,,,,1,,,,,,,,,,,,,,,,,,,,
3284,25-03-2014,1,,,,,,,,,,,,,,,,,,,,,,,,,,,,,,,,,,,,,
3284,28-01-2015,,,1,,,,,,,,,,,,,,,,,,,,,,,,,,,,,,,,,,,
3285,2012-07-15,1,,,,,,,,,,,,,,,,,,,,,,,,,,,,,,,,,,,,,
3285,21-10-2014,,,1,,,,,,,,,,,,,,,,,,,,,,,,,,,,,,,,,,,
3287,13-05-2014,,,,,1,,,,,,,,,,,,,,,,,,,,,,,,,,,,,,,,,
3287,2002-02-15,,,,,,,,,,,,,,,,,,,,,,,1,,,,,,,,,,,,,,,
3288,22-04-2014,,,,,,,1,,,,,,,,,,,,,,,,,,,,,,,,,,,,,,,
3288,26-04-2015,,,,,,,,,,,,,,,,,,,,,,,,,,,,,1,,,,,,,,,
3289,15-03-2015,,,,,,,,,,,,,,,,,,,,,,,,1,,,,,,,,,,,,,,
3289,2001-03-15,,,1,,,,,,,,,,,,,,,,,,,,,,,,,,,,,,,,,,,
3289,2009-08-15,,,1,,1,,,,,,,,,,,,,,,,,,,,,,,,,,,,,,,,,
3289,26-12-2015,,,,,,,,,,1,,,,,,,,,,,,,,,,,,,,,,,,,,,,
3289,31-03-2015,,,,,,,,,,,,,,,,,,,1,,,,,,,,,,,,,,,,,,,
3290,29-05-2015,,,,,,,,,,,,,,,,,,,,,,,,,,,,,,,,,,,,,,
3291,2002-08-15,,,1,,,,,,,,,,,,,,,,,,,,,,,,,,,,,,,,,,,
3292,13-09-2015,,1,,,,,,,,,,,,,,,,,,,,,,,,,,,,,,,,,,,,
3293,17-10-2014,,,,,,,,1,,,,,,,,,,,,,,,,,,,,,,,,,,,,,,
3293,2009-05-15,,,,,,,,,,,,,,,,,,,,,,,,,,,,,,,,,,,,,,
3294,2001-03-14,,,,,1,,,,,,,,,,,,,,,,,,,,,,,,,,,,,,,,,
3294,2003-07-15,,,,,,,,,,,,,,,,,,,,,,,,,,,,,,,,,,,1,,,
3294,2005-04-15,,,,,,,,,,,,,,,,,,,,,,,,,,,,,,,,,,1,,,,
3294,2010-04-15,,,,,,,,,,,,,,,,,,,,,,,,,1,,,,,,,,,,,,,
3294,26-02-2014,,,,,,,,,,,,,1,,,,,,,,,,,,,,,,,,,,,,,,,
3295,2006-03-14,,,,,,,,,,,,,,,,,,,1,,,,,,,,,,,,,,,,,,,
3295,2007-06-14,,,,,,,,,,,,1,,,,,,,,,,,,,,,,,,,,,,,,,,
3295,28-07-2015,,,,,1,,,,,,,,,,,,,,,,,,,,,,,,,,,,,,,,,
3296,17-08-2015,,,,,,,,,,,,,,,,,,,,,,,,,,,,,,,,,,,,,,
3296,2002-03-15,1,,,,,,,,,,,,,,,,,,,,,,,,,,,,,,,,,,,,,
3296,2006-06-15,1,,,,,,,,,,,,,,,,,,,,,,,,,,,,,,,,,,,,,
3296,22-05-2015,,,,,,,,,,,,1,,,,,,,,,,,,,,,,,,,,,,,,,,
3297,2008-02-15,,,,,,,,,,,,,,,,,,,,,,,,,,,,,,,,,,,,,,
3297,21-05-2015,,,,,,1,,,,,,,,,,,,,,,,,,,,,,,,,,,,,,,,
3297,22-03-2014,1,,,,,,,,,,,,,,,,,,,,,,,,,,,,,,,,,,,,,
3297,29-05-2014,,,,,,,,,,,,,,,1,,,,,,,,,,,,,,,,,,,,,,,
3297,30-03-2014,,,1,,,,,,,,,,,,,,,,,,,,,,,,,,,,,,,,,,,
3298,2005-02-14,1,,,,,,,,,,,,,,,,,,,,,,,,,,,,,,,,,,,,,
3298,26-05-2015,,,,,,,,,,,,,,1,,,,,,,,,,,,,,,,,,,,,,,,
3298,28-04-2015,,,,,,,,,,,,,,,,,,,,,,,,,,,,,,,,,,,,,,
3299,15-12-2014,,,1,,,,,,,,,,,,,,,,,,,,,,,,,,,,,,,,,,,
3299,2006-09-14,,1,,,,,,,,,,,,,,,,,,,,,,,,,,,,,,,,,,,,
3300,2006-10-15,,,,,,,,,,,,1,,,,,,,,,,,,,,,,,,,,,,,,,,
3300,31-07-2014,,,,,,1,,,,,,,,,,,,,,,,,,,,,,,,,,,,,,,,
3301,25-04-2015,,,,,,,,,,,,,,,,,,,,,,,,,,,,,,,,,,,,,,
3302,22-05-2015,,,,,,,,,,,,,,,,,,,,,,,1,,,,,,,,,,,,,,,
3303,21-12-2014,,,,,1,,,,,,,,,,,,,,,,,,,,,,,,,,,,,,,,,
3303,25-01-2015,,,,,,,,,,,1,,,,,,,,,,,,,,,,,,,,,,,,,,,
3304,28-03-2015,,,,,,,,,,,,,,,,,,,,,,,,,,,,,,,,,,,,,,
3304,30-11-2015,,,,,1,,,,,,,,,,,,,,,,,,,,,,1,,,,,,,,,,,
3305,2006-03-14,,,,,,,,,,,,,,,,,,,,,,,,,,,,,,,,,,,,,,
3305,24-06-2015,,,,,,,,,,,,,,,,,,,,,,,,,,,,,,,,1,,,,,,
3306,2011-12-14,,,,,,,,,,,,,,,,,,,,,,,,,,,,,,,,,,,,,,
3306,28-09-2015,,,,,,,,,,,,,,,,,,,,,,,,,,,,,,,,,1,,,,,
3307,2003-03-15,,,,,,,,,,,,,,,,,,,,,,,1,,,,,,,,,,,,,,,
3307,2006-10-15,,,,,,,,,,,,,,1,,,,,,,,,,,,,,,,,,,,,,,,
3307,21-03-2014,,,,,,,,,,,,,,,,,,,,,,,,,,,,,,,,,,,,,,
3307,28-06-2015,,,,,,1,,,,,,,,,,,,,,,,,,,,,,,,,,,,,,,,
3308,17-07-2015,,,,,,,,1,,,,,,,,,,,,,,,,,,,,,,,,,,,,,,
3308,19-08-2015,,,,,,,,,,1,,,,,,,,,,,,,,,,,,,,,,,,,,,,
3308,2009-04-14,1,,,,,,,,,,,,,,,,,,,,,,,,,,,,,,,,,,,,,
3308,2012-04-14,,,,,,1,,,,,,,,,,,,,,,,,,,,,,,,,,,,,,,,
3308,21-08-2014,,,,,,,,,,,1,,,,,,,,,,,,,,,,,,,,,,,,,,,
3308,23-10-2015,,,,,,,,,,,,,,1,,,,,,,,,,,,,,,,,,,,,,,,
3309,17-05-2015,,,,,1,,,,,,,,,,,,,,,,,,,,,,,,,,,,,,,,,
3309,19-03-2014,,1,,,,,,,,,,,,,,,,,,,,,,,,,,,,,,,,,,,,
3309,2002-09-15,,,,,1,,,,,,,,,,,,,,,,,,,,,,,,,,,,,,,,,
3309,2006-06-14,1,,,,,,,,,,,,,,,,,,,,,,,,,,,,,,,,,,,,,
3309,21-01-2015,,,,,,,,,,,,,,,,,1,,,,,,,,,,,,,,,,,,,,,
3309,28-10-2015,,,,,,,,,,,,,,,,,,,,,,,,,,,,,,1,,,,,,,,
3309,30-01-2014,,,,,,,,,,,,,,,,1,,,,,,,,,,,,,,,,,,,,,,
3310,14-05-2015,,,,,,,,,,,,,,,,,,,,,,,1,,,,,,,,,,,,,,,
3310,2008-03-15,,,,,,,,,,,,,,,,,,,,,,,,,,,1,,,,,,,,,,,
3310,2009-09-14,,,,,,,,,,,,,,,,,,,,,,,,,,,,,,,,,,,,,,
3311,18-07-2014,1,,,,,,,,,,,,,,,,,,,,,,,,,,,,,,,,,,,,,
3311,2002-05-15,,,,,,,,,,,,,,,,,,,,,,,,,,,,,,1,,,,,,,,
3312,13-10-2015,,,,,,,,,,,,,,,,,,,,,1,,,,,,,,,,,,,,,,,
3312,24-12-2015,,,,,,,,,,,,,,,,,,,,1,,,,,,,,,,,,,,,,,,
3312,27-05-2014,,,,,,,,1,,,,,,,,,,,,,,,,,,,,,,,,,,,,,,
3313,2008-04-15,,,,,1,,,,,,,,,,,,,,,,,,,,,,,,,,,,,,,,,
3314,13-08-2014,,,,,,,,,,,,,,,,,,,,,,,,,,,,1,,,,,,,,,,
3315,19-11-2015,,,1,,,,,,,,,,,,,,,,,,,,,,,,,,,,,,,,,,,
3315,25-09-2014,,,,,,,,1,,,,,,,,,,,,,,,,,,,,,,,,,,,,,,
3315,27-12-2014,1,,,,,,,,,,,,,,,,,,,,,,,,,,,,,,,,,,,,,
3316,2003-01-15,,,,,,,,,,,,,,,,,,,1,,,,,,,,,,,,,,,,,,,
3317,16-06-2014,,,,,,,,,,,,,,,,,,,,,,,,,1,,,,,,,,,,,,,
3317,2010-08-14,,,,,,,,,,,,,,,,,,,,,,,,,,,,,,,,,,,,,,
3317,29-06-2015,,,,,,,,,,,,,,,,,,,,,,,1,,,,,,,,,,,,,,,
3318,2012-01-15,,,,,,1,,,,,,,,,,,,,,,,,,,,,,,,,,,,,,,,
3318,21-07-2015,,,,,,1,,,,,,,,,,,,,,,,,,,,,,,,,,,,,,,,
3320,19-02-2014,,,,,,,,,1,,,,,,,,,,,,,,,,,,,,,,,,,,,,,
3320,21-01-2014,,,,,,,,,,,,1,,,,,,,,,,,,,,,,,,,,,,,,,,
3321,13-07-2015,,,,,,,,,,,,,,,,,,,,,,,,,,,,,,,,,,,,,,
3321,2011-03-14,,,,,,,,,,,,,,,,1,,,,,,,,,,,,,,,,,,,,,,
3321,25-12-2015,,,1,,,,,,,,,,,,,,,,,,,,,,,,,,,,,,,,,,,
3322,13-08-2014,,1,,,,,,,,,,,,,,,,,,,,,,,,,,,,,,,,,,,,
3322,2001-08-14,,,,,,,1,,,,,,,,,,,,,,,,,,,,,,,,,,,,,,,
3322,2002-02-15,1,,,,,,,,,,,,,,,,,,,,,,,,,,,,,,,,,,,,,
3322,2011-10-15,,,,,,,,,,,,,,,,,,,,,,,,,,,,,,,,,,,,,,
3323,2006-03-14,,,,,,,,,,,,,,,,,,,,,,,,,,,1,,,,,,,,,,,
3323,2008-02-14,,,,,,,,,,,,,1,,,,,,,,,,,,,,,,,,,,,,,,,
3323,2009-12-15,,1,,,,,,,,,,,,,,,,,,,,,,,,,,,,,,,,,,,,
3323,2012-11-15,,,,,,,,,,,,,,,,,,,,,,,,,,,,,,,,1,,,,,,
3324,24-08-2015,1,,,,,,,,,,,,,,,,,,,,,,,,,,,,,,,,,,,,,
3324,29-12-2014,,,,,,,,,,,,,1,,,,,,,,,,,,,,,,,,,,,,,,,
3325,16-11-2014,1,,,,,,,,,,,,,,,,,,,,,,,,,,,,,,,,,,,,,
3325,29-11-2015,,1,,,,,,,,,,,,,,,,,,,,,,,,,,,,,,,,,,,,
3326,30-04-2015,,,,,,,,1,,,,,,,,,,,,,,,,,,,,,,,,,,,,,,
3327,13-10-2014,,1,,,,,,,,,,,,,,,,,,,,,,,,,,,,,,,,,,,,
3327,16-07-2014,,,,,,,,,,,,,,,,,,,,,,,,,,,,,,,1,,,,,,,
3327,2004-05-15,,,,,,,1,,,,,,,,,,,,,,,,,,,,,,,,,,,,,,,
3327,30-04-2015,,,,,,,,,,,,,,,,,,,,,,,,,,,,,,,,,,,,,,
3328,16-08-2015,1,,,,,,,,,,,,,,,,,,,,,,,,,,,,,,,,,,,,,
3328,2012-09-15,,,,,,,,,,,,,,,,,,,,,,,,,,1,,,,,,,,,,,,
3329,2008-09-14,,,,,,,,,,,,,,,,1,,,,,,,,,,,,,,,,,,,,,,
3329,2009-11-14,,,,,,,,,,,,,,,,,,,,,,,,,,,,,1,,,,,,,,,
3329,21-02-2015,,,,,,,,1,,,,,,,,,,,,,,,,,,,,,,,,,,,,,,
3330,19-08-2014,,,1,,,,,,,,,,,,,,,,,,,,,,,,,,,,,,,,,,,
3330,26-07-2015,,,,,,,,,,,,1,,,,,,,,,,,,,,,,,,,,,,,,,,
3331,25-07-2015,1,,,,,,,,,,,,,,,,,,,,,,,,,,,,,,,,,,,,,
3332,21-09-2014,,,,,,,,,,,,,,,,,,,,,,,1,,,,,,,,,,,,,,,
3332,31-01-2015,,,,,1,,,,,,,,,,,,,,,,,,,,,,,,,,,,,,,,,
3334,17-03-2015,1,,,,,,,,,,,,,,,,,,,,,,,,,,,,,,,,,,,,,
3334,2003-05-15,,,,,,,,,,1,,,,,,,,,,,,,,,,,,,,,,,,,,,,
3334,2009-01-14,,,,,1,,,,,,,,,,,,,,,,,,,,,,,,,,,,,,,,,
3334,27-03-2014,,,,,,,1,,,,,,,,,,,,,,,,,,,,,,,,,,,,,,,
3335,2005-09-14,,,,,,,,,,,,,,,,,,1,,,,,,,,,,,,,,,,,,,,
3336,26-03-2015,,,,,,,,,,,,,,,,,,,,,,,1,,,,,,,,,,,,,,,
3337,14-05-2015,,1,,,,,,,,,,,,,,,,,,,,,,,,,,,,,,,,,,,,
3337,19-08-2014,,,,,,,,,,,,,,1,,,,,,,,,,,,,,,,,,,,,,,,
3337,2001-02-15,1,,,,,,,,,,,,,,,,,,,,,,,,,,,,,,,,,,,,,
3337,2010-06-15,,,,,1,,,,,,,,,1,,,,,,,,,,,,,,,,,,,,,,,,
3338,17-08-2015,,,,,,,,,,,,,,,,,,,,,,,,,,,,,,,,,,,,,,
3338,25-12-2014,,,,,,,1,,,,,,,,,,,,,,,,,,,,,,,,,,,,,,,
3339,2008-10-15,,,,,,,,,,,,,,,,,,,,,,,1,,,,,,,,,,,,,,,
3341,15-12-2015,,,,,,,,,,1,,,,,,,,,,,,,,,,,,,,,,,,,,,,
3342,15-12-2014,,,,,,,,,,,,,,,,,,,,,,,1,,,,,,,,,,,,,,,
3342,22-06-2015,,,,,,,,,,,,,,,,,,,,,,,,,,,,,,,,,,,,,,
3342,24-07-2014,,,,,,,,,,,,,,,,,,,,,,,,,,,,,,,,,,1,,,,
3343,16-06-2014,1,,,,,,,,,,,,,,,,,,,,,,,,,,,,,,,,,,,,,
3343,2003-08-14,,,,,,,,,,,,,,,,,,,,,,,,,,,,,,1,,,,,,,,
3344,14-01-2014,,,,,,,,1,,,,,,,,,,,,,,,,,,,,,,,,,,,,,,
3344,2001-04-15,1,,,,,,,,,,,,,,,,,,,,,,,,,,,,,,,,,,1,,,
3344,21-11-2014,,,,,,,,,,,,,,,,,,,,,,,,,,,,,,,,,,,,,,
3345,30-09-2015,,,,,,,,,,,,,,,,,,,,,,,,,,,,,,,,,,,,,,
3346,2011-05-15,,,1,,,,,,,,,,,,,,,,,,,,,,,,,,,,,,,,,,,
3346,2011-08-14,,1,,,,,,,,,,,,,,,,,,,,,,,,,,,,,,,,,,,,
3347,2005-06-15,,,,,,,,,,,,,,,,,,,,,,,,,,,,,,,,,,,,,,
3347,21-11-2014,,,,,,,,,,,,,,,,,,,,,,,,,,,,,,,,,,,,,,
3347,24-01-2015,,1,,,,,,,,,,,,,,,,,,,,,,,,,,,,,,,,,,,,
3347,24-04-2015,1,,,,,,,,,,,,1,,,,,,,,,,,,,,,,,,,,,,,,,
3348,14-05-2014,,,,,,,,,,,,,,,,,,,,,,,,,1,,,,,,,,,,,,,
3348,18-01-2014,,,,,,1,,,,,,,,,,,,,,,,,,,,,,,,,,,,,,,,
3348,2005-12-15,,,,,,,,,,,,,,,,,,,,,,,,,,,,,,,,,,,,,,
3349,18-01-2014,,,,,,,,1,,,,,,,,,,,,,,,,,,,,,,,,,,,,,,
3349,2009-07-14,,,1,,,,,,,,,,,,,,,,,,,,,,,,,,,,,,,,,,,
3350,21-01-2014,,,,,,,,,,,,,,1,,,,,,,,,,,,,,,,,,,,,,,,
3350,23-05-2014,,,,,,,,1,,,,,,,,,,,,,,,,,,,,,,,,,,,,,,
3351,13-06-2014,,,,,,,,,,,,,,1,,,,,,,,,,,,,,,,,,,,,,,,
3351,14-10-2015,,,,,,,,,,,,,,,,,,,,,,,1,,,,,,,,,,,,,,,
3352,13-06-2015,,,,,,,,,,,,,,,,,,,,,,,,,,,,,,,,,,,,,,
3352,2008-11-15,,,,,,,,,,,,,,,,,,,,,,,,,,,,,,,,,,,,,,
3353,13-04-2015,,,,,,,,,,,,,,,,,,,,,,,,,,,,,,,,,,,,,,
3353,13-07-2014,,,,,,,,,,,,,,,,,,,,,,,,,,,,,,,,,,1,,,,
3353,14-08-2015,,,,,,1,,1,,,,,,,,,,,,,,,,,,,,,,,,,,,,,,
3353,24-01-2014,,,,,1,,,,,,,,,,,,,,,,,,,,,,,,,,,,,,,,,
3354,14-01-2015,,,,,,,,,,,,,1,1,,,,,,,,,,,,,,,,,,,,,,,,
3354,2009-11-15,,,,,,,,,,,,,,,,,,,1,,,,,,,,,,,,,,,,,,,
3354,27-01-2015,,,,,,,,,,,,,,,,,,,,,,,,,,,,,,,,,,,,,,
3354,29-11-2015,,,,,,,,,,,,,,,,,,,,,,,,,,,1,,,,,,,,,,,
3355,18-10-2015,,,,,,,,,,,,,,,,,,,,,,,1,,,,,,,,,,,,,,,
3355,2002-12-15,,,,,,,,,,1,,,,,,,,,,,,,,,,,,,,,,,,,,,,
3356,2008-11-14,,1,,,,,,,,,,,,,,,,,,,,,,,,,,,,,,,,,,,,
3356,21-02-2014,,,,,,,,,,,,,,,,,,,,,,,,,,,,,,,,,,,,,,
3356,23-05-2015,,,1,,,,,,,,,,,1,,,,,,,,,,,,,,,,,,,,,,,,
3356,26-06-2014,,,,,,1,,,,,,,,,,,,,,,,,,,,,,,,,,,,,,,,
3357,2008-06-15,,,,,,,1,,,,,,,,,,,,,,,,,,,,,,,,,,,,,,,
3358,19-03-2015,,,,,,,,,1,,,,,,,,,,,,,,,,,,,,,,,,,,,,,
3358,21-02-2015,,,,,,,,,,,,,,1,,,,,,,,,,,,,,,,,,,,,,,,
3358,22-10-2014,,,,,,1,,,,,,,,,,,,,,,,,,,,,,,,,,,,,,,,
3359,2007-06-14,,,,,,,,,,,,,,,,,,,,,,,,,,,,,,,,1,,,,,,
3360,14-11-2015,1,1,,,,,,,,,,,,,,,,,,,,,,,,,,,,,,,,,,,,
3360,2012-04-14,,,,,,,,1,,,,,,,,,,,,,,,,,,,,,,,,,,,,,,
3360,30-08-2014,,,,,,,,,,,,,,,,,,,,,,,,,,,,,,,,,,,,,,
3361,2005-03-15,,,1,,,,,,,,,,,,,,,,,,,,,,,,,,,,,,,,,,,
3361,22-07-2015,,,,,,,,,,,,,,,,,,,,,,,,,,,,,,,,,,1,,,,
3361,24-12-2014,,,,,,,,,,,,,,,,,,,,,,,1,,,,,,,,,,,,,,,
3361,28-06-2015,,,,,,1,,,,,,,,,,,,,,,,,,,,,,,,,,,,,,,,
3362,31-05-2014,,,,,,,1,,,,,,,,,,,,,,,,,,,,,,,,,,,,,,,
3363,18-08-2015,,,,,,,,,,,,,,,,,,,,,,,,,,,,,,,,,,,1,,,
3363,2006-08-14,,,,,1,,,,,,,,,,,,,,,,,,,,,,,,,,,,,,,,,
3363,2007-01-15,,,,,,,,1,,,,,,,,,,,,,,,,,,,,,,,,,,,,,,
3363,25-01-2015,,,,1,,,,,,,,,,,,,,,,,,,,,,,,,,,,,,,,,,
3363,29-12-2015,,,,,,,,,,,,,,,,,,,,,,,1,,,,,,,,,,,,,,,
3364,14-09-2015,,,,,,,,,,,,,,1,,,,,,,,,,,,,,,,,,,,,,,,
3364,2006-05-14,,1,,,,,,,,,,,,,,,,,,,,,,,,,,,,,,,,,,,,
3364,29-06-2015,,,,,,,,,,,,,,,,,,,,,,,,,,,,,,,,,,,,,,
3364,30-08-2015,,,,,,,,,,,,,,,,,,,1,,,,,,,,,,,,,,,,,,,
3365,13-08-2015,,,,,,,,,,1,,,,,,,,,,,,,,,,,,,,,,,,,,,,
3365,2001-02-15,,,,,1,,,,,,,,,,,,,,,,,,,,,,,,,,,,,,,,,
3365,2006-01-15,,,,,,,,,,,,,1,,,,,,,,,,,,,,,,,,,,,,,,,
3365,28-06-2015,,,,,,,,,,,1,,,,,,,,,,,,,,,,,,,,,,,,,,,
3367,27-02-2014,,,,,,,,,,,,,,,,,,,,,,,,,,,,,,,,,,,,,,
3368,21-08-2014,,,,,,,,1,,,,,,,,,,,,,,,,,,,,,,,,,,,,,,
3369,18-07-2014,,,,,1,,,,,,,,,,,,,,,,,,,,,,,,,,,,,,,,,
3369,23-03-2015,,,,,,,,,,,,,,,,,,,,,,,,,,,,,,,,,,,,1,,
3369,29-12-2015,,,,,,,,,,,,,,,,,,,,,,,,,,,,,,,,,,,,,,
3370,14-12-2014,,,,,,1,,,,,,,,,,,,,,,,,,,,,,,,,,,,,,,,
3370,2003-02-15,,,,,,,,,,,,,,,,,,,,,,,,,,,,,,,,,,,,,,
3370,2012-11-15,,,,,1,,,,,,,,,,,,,,,,,,,,,,,,,,,,,,,,,
3370,24-11-2014,,,,,1,,,,,,,,,,,,,,,,,,,,,,,,,,,,,,,,,
3373,2009-05-14,,,,,,,,,,,1,,,,,,,,,,,,,,,,,,,,,,,,,,,
3373,24-12-2015,,,,,,,1,,,,,,,,,,,,,,,,,,,,,,,,,,,,,,,
3374,27-08-2015,,,,,,,,,,1,,,,,,,,,,,,,,,,,,,,,,,,,,,,
3375,19-10-2014,,,,,,,,,1,,,,,,,,,,,,,,,,,,,,,,,,,,,,,
3375,2006-01-15,,,,,,,,,,,,,,,,,,,,,,,1,,,,,,,,,,,,,,,
3376,2007-01-14,,,,,,,,,,,,,,,,,,,,,,,,,,,,,,,,,,,,,,
3377,29-08-2014,,,,,,,1,,,,,,,,,,,,,,,,,,,,,,,,,,,,,,,
3378,20-01-2014,,,,,,,,,,,,,,,,,,,,,,,1,,,,,,,,,,,,,,,
3378,2012-09-14,,,,,,,,1,,,,,,,,,,,,,,,,,,,,,,,,,,,,,,
3380,16-05-2015,,,,,1,,,,,,,,,,,,,,,,,,,,,,,,,,,,,,,,,
3380,16-08-2014,,,,,,1,,,,,,,,,,,,,,,,,,,,,,,,,,,,,,,,
3380,2011-11-15,,,,,,,,,,,,,,,,,,,,,,1,,,,,,,,,,,,,,,,
3380,23-02-2014,,,,,,,,,,,,,,,,,,,1,,,,,,,,,,,,,,,,,,,
3380,23-04-2015,,,,,,,,,,,,,,,,,,,,,,,1,,,,,,,,,,,,,,,
3381,30-10-2014,,,,1,,,,,,,,,,,,,,,,,,,,,,,,,,,,,,,,,,
3382,13-11-2014,,,,,,,,,,,,,,,,,,,,,,,,,1,,,,,,,,,,,,,
3382,2001-09-14,,,,,,,,,,,,,,,,,,,,,,,,,,,,,,,,,,,,,,1
3383,2012-02-14,,,,,,,,,,,,,,,,,,,,,,,,,,,,,,,,,,,,,,
3384,29-11-2015,,,,,,,,,,,1,,,,,,,,,,,,,,,,,,,,,,,,,,,
3385,16-02-2015,,,,,1,,,,,,,,,,,,,,,,,,,,,,,,,,,,,,,,,
3385,22-06-2015,,,,,,,,1,,,,,,,,,,,,,,,,,,,,,,,,,,,,,,
3386,18-03-2014,,,,,,,,,,,,,,,,,,1,,,,,,,,,,,,,,,,,,,,
3386,2003-02-15,,,,,,,,,,,,,,1,,,,,,,,,,,,,,,,,,,,,,,,
3386,2007-08-14,,,,,,1,,,,,,,,,,,,,,,,,,,,,,,,,,,,,,,,
3387,2009-05-14,,,,,,,,,,,,,,,,,,,,1,,,,,,,,,,,,,,,,,,
3387,2010-05-15,,,,,,,,,,,,,,,,,,,,,,,,,,,,,,,,,,,,,,
3389,17-08-2015,,,,,,,,,,,,,,,,,,,,,,,,,,,1,,,,,,,,,,,
3389,2007-12-14,,,,,,,,,,,1,,,,,,,,,,,,,,,,,,,,,,,,,,,
3389,26-01-2015,1,1,,,,,,,,,,,,,,,,,,,,,,,,,,,,,,,,,,,,
3390,14-11-2015,,,,,,,,,,,,,,,,,,,,,,,,,,,,,,,,,,,,,,
3390,30-11-2014,,,,,,,,,,,,,,,,,,,,,,,,,,,,,,,,,,,1,,,
3393,15-02-2015,,,1,,,,,,,,,,,,,,,,,,,,,,,,,,,,,,,,,,,
3393,2002-07-14,1,,,,,,,,,,,,,,,,,,,,,,,,,,,,,,,,,,,,,
3393,2007-11-15,,,,,,,,,,,,,,,,1,,,,,,,,,,,,,,,,,,,,,,
3393,25-06-2014,,,,,,,,,,,1,,,,,,,,,,,,,,,,,,,,,,,,,,,
3394,13-12-2015,,,,,,,,,,,,,,,,,,,,,,,,,,,,,,,,,,,,,,
3394,15-06-2015,,,,,,,,,,,,,1,,,,,,,,,,,,,,,,,,,,,,,,,
3395,17-03-2014,,,,,,,,,,,,,,,,,,,,,,,,,,,,,,,,,,,,,,
3395,19-08-2015,1,,,,,,,,,,,,,,,,,,,,,,,,,,,,,,,,,,,,,
3396,13-07-2014,,,,,1,,,,,,,,,,,,,,,,,,,,,,,,,,,,,,,,,
3396,14-05-2015,,,,,,,,,,1,,,,,,,,,,,,,,,,,,,,,,,,,,,,
3396,2005-11-14,,,,,,,,,,,,,,,,,,,,,,,1,,,,,,,,,,,,,,,
3397,20-02-2015,,,,,,,,,,,,,,1,,,,,,,,,,,,,,,,,,,,,,,,
3398,18-01-2015,,,,,,,,1,,,,,,,,,,,,,,,,,,,,,1,,,,,,,,,
3398,2004-01-14,,,,,,,,,,,,,,,,,,,,,,,,,,,,,,,,,,1,,,,
3398,2011-03-15,,,1,,,,,,,,,,,,,,,,,,,,,,,,,,,,,,,,,,,
3399,19-07-2015,,,1,,,,,,,,,,,,,,,,,,,,,,,,,,,,,,,,,,,
3399,2009-04-15,,,,,,,,,,,,,,,,,,,,,,,,,,,,,,,,,,,,,,
3399,25-05-2014,,,,,,,,,,,,,,,,,,,,,,,,,,,,,1,,,,,,,,,
3400,2004-03-15,,,,,,,1,1,,,,,,,,,,,,,,,,,,,,,,,,,,,,,,
3401,17-03-2014,,,,,,,1,,,,,,,,,,,,,,,,,,,,,,,,,,,,,,,
3401,2002-08-15,,,,,,,,,,,,,,,,,,,,,,,1,,,,,,,,,,,,,,,
3401,28-09-2015,,,,,,,,,,,,,,,,,,,,,,,,,,,,,,,,,,,,,,
3402,16-08-2015,1,,,,,,,,,,,,,,,,,,,,,,,,,,,,,,,,,,,,,
3402,17-05-2014,,,,,,,,,,,,,,,,1,,,,,,,,,,,,,,,,,,,,,,
3402,2006-01-15,,,,,,,,,,,,,,,,,,,,1,,,,,,,,,,,,,,,,,,
3402,23-05-2015,,,,,,,,,,,,,,,,,,,,1,,,,,,,,,,,,,,,,,,
3403,16-04-2014,,,,,,,,,,,,,,,,,,,,1,,,,,,,,,,,,,,,,,,
3403,21-01-2014,,,,,,,,,,,1,,,,,,,,,,,,,,,,,,,,,,,,,,,
3405,13-04-2015,,1,,,,,,,,,,,,,,,,,,,,,,,,1,,,,,,,,,,,,
3405,20-08-2014,1,,,,,,,,,,,,,,,,,,,,,,,,,,,,,,,,,,,,,
3406,17-05-2015,,,,,,,,,,,,,,,,,,,,,,,,,,,,,,,,,,,,,,
3406,23-10-2015,1,,,,,,,,,,,,,,,,,,,,,,,,,,,,,,,,,,,,,
3407,2001-09-14,,,,,,,,,,,1,,,,,,,,,,,,,,,,,,,,,,,,,,,
3408,2005-11-15,,,,,,,,,,,1,,,,,,,,,,,,,,,,,,,,,,,,,,,
3409,20-05-2015,,,,,,,,,,,,,,1,,,,,,,,,,,,,,,,,,,,,,,,
3409,2008-09-14,,,,,,,,,,,,,,,,,,,,,,,,,,,,,,,,,,,,,,
3409,2011-12-15,,,,,,,,,,,,,,,,,,,,,,,,,,,,,,,,,,,,,,
3410,16-01-2015,1,,,,,,,,,,,,,,,,,,,,,,,,,,,,,,,,,,,,,
3410,2003-07-15,,,,,,1,,,,,,,,,,,,,,,,,,,,,,,,,,,,,,,,
3410,31-05-2015,,,,,,,,,,,,,,,,,,,1,,,,,,,,,,,,,,,,,,,
3411,19-06-2015,,,,,,,,,,,,,,,,,,,,,,,,,,,1,,,,,,,,,,,
3411,2002-05-14,,,,,,1,,,,,,,,,,,,,,,,,,,,,,,,,,,,,,,,
3411,30-11-2014,1,,,,,,,,,,,,,,,,,,,,,,,,,,,,,,,,,,,,,
3413,31-01-2015,,,,,,,,,,,,,,,,,,,,,,,1,,,,,,,,,,,,,,,
3414,2002-04-14,,,,,,,,,,,1,,,,,,,,,,,,,,,,,,,,,,,,,,,
3414,22-05-2014,,,,,,,,,1,,,,,,,,,,,,,,,,,,,,,,,,,,,,,
3414,23-10-2015,,,,,,,,,,,,,,,,,,,,1,,,,,,,,,1,,,,,,,,,
3415,27-05-2015,1,,,,,,,,,,,,,,,,,,,,,,,,,,,,,,,,,,,,,
3416,13-07-2014,,,,,,,,,,1,,,,,,,,,,,,,,,,,,,,,,,,,,,,
3416,2007-02-15,,,1,,,,,,,,,,,,,,,,,,,,,,,,,,,,,,,,,,,
3417,15-12-2015,,,1,,,,,,,,,,1,,,,,,,,,,,,,,,,,,,,,,,,,
3417,2002-09-14,,,,,,,,1,,,,,,,,,,,,,,,,,,,,,,,,,,,,,,
3418,13-03-2015,,,,,,,,,,,,,,,,,,,1,,,,,,,,,,,,,,,,,,,
3419,2005-12-15,,,,,,,,,,,,,,,,,,,,,,,,,1,,,,,,,,,,,,,
3419,25-07-2015,,,1,,,,,,,,,,,,,,,,,,,,,,,,,,,,,,,,,,,
3420,20-08-2014,,,,,,,1,,,,,,,,,,,,,,,,,,,,,,,,,,,,,,,
3420,27-02-2015,,1,,,,,,,,,,,,,,,,,,,,,,,,,,,,,,,,,,,,
3421,2012-05-15,,,,,,,,,,,,,,1,,,,,,,,,,,,,,,,,,,,,,,,
3422,27-07-2014,,,,,1,,,,,,,,,,,,,,,,,,,,,,,,,,,,,,,,,
3423,15-03-2014,,,,,,,,,,,1,,,,,,,,,,,,,,,,,,,,,,,,,,,
3423,2002-06-15,,,,,,,,,,,,,,,,,,,,,,,,,,,,,,,,,,,,,,
3424,16-08-2015,,,,,,,,,,,,,,,,,,,,,,,,,,,,,,,,1,,,,,,
3424,2008-05-14,,,,,1,,,,,,,,,,,,,,,,,,,,,,,,,,,,,,,,,
3426,17-08-2014,,,,,1,,,,,,,,,,,,,,,,,,,,,,,,,,,,,,,,,
3426,2002-05-14,,,,,,,,,,,,,,,,,,,,,,,1,,,,,,,,,,,,,,,
3426,25-10-2015,,,,,,,,,,,,,,,,,,,1,,,,,,,,,,,,,,,,,,,
3427,16-10-2014,,,,,,,,1,,,,,,,,,,,,,,,,,,,,,,,,,,,,,,
3427,28-04-2015,,,,,,,,,,,,,,,,,,,,1,,,,,,,,,,,,,,,,,,
3428,2005-03-14,,,,,,1,,,,,,,,,,,,,,,,,,,,,,,,,,,,,,,,
3428,21-10-2014,,,,,,,,,,,,,,,,,,,,,,,,,,,,,1,,,,,,,,,
3429,2001-04-15,,,,,,1,,,,,,,,,,,,,,,,,,,,,,,,,,,,,,,,
3429,2004-01-15,,,,,,,,,,,,,,,,,,,,,,,,,,,,,,,,1,,,,,,
3429,2010-03-14,,,,,,,,,,,,,,,,,,1,,,,,,,,,,,,,,,,,,,,
3429,29-06-2015,,,,,,,,,,,,,,,,,,,,,,,1,,,,,,,,,,,,,,,
3430,16-04-2015,,,,,,,,,,,,,,,,,,1,,,,,,,,,,,,,,,,,,,,
3430,2012-01-14,,,,,,1,,,,,,,,,,,,,,,,,,,,,,,,,,,,,,,,
3430,2012-08-14,,,1,,,,,,,,,,,,,,,,,,,,,,,,,,,,,,,,,,,
3430,26-01-2015,,,,,1,,,,,,,,,,,,,,,,,,,,,,,,,,,,,,,,,
3432,2004-04-15,,,,,,,,1,,,,,,,,,,,,,,,,,,,,,,,,,,,,,,
3433,2001-10-15,,,,,1,,,,,,,,,,,,,,,,,,,,,,,,,,,,,,,,,
3433,22-08-2015,,,,,,,,,,,,,,,,,,,,,,,,,,,1,,,,,,,,,,,
3434,2010-06-15,,,,1,,,,,,1,,,,,,,,,,,,,,,,,,,,,,,,,,,,
3435,2010-04-14,,,,,,,,,,,,,,,,,,,,,,1,,,,,,,,,,,,,,,,
3435,22-01-2014,,,,,,1,,,,,,,,,,,,,,,,,,,,,,,,,,,,,,,,
3435,29-05-2014,,,,,,,,,,,,1,,,,,,,,,,,,,,,,,,,,,,,,,,
3435,30-07-2014,,,1,,,,,,,,,,,,,,,,,,,,,,,,,,,,,,,,,,,
3436,27-03-2015,,,,,,,,,,1,,,,,,,,,,,,,,,,,,,,,,,,,,,,
3437,19-04-2014,,,,,,,,,,,,1,,,,,,,,,,,,,,,,,,,,,,,,,,
3437,2002-02-15,,,,,,,,,,,,,,,,,,,,,,,,,,,,,,,,,,,,,,
3438,2002-06-14,,,,,,,,,,,,,,1,,,,,,,,,,,,,,,,,,,,,,,,
3438,2004-01-15,,,,,,,,,,,,,,,,,,,,,,,,,,,,,,,,,,,,,,
3438,2011-06-14,,,,,,,,,,1,,,,,,,,,,,,,,,,,,,,,,,,,,,,
3438,26-10-2015,,,,,,,,,,,,,,,,,,,,,,,1,,,,,,,,,,,,,,,
3438,27-12-2015,,,,,,,1,,,,,,,,,,,,,,,,,,,,,,,,,,,,,,,
3439,14-05-2014,,,,,,,,,,,,,,,,,,,,,,,,,,,,,,,,,,,,1,,
3439,2006-12-14,,,,,,,,,,,,,,,,1,,,,,,,,,,,,,,,,,,,,,,
3439,25-08-2015,,1,,,,,,,,,,,,,,,,,,,,,,,,,,,,,,,,,,,,
3439,27-04-2014,1,,,,,,,,,,,,,,,,,,,,,,,,,,,,,,,,,,,,,
3439,28-03-2014,,,,,,,,,,,,,,,,,,,,,,,,,,,,,,,,,,,,,,1
3440,21-12-2015,,,,,,,,,,,,,,1,,,,,,,,,1,,,,,,,,,,,,,,,
3441,20-04-2014,,,,,,1,,,,,,,,,,,,,,,,,,,,,,,,,,,,,,,,
3441,2012-04-15,,,,,,1,,,,,,,,,,,,,,,,,,,,,,,,,,,,,,,,
3442,14-11-2015,,,,,,,,1,,,,,,,,,,,,,,,,,,,,,,,,,,,,,,
3442,2012-10-15,,1,,,,,,,,,,,,,,,,,,,,,,,,,,,,,,,,,,,,
3443,18-04-2015,,,,,,,,,,1,,,,,,,,,,,,,,,,,,,,,,,,,,,,
3443,2004-04-15,,,1,,,,,,,,,,,,,,,,,,,,,,,,,,,,,,,,,,,
3443,23-10-2015,,,,,1,,,,,,,,,,,,,,,,,,,,,,,,,,,,,,,,,
3444,2008-04-14,,,,,,,,,,,,,1,,,,,,,,,,,,,,,,,,,,,,,,,
3445,15-02-2015,,,,,,,,,,,,,,,,,,,,,,,,,,,,,,,,,,,,,,
3445,2001-10-15,,,,,,,,,,,,,,,,,,,,,,,,,,,,,,,,,,,,,,
3445,30-04-2015,,,,,,,,,,,,,,,,,,,,,,,,,,,,,,,,,,,,,,
3447,2003-09-15,,,,,1,,,,,,,,,,,,,,,,,,,,,,,,,,,,,,,,,
3447,28-01-2014,,,,,,,,,,,,,,,,,,,,,,,,,,,,,,,,,,,,,,
3448,26-09-2014,,1,,,,,,,,,,,,,,,,,,,,,,,,,,,,,,,,,,,,
3449,2008-03-15,,,,,,,,,,,,,,,,,,,,,,,,,,,,,,,,,,,,,,
3449,2010-10-15,1,,,,,,,,,,,,,,,,,,,,,,,,,,,,,,,,,,,,,
3449,29-11-2015,,,,,,,,,,,,,,,,,,,,,,,1,,,,,,,,,,,,,,,
3450,2003-04-14,,,,,1,,,,,,,,,,,,,,,,,,,,,,,,,,,,,,,,,
3450,2003-10-15,,,,,,,,,,,,,,,,,,,,,,,,,,,1,,,,,,,,,,,
3450,2008-03-15,,,,,,,,,,,1,,,,,,,,,,,,,,,,,,,,,,,,,,,
3450,24-12-2015,,,,,,,1,,,,,,,,,,,,,,,,,,,,,,,,,,,,,,,
3450,26-11-2014,,,,,,,,,,,,,1,,,,,,,,,,,,,,,,,,,,,,,,,
3450,27-04-2015,,,,,,1,,,,,,,,,,,,,,,,,,,,,,,,,,,,,,,,
3451,26-04-2015,,,1,,,,,,,,,,,,,,,,,,,,,,,,,,,,,,,,,,,
3451,31-08-2015,,,,,,,,1,,,,,,,,,,,,,,,,,,,,,,,,,,,,,,
3452,15-05-2015,,,,,,,,,,,,,,1,,,,,,,,,,,,,,,,,,,,,,,,
3452,2001-11-15,,,,,,,,,,,,,,,,,,,,,,,,,,,1,,,,,,,,,,,
3453,2004-09-14,1,,,,,,,,,,,,,,,,,,,,,,,,,,,,,,,,,,,,,
3455,13-09-2015,,,,,,1,,,,,,,,,,,,,,,,,,,,,,,,,,,,,,,,
3455,18-11-2015,,,,,,,,,,,,,1,,,,,,,,,,,,,,,,,,,,,,,,,
3456,16-06-2015,,,,,1,,,,,,,,,,,,,,,,,,,,,,,,,,,,,,,,,
3456,2010-09-15,,,,,,,,,1,,,,,,,,,,,,,,,,,,,,,,,,,,,,,
3456,22-04-2015,,,,,,,,,,,,,,,,,,,,,,,,,,,,,,,,,,,,,,
3457,17-03-2014,,,,,,,,,,1,,,,,,,,,,,,,,,,,,,,,,,,,,,,
3457,2009-11-14,1,,,,,,,,,,,,,,,,,,,,,,,,,,,,,,,,,,,,,
3458,13-08-2015,,,,,,,,,,,,,,,,,,,,,,,,,,,,,,,,,,,,,,
3458,23-12-2014,,,,,,1,,,,,,,,,,,,,,,,,,,,,,,,,,,,,,,,
3458,27-04-2015,,,,,,,,,,,,,,1,,,,,,,,,,,,,,,,,,,,,,,,
3458,27-06-2014,,,,,,,,1,,,,,,,,,,,,,,,,,,,,,,,,,,,,,,
3458,29-04-2014,,,,,,,,,,,,,,,,,,,,,,,,,,,,,,,,,,,,,,
3459,21-06-2014,,,,,,,,,,,,,1,,,,,,,,,,,,,,,,,,,,,,,,,
3459,23-01-2015,,,1,,,,,,,,,,,,,,,,,,,,,,,,,,,,,,,,,,,
3460,14-02-2015,,,1,,,,,,,,,,,,,,,,,,,,1,,,,,,,,,,,,,,,
3460,14-09-2015,,,,,,1,,,,,,,,,,,,,,,,,,,,,,,,,,,,,,,,
3460,24-07-2015,,,,,1,,,,,,,,,,,,,,,,,,1,,,,,,,,,,,,,,,
3460,24-11-2015,,,,,,,,,,,,,,,,,,,,,1,,,,,,,,,,,,,,,,,
3461,19-05-2014,,,,,,,,,,,,,,,,,,,,,,,,,,,,,,,,,,,,,,
3461,26-06-2015,,,,,,,,,,,,,,,,,,,1,,,,,,,,,,,,,,,,,,,
3462,15-11-2015,,,1,,,,,,,,,,,1,,,,,,,,,,,,,,,,,,,,,,,,
3462,16-02-2015,,,,,,,,,,,,,,,,,,,,,,1,,,,,,,,,,,,,,,,
3462,16-05-2015,,,,,,,,,,,,,,,,,,,,,,,,,,,,,,,,1,,,,,,
3462,16-12-2014,,,,,,,,,,,,,,,,,,,,,,,,,,,1,,,,,,,,,,,
3462,2001-10-14,,,,,,,,,,,,,,1,,,,,,,,,,,,,,,,,,,,,,,,
3462,2011-10-14,,,,,,,,1,,,,,,,,,,,,,,,,,,,,,,,,,,,,,,
3462,21-01-2015,,,,,,,,,,,,,,,,,,,,,,,,,,,,,,,,,,,,,,
3462,21-09-2014,,,,,,,1,,,,,,,,,,,,,,,,,,,,,,,,,,,,,,,
3463,13-06-2015,,,,,,,1,,,,,,,,,,,,,,,,,,,,,,,,,,,,,,,
3463,16-05-2015,,,,,,,,,,,,,,,,,,,,,,,,,,,,,,,,,,,,,,
3463,2009-05-15,,,,,,,,,,,,,1,,,,,,,,,,,,,,,,,,,,,,,,,
3463,24-09-2015,,,1,,,,,,,,,,,,,,,,,,,,,,,,,,,,,,,,,,,
3465,14-06-2015,,,,,,,,,,,,,,,,,,,,,,1,,,,,,,,,,,,,,,,
3465,15-01-2015,,,,,,,,,,1,,,,,,,,,,,,,,,,,,,,,,,,,,,,
3465,2001-11-15,,,,,,,,,,,1,,,,,,,,,,,,,,,,,,,,,,,,,,,
3465,30-07-2015,,,,,,,,,,,,,,,,,,,,,,,,,,,,,,,,,,,,,,
3465,30-09-2014,,,1,,,,,,,,,,,,,,,,,,,,,,,,,,,,,,,,,,,
3466,31-05-2014,,,,,,1,,,,,,,,,,,,,,,,,,,,,,,,,,,,,,,,
3467,20-10-2014,,1,,,,,,,,,,,,,,,,,,,,,,,,,,,,,,,,,,,,
3467,2008-11-14,,,,,,,,,,,,,1,,,,,,,,,,,,,,,,,,,,,,,,,
3467,24-12-2015,,,,,,,,,,,,,,,,,,,,,,,,,,,,,,,,,,,1,,,
3467,27-11-2015,,,,,,,1,,,,,,,,,,,,,,,,,,,,,,,,,,,,,,,
3467,28-01-2015,,,,,,,,,,,,,,,,,,,,,,,,,,,,,,,,,,,,,,
3468,2002-06-14,,,,,,,,,1,,,,,,,,,,,,,,,,,,,,,,,,,,,,,
3468,2008-07-15,,,,,,,,,,,,,1,,,,,,,,,,,,,,,,,,,,,,,,,
3469,20-05-2015,,,,,,,,,,,,,,,,,,,,,,,,,,,,,,,,,,,,,,
3469,2004-02-14,,,,,,,,,,1,,,,,,,,,,,,,,,,,,,,,,,,,,,,
3469,2009-02-15,,,,,,1,,,,,,,,,,,,,,,,,,,,,,,,,,,,,,,,
3469,2010-05-15,,,,,,,,,,,,1,,,,,,,1,,,,,,,,,,,,,,,,,,,
3469,2011-04-14,1,,,,,,,,,,,,,,,,,,,,,,,,,,,,,,,,,,,,,
3470,19-02-2015,,,,,1,,,,,,,,,,,,,,,,,,,,,,,,,,,,,,,,,
3470,2004-10-15,,,,,,,,,,,,,,,,,,,,,,,,,,,,,,,,,,,,,,
3471,29-05-2015,,,,,,,,,,,,,1,,,,,,,,,,,,,,,,,,,,,,,,,
3472,2006-02-15,,,,,,,,,,,,,,1,,,,,,,,,,,,,,,,,,,,,,,,
3472,28-02-2015,,,,,,,,,,,,1,,1,,,,,,,,,,,,,,,,,,,,,,,,
3473,2002-08-14,,,1,,,,,,,,,,,,,,,,,,,,,,,,,,,,,,,,,,,
3473,2007-04-15,1,,,,,,,,,,,,,,,,,,,,,,,,,,,,,,,,,,,,,
3473,25-01-2015,1,,,,,,,,,,,,,,,,,,,,,,,,,,,,,,,,,,,,,
3474,19-01-2014,,,,,,,,1,,,,,,,,,,,,,,,,,,,,,,,,,,,,,,
3474,2007-04-15,,,1,,,,,,,,,,,,,,,,,,,,,,,,,,,,,,,,,,,
3474,25-02-2015,,,,,,,,,,,,,,,,,,,,,,,,,,,,,,,,,,,1,,,
3474,25-08-2015,,,,,1,,,,,,,,,,,,,,,,,,,,,,,,,,,,,,,,,
3474,29-10-2014,,,,,,1,,,,,,,,,,,,,,,,,,,,,,,,,,,,,,,,
3475,23-12-2014,,,,,,1,,,,,,,,,,,,,,,,,,,,,,,,,,,,,,,,
3476,21-04-2015,,,,,,,,,,,1,,,,,,,,,,,,,,,,,,,,,,,,,,,
3476,28-06-2015,,,,,,,,,1,,,,,,,,,,,,,,,,,,,,,,,,,,,,,
3477,17-07-2014,,,1,,,,,,,,,,,,,,,,,,,,,,,,,,,,,,,,,,,
3479,2010-05-14,,,,,,,,1,,,,,,,,,,,,,,,,,,,,,,,,,,,,,,
3480,2007-05-15,,,,,1,,,,,,,,,,,,,,,,,,,,,,,,,,,,,,,,,
3480,2010-08-14,,,,,1,,,,,,,,,,,,,,,,,,,,,,,,,,,,,,,,,
3481,2003-08-15,,,,,,,,,,,,,,1,,,,,,,,,1,,,,,,,,,,,,,,,
3481,2004-10-15,,,,,,,,,,,,,,,,,,,,,,,,,,,,,,,,,,,,,,
3481,22-03-2015,,1,,,,,,,,,,,,,,,,,,,,,,,,,,,,,,,,,,,,
3481,30-05-2014,,,,,,,,,,,,,,,,,,,1,,,,,,,,,,,,,,,,,,,
3482,13-01-2014,,,,,1,,,,,,,,,,,,,,,,,,,,,,,,,,,,,,,,,
3482,30-07-2014,,,,,,,,,,,,,1,,,,,,,,,,,,,,,,,,,,,,,,,
3483,15-01-2015,,,,,,,,,,,,,,,,,,,,,,,,,,,,,,,,,,,,1,,
3483,19-10-2014,,,,,,,,,,,,,,1,,,,,,,,,,,,,,,,,,,,,,,,
3483,20-03-2015,,,,,,,,,,,,,,,,,,,,,,,,,,,,,,,,,,,,,,
3483,2008-09-15,,,,,,,,,,,,,,,,,,,,,,,,,,,1,,,,,,,,,,,
3483,28-10-2015,,,,,,,1,,,,,,,,,,,,,,,,,,,,,,,,,,,,,,,
3484,15-05-2015,,,1,,,,,,,,,,,,,,,,,,,,,,,,,,,,,,,,,,,
3484,2006-08-14,,,,,,,1,,,,,,,,,,,,,,,,,,,,,,,,,,,,,,,
3484,2010-10-15,,,,,,,,,,,,,,,,,,,,,,,,,,,,,,,,,,,,,,
3484,21-11-2015,1,,,,,,,,,,,,,,,,,,,,,,,,,,,,,,,,,,,,,
3484,25-12-2014,,1,,,,,,,,,,,,,,,,,,,,,,,,,,,,,,,,,,,,
3485,2010-11-14,,,,,,,,1,,,,,,,,,,,,,,,,,,,,,,,,,,,,,,
3485,21-05-2014,,,,,,,,,,,,,,,,,,,,,,,1,,,,,,,,,,,,,,,
3485,22-07-2015,,,,,,,,1,,,,,,,,,,,,,,,,,,,,,,,,,,,,,,
3486,23-12-2015,,,,,1,,1,,,,,,,,,,,,,,,,,,,,,,,,,,,,,,,
3486,27-01-2014,1,,,,,,,,,,,,,,,,,,,,,,,,,,,,,,,,,,,,,
3486,29-01-2015,,,,,,,,,,,,1,,,,,,,,,,,,,,,,,,,,,,,,,,
3487,2009-02-14,,,,,,,,1,,,,,,,,,,,,,,,,,,,,,,,,,,,,,,
3487,25-03-2014,1,,,,,,,,,,,,,,,,,,,,,,,,,,,,,,,,,,,,,
3488,21-12-2015,,,,,,,,1,,,,,,,,,,,,,,,,,,,,,,,,,,,,,,
3488,25-06-2014,,,,,,,,,,,,,,,,,,,,1,,,,,,,,,,,,,,,,,,
3489,18-11-2015,,,,,,,,,,,,,,,,,,,,,,,,,,,1,,,,,,,,,,,
3489,2001-09-15,,,1,,,,,,,,,,,,,,,,,,,,,,,,,,,1,,,,,,,,
3489,2009-03-15,,,1,,,,,,,,,,,,,,,,,,,,,,,,,,,,,,,,,,,
3489,2011-01-14,1,,,,,,,,,,,,,,,,,,,,,,,,,,,,,,,,,,,,,
3489,26-08-2014,,,,,,,,,,,,,,,,,,,1,,,,,,,,,,,,,,,,,,,
3491,2006-06-15,,,,,,,,,,,,,,,,,,1,,,,,,,,,,,,,,,,,,,,
3491,2011-12-14,,,,,,,,1,,,,,,,,,,,,,,,,,,,,,,,,,,,,,,
3491,26-06-2014,,,,,1,,,,,,,,,,,,,,,,,,,,,,,,,,,,,,,,,
3491,26-10-2015,,,,,,,,,,,,,,,,,,,,,,,,,,,,,,,,,,,,,,
3493,2001-12-14,,1,,,,,,,,,,,,,,,,,,,,,,,,,,,,,,,,,,,,
3493,2002-02-15,,,,,,,,,,,,,,1,,,,,,,,,,,,,,,,,,,,,,,,
3493,26-03-2014,,,,,,,,,,,,,,,,,,,,,,,,,,,,,,,,,,,,,,
3494,2004-07-15,,,,,,,,,,,,,,1,,,,,,,,,,,,,,,,,,,,,,,,
3494,31-03-2014,,,,,1,,,,,,,,,,,,,,,,,,,,,,,,,,,,,,,,,
3495,17-06-2015,,1,,,,,,,,,,,,,,,,,,,,,,,,,,,,,,,,,,,,
3495,2011-03-15,1,,,,,,,,,,,,,,,,,,,,,,,,,,,,,,,,,,,,,
3495,27-06-2015,,,,,,,,,,,,,,1,,,,,,,,,,,,,,,,,,,,,,,,
3496,2011-08-14,,,,,,,,,,,,,,,,,,,,,,,,,,,,,,1,,,,,,,,
3496,22-09-2015,,,,,,,,1,,,,,,,,,,,,,,,,,,,,,,,,,,,,,,
3496,26-03-2014,,,1,,,,,,,,,,,,,,,,,,,,,,,,,,,,,,,,,,,
3497,14-06-2015,,,,,,1,,,,,,,,,,,,,,,,,,,,,,,,,,,,,,,,
3497,15-08-2015,,,,,,,,,,,,,,,,,,,,,,,1,,,,,,,,,,,,,,,
3497,2008-09-15,1,1,,,,,,,,,,,,,,,,,,,,,,,,,,,1,,,,,,,,,
3497,24-09-2015,,,,,,1,1,,,,,,,,,,,,,,,,,,,,,,,,,,,,,,,
3498,31-03-2015,,,,,,1,,,,,,,,,,,,,,,,,,,,,,,,,,,,,,,,
3499,13-01-2015,,,,,,,,,,,,,,,,,,,1,,,,,,,,,,,,,,,,,,,
3499,13-06-2014,,,,,,,,,,,,,,,,,,,,,,,,,,,1,,,,,,,,,,,
3499,2004-04-14,,,,,,1,,,,,,,,,,,,,,,,,,,,,,,,,,,,,,,,
3499,2004-05-15,1,,,,,,,,,,,,,,,,,,,,,,,,,,,,,,,,,,,,,
3500,20-11-2014,,,,,,,,,,,,,,,,,,,,,,,,1,,,,,,,,,,,,,,
3500,21-04-2015,,,,,,,,,,,,,,,,,,,,,,,,,,,,,,,,,,,,,,
3500,21-07-2015,,,,,,,1,,,,,,,,,,,,,,,,,,,,,,,,,,,,,,,
3500,31-01-2015,,,,,,,,,,,,,,,,,,,,,,,,,,,,,1,,,,,,,,,
3501,27-07-2015,,,,,,,,1,,,,,,,,,,,,,,,,,,,,,,,,,,,,,,
3502,2009-09-14,,,,,,,,,,,,,,,,,,,,,,,,,,,,,,,,,,,,,,
3502,2012-07-14,1,,,,,,,,,,,,,,,,,,,,,,,,,,,,,,,,,,,,,
3504,20-05-2015,,,,,,,1,,,,,,,,,,,,,,,,,,,,,,,,,,,,,,,
3504,2006-07-15,,,,,1,,1,,,,,,,,,,,,,,,,,,,,,,,,,,,,,,,
3504,22-09-2015,,,,,1,,,,,,,,,,,,,,,,,,,,,,,,,,,,,,,,,
3505,21-07-2015,,,,,,,,,,,,,,,,,,,,,,,,,,,,,,,,,,,,,,
3505,30-11-2014,,,,,,,,,,,,,,,,,,,,,,1,,,,,,,,,,,,,,,,
3505,31-07-2014,,,,,,,,,,,,,,,,,,,,,,,,,,,,,,,,,,,,,,1
3507,20-07-2014,,,1,,,,,,,,,,,,,,,,,,,,,,,,,,,,,,,,,,,
3507,2010-11-15,1,,,,,,1,,,,,,,,,,,,,,,,,,,,,,,,,,,,,,,
3507,2012-08-15,,,,,,1,,,,,,,,,,,,,,,,,,,,,,,,,,,,,,,,
3507,22-07-2015,,,,,,1,,,,,,,,,,,,,,,,,,,,,,,,,,,,,,,,
3507,27-08-2015,,,,,1,,,,,,,,,,,,,,,,,,,,,,,,,,,,,,,,,
3508,15-08-2015,1,,,,,,,,,,,,,,,,,,,,,,,,,,,,,,,,,,,,,
3508,15-12-2014,,,,,1,,,,,,,,,,,,,,,,,,,,,,,,,,,,,,,,,
3508,2010-03-14,,,,,1,,,,,,,,,,,,,,,,,,,,,,,,,,,,,,,,,
3508,25-07-2015,,,,,,,,,,,,,,,,,,,,,,,,,1,,,,,,,,,,,,,
3508,30-06-2014,,,,,,,,,,,,,,1,,,,,,,,,,,,,,,,,,,,,,,,
3509,2008-07-15,,,,,,,,,,,,,,,,,,,,,,,,,,,,,,,,,,,,,,
3509,2011-04-15,,1,,,,,,,,,,,,1,,,,,,,,,,,,,,,,,,,,,,,,
3511,2004-06-14,1,,,,,,,,,,,,,,,,,,,,,,,,,,,,,,,,,,,,,
3511,2007-06-15,,,,,,,,,,,,,,,,,,,,,,,,1,,,,,,,,,,,,,,
3512,19-01-2014,,,,,,1,,,,,,,,,,,,,,,,,,,,,,,,,,,,,,,,
3515,2006-09-14,,,,,1,,,,,,,,,,,,,,,,,,,,,,,,,,,,,,,,,
3515,21-04-2015,,,,,,,1,,,,,,,,,,,,,,,,,,,,,,,,,,,,,,,
3516,13-12-2015,,,,,,1,,,,,,,,,,,,,,,,,,,,,,,,,,,,,,,,
3516,18-01-2014,,,,,,,,,,,,,,,,,,,,,,,,,1,,,,,,,,,,,,,
3516,2009-09-14,,,,,,,,,,,,,,,,,,,,,,,,,,,,1,,,,,,,,,,
3517,14-07-2015,1,,,,,,,,,,,,,,,,,,,,,,,,,,,,,,,,,,,,,
3517,2003-01-14,,,,,,,,,,,,,,,,,,,,1,,,,,,,,,,,,,,,,,,
3517,2011-12-15,,,,,,,1,,,,,,,,,,,,,,,1,,,,,,,,,,,,,,,,
3517,21-08-2014,,,,1,,,,,,,,,,,,,,,,,,,,,,,,,,,,,,,,,,
3517,24-10-2014,,,,,,,,,,,,,,,,,,,1,,,,,,,,,,,,,,,,,,,
3518,18-05-2015,,,,,,,,,,,,,1,,,,,,,,,,,,,,,,,,,,,,,,,
3518,2008-02-14,1,,,,,,,,,,,,,,,,,,,,,,,,,,,,,,,,,,,,,
3518,2010-08-14,,,,,,,,,,,,,,,,,,,,,,,,,,,,,,,,,,,,,,1
3518,26-10-2015,,1,,,,,,,,,,,,,,,,,,,,,,,,,,,,,,,,,,,,
3519,13-12-2015,,,,,,1,,,,,1,,,,,,,,,,,,,,,,,,,,,,,,,,,
3519,28-01-2015,,,,,,,,,,,,1,,1,,,,,,,,,,,,,,,,,,,,,,,,
3519,30-07-2015,,,,,,,,,,,,,,,,,,,,,,,,,,,,,,,,,,,,,,
3520,19-11-2014,1,,,,,,,,,,,,,,,,,,,,,,,,,,,,,,,,,,,,,
3520,2002-01-15,,,,,,1,,,,,,,,,,,,,,,,,,,,,,,,,,,,,,,,
3520,2009-11-15,,,,,,,,,,,,,,,,,,,,,,,,,,,,,,,,,,,1,,,
3521,17-07-2015,,,,,,,,,,,,,,,,,,,1,,,,,,,,,,,,,,,,,,,
3521,25-12-2014,,,,,,,,,,,,,,,,,,,,,,,,,,,,,,,,,,,,,,
3522,23-03-2014,,,1,,,,,,,,,,,,,,,,,,,,,,,,,,,,,,,,,,,
3522,23-09-2015,1,1,,,,1,,,,,,,,,,,,,,,,,,,,,,,,,,,,,,,,
3523,16-10-2014,,,,,,,,,,,1,,,,,,,,,,,,,,,,,,,,,,,,,,,
3523,19-04-2015,,,,,,,,1,,,,,,,,,,,,,,,,,,,,,,,,,,,,,,
3523,2001-04-15,1,,,,,,,,,,,,,,,,,,,,,,,,,,,,,,,,,,,,,
3523,2004-05-14,,,,,,,,,,,,,,,,,,,,,,,,,,,,,1,,,,,,,,,
3523,2005-04-14,,,,,,,,,,,,,1,,,,,,,,,,,,,,,,,,,,,,,,,
3523,2009-11-15,,,,,1,,,,,,,,,,,,,,,,,,,,,,,,,,,,,,,,,
3523,26-04-2015,,,,,,,,,,,,,,,,,,,,,,,,,,,,,,,,,,,1,,,
3524,2008-09-14,,,,,,,,,,,,,,,,,,,,,,,,,,,1,,,,,,,,,,,
3524,27-03-2014,,,,,,,,,,,,,,1,,,,,,,,,,,,,,,,,,,,,,,,
3525,14-02-2015,,,,,,,,,,,,,,1,,,,,,,,,,,,,,,,,,,,,,,,
3526,2002-06-15,,1,,,,,,,,,,,,,,,,,,,,,,,,,,,,,,,,,,,,
3526,24-10-2014,,,,,,,,,,,,,,,,,,,,,,,,,,,,,,,,,,,,,,
3527,2004-09-14,,,,,,,,,,,,,,,,,,,,,,,,,,,,,,,,1,,,,,,
3527,29-09-2015,,,,,,,1,,,,,,,,,,,,,,,,,,,,,,,,,,,,,,,
3528,18-08-2015,1,,,,,,,,,,,,1,,,,,,,,,,,,,,,,,,,,,,,,,
3528,19-05-2015,,,,,,,,,,,,,,,,,,,,,,,,,,,,,,,,,,,,,,
3528,2007-09-14,,,,,,,,,,,,,,,,,,,,,,,,,,,,,,,,,,,,,,
3529,2002-09-14,,,,,,,,,,,,,,,,,,,,1,,,,,,,,,,,,,,,,,,
3529,2005-03-15,,,,,,,1,,,,,,,,,,,,,,,,,,,,,,,,,,,,,,,
3529,23-01-2014,,,,,,,,,,,,,,,,,,1,,,,,,,,,,,,,,,,,,,,
3529,26-08-2014,,,,,,,,,,,,,,,,,,,1,,,,,,,,,,,,,,,,,,,
3530,21-03-2014,,,,,,,,,,,,,,,,,,,,,,,,,,,,,,,,1,,,,,,
3531,18-03-2014,,,,,,,,,,,,,,,,,,,,,,,,,,,,,,,,,,,,,,1
3531,26-12-2014,,,,,,,,,,,,,,,,,,,,,,,,,,,1,,,,,,,,,,,
3531,29-08-2015,,,,,,,,,,,,,,,,,,,,,,,,,,,,,,,,,,,,,,
3532,17-08-2014,1,,,,,,,,,,,,,,,,,,,,,,,,,,,,,,,,,,,,,
3532,26-05-2015,,,,,,1,,,,,,,,,,,,,,,,,,,,,,,,,,,,,,,,
3533,22-08-2014,,,,,,,,,,,,1,,,,,,,,,,,,,,,,,,,,,,,,,,
3534,2008-01-14,,,,,,,,,,,,,,1,,,,,,,,,,,,,,,,,,,,,,,,
3534,2009-03-15,,1,,,,,,,,,,,,,,,,,,,,,,,,,,,,,,,,,,,,
3534,2011-11-15,,,,,,,,,,,,,,,,,,,,,,,,,,,,,,,,,,,,,,
3535,16-02-2014,1,,,,,,,,,,,,,,,,,,,,,,,,,,,,,,,,,,,,,
3535,18-01-2015,,1,,,,,,,,,,,,,,,,,,,,,,,,,,,,,,,,,,,,
3535,2001-09-15,,,,,,,1,,,,,,,,,,,,,,,,,1,,,,,,,,,,,,,,
3535,2008-04-14,,,,,,,,,,,,,,,,,,,,,,,,,,,,,,,,,,,,,,
3535,28-02-2015,,,,,,,1,,,,,,,,,,,,,,,,,,,,,,,,,,,,,,,
3536,2004-04-14,1,,,,,,,,,,,,,,,,,,,,,,,,,,,,,,,,,,,,,
3537,2010-08-14,,,,,,,,,,,,,,,,,,,,,,,,,,,,,,,,,,,,1,,
3537,2012-07-15,,,,,,,,,,,,,,,,,,,,,,,,,,,,,,,,,,,,,,
3537,24-09-2015,,,,,,,,,,,,,,,,,,,,,,,,,,,,,1,,,,,,,,,
3537,25-01-2015,,,,,,,,,,,,,,1,,,,,,,,,,,,,,,,,,,,,,,,
3538,2001-03-15,,,,,,,,,,,,,,1,,,,,,,,,,,,,,,,,,,,,,,,
3539,2007-11-14,,,,,,,,,,,,,,,,1,,,,,,,,,,,,,,,,,,,,,,
3539,24-01-2015,,,,,1,,,,,,,,,,,,,,,,,,,,,,,,,,,,,,,,,
3540,2005-03-15,,,,,,,1,,,,,,,,,,,,,,,,,,,,,,,,,,,,,,,
3541,18-03-2014,,,,,,,,1,,,,,,,,,,,,,,,,,,,,,,,,,,,,,,
3541,21-02-2014,,,,,,,,,,1,,,,,,,,,,,,,,,,,,,,,,,,,,,,
3542,16-06-2015,1,,,,,,,,,,,,,,,,,,,,,,,,,,,,,,,,,,,,,
3542,2011-07-15,,,,,,1,,,,,,,,,,,,,,,,,,,,,,,,,,,,,,,,
3543,18-03-2015,,,1,,,,,,,,,,,,,,,,,,,,,,,,,,,,,,,,,,,
3543,2002-06-15,1,,,,,,,1,,,,,,,,,,,,,,,,,,,,,,,,,,,,,,
3543,2011-10-15,,1,,,,,,,,,,,,,,,,,,,,,,,,,,,,,,,,,,,,
3543,25-02-2015,,,,,,,,,,,,,,1,,,,,,,,,,,,,,,,,,,,,,,,
3544,2003-09-14,,,,,,,,,,,,,,,,,,,,,,,,,1,,,,,,,,,,,,,
3544,2010-03-15,1,,,,,,,,,,,,,,,,,,,,,,,,,,,,,,,,,,,,,
3545,28-08-2015,,,,,,,,,,,1,,,,,,,,,,,,,,,,,,,,,,,,,,,
3545,29-09-2015,,,,1,,,,,,,,,,,,,,,,,,,,,,,,,,,,,,,,,,
3546,2012-10-14,,,1,,,,,,,,,,,,,,,,,,,,,,,,,,,,,,,,,,,
3546,22-11-2015,1,,,,,,,,,,,,,,,,,,,,,,,,,,,,,,,,,,,,,
3547,2007-10-15,,,,1,,,,1,,,,,1,,1,,,,,,,,,,,,,,,,,,,,,,,
3547,21-10-2015,,,1,,,,,,,,,,,,,,,,,,,,,,,,,,,,,,,,,,,
3547,28-11-2015,,,,,,,,,,,1,,,,,,,,,,,,,,,,,,,,,,,,,,,
3548,13-03-2014,,,1,,,,,,,,,,,,,,,,,,,,,,,,,,,,,,,,,,,
3548,15-06-2014,,,,,,1,,,,,,,,,,,,,,,,,,,,,,,,,,,,,,,,
3548,19-03-2015,,,,,,,,,,,,,1,,,,,,,,,,,,,,,,,,,,,,,,,
3548,20-10-2014,,,,,,,,,,,,,,,,,,,,,,,,,1,,,,,,,,,,,,,
3548,2001-06-15,1,,,,,,,,,,,,,,,,,,,,,,,,,,,,,,,,,,,,,
3548,2011-06-15,,,,,,,,,,,,,,,,,,,,,,,1,,,,,,,,,,,,,,,
3549,2001-08-15,,1,,,,,,,,,,,,,,,,,,,,,,,,,,,,,,,,,,,,
3549,2009-11-14,,,,,,,,,,,,,,,,,,,,,,,,,,,,,,,,,,,1,,,
3549,2012-02-15,,,,,,,,,,,,,,,,,,,,,,,,,,,,,1,,,,,,,,,
3549,24-03-2014,1,,,,,,,,,,,,,,,,,,,,,,,,,,,,,,,,,,,,,
3549,29-07-2014,,,,,,,,,,,,,,,,,,,,,,,,,,,1,,,,,,,,,,,
3550,17-04-2014,1,,,,,,,,,,,,,,,,,,,,,,,,,,,,,,,,,,,,,
3550,18-12-2014,,,,,,,,,,,,,,,,,,,,,,,,,,1,,,,,,,,,,,,
3551,2001-05-15,,,1,,,,,,,,,,,,,,,,,,,,,,,,,,,,,,,,,,,
3551,24-07-2015,,,,,,,,,,,,,,,,,,,,,,,1,,,,,,,,,,,,,,,
3552,16-06-2015,,,,,,,,1,,,,,,,,,,,,,,,,,,,,,,,,,,,,,,
3552,24-02-2014,,,,1,,,,,,,,,,,,,,,,,,,,,,,,,,,,,,,,,,
3552,27-01-2014,,,,,,,,,,,,,,,,,,,,,,,,,,,,,,,,,,,,,,1
3553,2001-06-15,,,,,,,,,,,,,,,,,,,,,1,,,,,,,,,,,,,,,,,
3553,2003-06-14,,,,,,,1,,,,,,,,,,,,,,,,,,,,,,,,,,,,,,,
3553,2010-05-15,,,,,,,,,,,,,,,,,,,,,,1,,,,,,,,,,,,,,,,
3554,15-01-2014,,,,,,,,,,,,,,,,1,,,,,,,,,,,,,,,,,,,,,,
3554,21-03-2015,,1,,,,,,,,,,,,,,,,,,,,,,,,,,,,,,,,,,,,
3554,23-07-2015,,,,,,,,,,,,,,1,,,,,,,,,,,,,,,,,,,,,,,,
3556,2002-04-14,,,,,,,,,,,,,,,,,,,,,,,1,,,,,,,,,,,,,,,
3556,2004-10-14,,,,,,,,,,,,,,,,,,,,1,,,,,,,,,,,,,,,,,,
3556,30-09-2015,,,,,,,,,,,,1,,,,,,,,,,,,,,,,,,,,,,,,,,
3557,2006-05-14,,,,,,,,,,,,,,,,,,,1,,,,,,,,,,,,,,,,,,,
3558,19-09-2015,,,,,,,1,,,,,,,,,,,,,,,,,,,,,,,,,,,,,,,
3558,2003-04-15,,,,,,,,,,,,,,1,,,,,,,,,,,,,,,,,,,,,,,,
3558,25-04-2015,1,,,,,,,,,,,,,,,,,,,,,,,,,,,,,,,,,,,,,
3559,17-07-2014,,,,,,,,1,,,,,,,,,,,,,,,,,,,,,,,,,,,,,,
3559,2002-07-15,,,,,,,,,,,,,1,,,,,,,,,,,,,,,,,,,,,,,,,
3559,2012-11-14,1,,,,,,,,,,,,,,,,,,,,,,,,,,,,,,,,,,,,,
3560,21-07-2014,,,,,,,,,,,,,,1,,,,,,,,,,,,,,,,,,,,,,,,
3560,29-09-2015,,,,,,1,,,,,1,,,,,,,,,,,,,,,,,,,,,,,,,,,
3561,2008-04-14,,,,,,,,,,,,,,,,,,,,,,,,,,1,,,,,,,,,,,,
3561,27-12-2014,,,,,,,,,,,,,,1,,,,,,,,,,,,,,,,,,,,,,,,
3561,28-12-2014,,,,,,1,,,,,,,,,,,,,,,,,,,,,,,,,,,,,,,,
3562,13-08-2015,,,,,,,,,,,,,,,,,,,,,,,,,,,,,,,,,,,,,,
3562,17-12-2014,,,,1,,,,,,,,,,,,,,,,,,,,,,,,,,,,,,,,,,
3562,18-03-2015,,,1,,,,,,,,,,,,,,,,,,,,,,,,,,,,,,,,,,,
3562,30-12-2015,,,,,,,,,,,,,,,,,,,,,,,1,,,,,,,,,,,,,,,
3563,25-11-2015,,,,,,,,,,,,,,,,,,,,,,,,,,,,,,,,,1,,,,,
3563,26-06-2014,,,,,1,,,,,,,,,,,,,,,,,,,,,,,,,,,,,,,,,
3564,2004-07-15,,,,,,,1,,,,,,,,,,,,,,,,,,,,,,,,,,,,,,,
3564,23-02-2014,,,,,,,,,,,,,,,,,,,,,,,,,,,,,1,,,,,,,,,
3564,27-06-2015,,,,,,,,,,,,,,,,,,,,,,,,,,,,,,,,,,,1,,,
3565,15-04-2014,,,,,,,,,,,,,,,,,,,,,,,,,,,,,,,,,,1,,,,
3566,14-12-2015,,,,,,,,,,,,,,,,,,,,,,,,,,,,,,,,,,,,,,
3566,16-01-2014,,,,,,1,,,,,,,,,,,,,,,,,,,,,,,,,,,,,,,,
3567,17-02-2015,,,,,,,1,,,,,,,,,,,,,,,,,,,,,,,,,,,,,,,
3567,2004-10-15,,,1,,,,,,,,,,,,,,,,,,,,,,,,,,,,,,,,,,,
3568,17-10-2015,,,,,,1,,,,,,,,,,,,,,,,,,,,,,,,,,,,,,,,
3568,2011-08-15,,,,,,,,,,,,,,,,,,,,,,,,,1,,,,,,,,,,,,,
3569,2006-11-14,,,,,,,,,,,,,,,,,,,,,,,,,,,,,,,,,,,,,,
3570,13-07-2014,,,,,,,,,,,,,,,,,,,,,,,,,,,,,,,,,,,,,,
3570,14-09-2014,,,,,,1,,,,,,,,,,,,,,,,,,,,,,,,,,,,,,,,
3570,2002-09-15,1,,,,,,,,,,,,,,,,,,,,,,,,,,,,,,,,,,,,,
3570,2005-06-14,,1,,,,,,,,,,,,,,,,,,,,,,,,,,,,,,,,,,,,
3571,17-06-2015,,,,,,,,1,,,,,,,,,,,,,,,,,,,,,,,,,,,,,,
3571,2007-07-15,,,,,,,,,,,,,,,,,,,,,,1,,,,,,,,,,,,,,,,
3571,21-10-2015,,,1,,,,,,,1,,,,,,,,,,,,,,,,,,,,,,,,,,,,
3571,31-10-2014,,,,,,,,,,,,,1,,,,,,,,,,,,,,,,,,,,,,,,,
3572,2009-06-15,,,,,,,,,,,,,,,,,,,,,,,,1,,,,,,,,,,,,,,
3572,2009-07-15,,,,,,,,,,,,,,,,,,,,,,,1,,,,,,,,,,,,,,,
3573,19-11-2014,,,,,,,,,,,1,,,,,,,,,,,,,,,,,,,,,,,,,,,
3573,26-08-2014,,,,,,,,,,,,,,,,,,,1,,,,,,,,,,,,,,,,,,,
3574,13-06-2015,,,1,,,,,,,,,,,,,,,,,,,,,,,,,,,,,,,,,,,
3574,20-06-2015,,,,,,,,,,,,,,,,,,,,,,,1,,,,,,,,,,,,,,,
3574,2008-05-15,,,,,,,1,,,,,,,,,,,,,,,,,,,,,,,,,,,,,,,
3575,2008-05-15,1,,,,,,,,,,,,,,,,,,,,,,,,,,,,,,,,,,,,,
3577,2012-05-15,,,,,,,,,,,,,,,,1,,,,,,,,,,,,,,,,,,,,,,
3578,16-05-2015,,,,,,,,,,,,,,,,,,,,,,,,,,,,,,,,,,,,,,
3579,2002-06-15,,,,,,,,,,,,,,,,,,,,,,,,,,,,,,,,,,,,,,
3579,2006-10-14,,1,,,,,,,,,,,,,,,,,,,,,,,,,,,,,,,,,,,,
3579,24-05-2015,,1,,,,,,,,,,,,,,,,,,,,,,,,,,,,,,,,,,,,
3579,30-12-2015,,,,,,1,,,,,,,,,,,,,,,,,1,,,,,,,,,,,,,,,
3580,17-03-2014,1,,,,,,,,,,,,,,,,,,,,,,,,,,,,,,,,,,,,,
3580,24-11-2015,,,,,,,,,,,,,,,,,,,,,,,,,,1,,,,,,,,,,,,
3581,16-01-2015,1,,1,,,,,,,,,,,,,,,,,,,,,,,,,,,,,,,,,,,
3581,2006-09-15,1,,,,,,,,,,,,,,,,,,,,,,,,,,,,,,,,,,,,,
3581,2009-06-14,,,,,,,,,,,,,,,,,,,,,,,,,,,,,,,,,,,,,,
3581,2012-04-15,,,1,,,,,,,,,,,,,,,,,,,,,,,,,,,,,,,,,,,
3581,24-09-2015,,,,,,,,,,,,,,,,1,,,,,,,,,,,,,,,,,,,,,,
3581,25-12-2015,,,,,,,,,,,,,,1,,,,,,,,,,,,,,,,,,,,,,,,
3582,16-06-2014,,,1,,,,,,,,,,,,,,,,,,,,,,,,,,,,,,,,,,,
3582,17-06-2015,,,,,,,,,,,,,,,,,,1,,,,,,,,,,,,,,,,,,,,
3582,2008-04-14,,,,,,,,,,,,,,,,,,1,,,,,,,,,,,,,,,,,,,,
3582,29-11-2014,,,,,,,,,,,,,,,,,,,,,,,,,,,1,,,,,,,,,,,
3582,31-03-2015,1,,,,1,,,,,,,,,,,,,,,,,,,,,,,,,,,,,,,,,
3583,2002-08-15,,,,,1,,,,,,,,,,,,,,,,,,,,,,,,,,,,,,,,,
3583,2003-12-15,,,,,,,,,,,,,,,,,,,,,,,,,,,,,,,,,,,,,,
3583,21-03-2014,,,,,,1,,,,,,,,,,,,,,,,,,,,,,,,,,,,,,,,
3583,23-09-2015,,,,,,,,,,,,,,,,,,,,,,,,,,,,,,,,,,,,,,
3583,31-01-2014,,,,,,1,,,,,,,,,,,,,,,,,,,,,,,,,,,,,,,,
3584,17-12-2015,,,,,,1,,,,,,,,,,,,,,,,,,,,,,,,,,,,,,,,
3584,2010-03-15,,,,,,,,,,,,,,,,,,,,1,,,,,,,,,,,,,,,,,,
3584,29-05-2014,,,,,,,,,1,,,,,,,,,,,,,,,,,,,,,,,,,,,,,
3585,21-07-2015,,,,,,,,,,,,,,1,,,,,,,,,,,,,,,,,,,,,,,,
3586,2002-05-15,1,,,,,,,,,,,1,,,,,,,,,,,,,,,,,,,,,,,,,,
3586,27-10-2014,,,,,,,,1,,,,,,,,,,,,,,,,,,,,,,,,,,,,,,
3587,18-02-2014,,,,,,,,,,,,,,,,,,,,,,,,,,,,,,1,,,,,,,,
3587,2003-08-14,,,,,,1,,,,,,,,,,,,,,,,,,,,,,,,,,,,,,,,
3587,2005-08-15,,,,,1,,,,,,,,,,,,,,,,,,,,,,,,,,,,,,,,,
3587,2008-06-15,,,,,,,,,,,,,,,,,,,,,,,,,,,,,,,,,,,,,,
3588,15-12-2015,,,,,,,,,,,,,,1,,,,,,,,,,,,,,,,,,,,,,,,
3588,19-08-2015,1,,,,,,,,,,,,,,,,,,,,,,,,,,,,,,,,,,,,,
3588,2005-05-15,,,,,,,1,,,,,,,1,,,,,,,,,,,,,,,,,,,,,,,,
3589,2004-03-14,,,,,,1,,,,,,,,,,,,,,,,,,,,,,,,,,,,,,,,
3589,2004-11-15,1,,,,,,,,,,,,,,,,,,,,,,,,,,,,,,,,,,,,,
3589,2005-10-15,,,,,,,,,,,,,,,,,,,,,,,,,,,,,,,,,,,,,,
3589,31-01-2015,,,,,,1,,,,,,,,,,,,,,,,,,,,,,,,,,,,,,,,
3590,2009-01-15,,,1,,,,,,,,,,,,,,,,,,,,,,,,,,,,,,,,,,,
3590,27-02-2015,,,,,,,,,,,,,,,,,,,,,,,,,,,,,,,,,,,,,,
3590,28-03-2015,,,,,,,,,,1,,,,,,,,,,,,,,,,,,,,,,,,,,,,
3591,2002-09-15,,,,,,,,,,,,1,,,,,,,,,,,,,,,,,,,,,,,,,,
3591,2011-05-15,1,,,,,,,,,,,,,,,,,,,,,,,,,,,,,,,,,,,,,
3592,14-12-2015,,,,,,,,,1,,,,,,,,,,,,,,,,,,,,,,,,,,,,,
3592,17-04-2014,,,,,,,,,,,,,,,,,,,,,,,,,,1,,,,,,,,,,,,
3592,2010-06-15,,,,,,,,,,,,,,,,,,,,,,,,,,,,,,,,,,,,,,
3592,28-10-2015,,,,,,1,,,,,,,,,,,,,,,,,,,,,,,,,,,,,,,,
3593,20-09-2015,1,,,,,,,,,,,,,,,,,,,,,,,,,,,,,,,,,,,,,
3593,2003-11-15,,,,,,,1,,,,,,,,,,,,,,,,,,,,,,,,,,,,,,,
3593,2010-09-15,,,,,,,,,,,,,,,,,,,,,,,1,,,,,,,,,,,,,,,
3593,21-09-2014,,,,,,,,,,,,,,1,,,,,,,,,,,,,,,,,,,,,,,,
3593,27-05-2015,,,1,,,,,,,,,,,,,,,,,,,,,,,,,,,,,,,,,,,
3593,31-08-2015,,,,,,,1,,,,,,,,,,,,,,,,,,,,,,,,,,,,,,,
3594,2005-11-14,,,,,,,,,,,,,,,,,,,,,,,,1,,,,,,,,,,,,,,
3594,2011-09-15,,,1,,,,,,,,,,,,,,,,,,,,,,,,,,,,,,,,,,,
3595,15-10-2015,,,,,,1,,,,,,,,,,,,,,,,,,,,,,,,,,,,,,,,
3595,17-01-2014,,,,,,1,,,,,,,,,,,,,,,,,,,,,,,,,,,,,,,,
3595,17-12-2015,,,,,,,,,,,,,,,,,,,,,,1,,,,,,,,,,,,,,,,
3595,2006-01-14,,,,,,,,,,,,,,,,,,,,,1,,,,,,,,,,,,,,,,,
3595,21-03-2015,,,,,,,,,,,,,,,,,,,,,,,,,1,,,,,,,,,,,,,
3595,23-03-2015,,,,,,,,,,,,,,,,,,,,,,,,,,,,,,,,,,,,,,
3596,20-04-2015,,,,,,1,,,,,,,,,,,,,,,,,,,,,,,,,,,,,,,,
3596,2004-11-14,,,,,,,,1,,,,,,,,,,,,,,,,,,,,,,,,,,,,,,
3596,21-01-2014,,,,,,,,,,,,,,,,,,,,,,,,,,,,,,,,,,,,1,,
3597,2007-07-15,,,,,,,,,,,,,,,,,,,,,,,,,,,,,,,,,,,,,,
3597,23-06-2015,,,,,,,,,,,,,,,,,,,,,,,1,,,,,,,,,,,,,,,
3598,13-03-2014,,,,,,1,,,,,,,,,,,,,,,,,,,,,,,,,,,,,,,,
3598,15-04-2015,,,,,,,,,,,,,,,,,,,,,,,1,,,,,,,,,,,,,,,
3599,2011-06-15,,,,,,1,,,,,,,,,,,,,,,,,,,,,,,,,,,,,,,,
3599,21-11-2015,,,,,,,,,,,,,,,,,,,,,,,,,1,,,,,,,,,,,,,
3600,2003-06-14,,,,,,,,,1,,,,,,,,,,,,,,,,,,,,,,,,,,,,,
3600,26-11-2015,,,,,,,,,,,,1,,,,,,,,,,,,,,,,,,,,,,,,,,
3600,30-07-2015,,,,,,,1,,,,,,,,,,,,,,,,,,,,,,,,,,,,,,,
3601,20-12-2015,,,,,,,,1,,,,,,,,,,,,,,,,,,,,,,,,,,,,,,
3601,2001-04-15,1,,,,,,,,,,,,,,,,,,,,,,,,,,,,,,,,,,,,,
3601,2003-02-15,,,,,,,,,,,,,,,,,,,,,,,,,,,,,,,,,,,,,,
3601,2006-07-15,,,,,,,,,,,,,,,,,,,,,,,,,,1,,,,,,,,,,,,
3602,2007-10-14,,,,1,,,,,,,,,,,,,,,,,,,,,,,,,,,,,,,,,,
3602,27-10-2014,1,,,,,,,,,,,,,,,,,,,,,,,,,,,,,,,,,,,,,
3603,20-07-2014,,,,,,1,,,,,,,,,,,,,,,,,,,,,,,,,,,,,,,,
3603,2004-11-14,1,,,,,,,,,,,,,,,,,,,,,,,,,,,,,,,,,,,,,
3603,30-01-2015,,1,,,,1,,,,,,,,,,,,,,,,,,,,,,,,,,,,,,,,
3604,13-09-2014,,,,,,,,,,,,,,,,,,,,,,,1,,,,,,,,,,,,,,,
3604,2012-08-14,,,,,,,1,,,,,,,,,,,,,,,,,,,,,,,,,,,,,,,
3605,2005-04-15,,,,,,,,,,,,,,,,,,,,,,,,,,,,,,,,,,,,,,
3606,2011-11-14,,,,,,1,,,,,,,,,,,,,,,,,,,,,,,,,,,,,,,,
3608,2012-10-15,1,,,,,,,,,,,,,,,,,,,,,,,,,,,,,,,,,,,,,
3608,27-11-2015,1,,,,,,,,,,,,,,,,,,,,,,,,,,,,,,,,,,,,,
3609,2012-08-14,,,,,,,,,,,,,,,,,,,,,,,,,,,,,,,,,,,,,,
3609,2012-12-15,,,,,,,,,,1,,,,,,,,,,,,,,,,,,,,,,,,,,,,
3609,23-02-2015,,,,,,,,,,,,,,,,,,,,,,,,,,,,,,,,,,,,,,
3610,16-09-2014,1,,,,,,,,,,,,,,,,,,,,,,,,,,,,,,,,,,,,,
3610,18-03-2014,,,,,,1,,,,,,,,,,,,,,,,,,,,,,,,,,,,,,,,
3611,13-02-2015,,,,,,,,,,1,,,,,,,,,,,,,,,,,,,,,,,,,,,,
3612,24-06-2015,,,,,,,,,,,,,,,,1,,,,,,,,,,,,,,,,,,,,,,
3612,27-09-2015,,,,,,,,,,,,,,,,,,,,,,,,,,,,,,,,,,,,,,
3612,31-05-2014,,,,,,1,,,,,,,,,,,,,,,,,,,,,,,,,,,,,,,,
3613,20-10-2014,,,1,,,,,,,,,,,,,,,,,,,,,,,,,,,,,,,,,,,
3613,2005-06-15,1,,,,,,,,,,,,,,,,,,,,,,,,,,,,1,,,,,,,,,
3613,2005-10-15,,1,,,,,,,,,,,,,,,,,,,,,,,,,,,,,,,,,,,,
3613,25-01-2014,,,,,1,,,,,,,,,,,,,,,,,,,,,,,,,,,,,,,,,
3614,13-04-2014,,,,,,1,,,,,,,,,,,,,,,,,,,,,,,,,,,,,,,,
3614,2002-03-15,,,,,,,,,,,,,,1,,,,,,,,,,,,,,,,,,,,,,,,
3614,28-04-2015,,,1,,,,,,,,,,,,,,,,,,,,,,,,,,,,,,,,,,,
3615,13-08-2015,1,,,,,,,,,,,,,,,,,,,,,,,,,,,,,,,,,,,,,
3615,21-04-2014,,,,,,,,,,1,,,,,,,,,,,,,,,,,,,,,,,,,,,,
3616,2005-11-14,,,,,,,,,,,,,,,,,,,,,,,,,,,,,,1,,,,,,,,
3616,2008-10-14,,,,,,,,,,,,,,,,,,,,,,,,,,,,,,,,,,,,,,
3617,16-04-2014,,,,,,,,,,,,,1,,,,,,,,,,,,,,,,,,,,,,,,,
3617,17-04-2015,,1,,,,,,,,,,,,,,,,,,,,,,,,,,,,,,,,,,,,
3618,2007-10-14,,1,,,,,,,,,,,,,,,,,,,,,,,,,,,,,,,,,,,,
3619,15-03-2014,,,,,,,,,,,,,,,,,,,,1,,,,,,,,,,,,,,,,,,
3619,2007-04-15,,,,,,,,,,,,,,,,,,,,,,,1,,,,,,,,,,,,,,,
3619,24-08-2014,,,1,,,,,,,,,,,,,,,,,,,,,,,,,,,,,,,,,,,
3620,14-09-2014,,,,,,,,,1,,,,,,,,,,,,,,,,,,,,,,,,,,,,,
3620,17-05-2014,,,,,,,,,,,,,,,,,,,,,,,,,,,,,,,,,,,,,,
3620,18-06-2015,,,1,,,,,1,,,,,,,,,,,,,,,,,,,,,,,,,,,,,,
3621,14-07-2015,,,,,,1,,,,,,,,,,,,,,,,,,,,,,,,,,,,,,,,
3621,18-05-2014,,,,,,1,,,,,,,,,,,,,,,,,,,,,,,,,,,,,,,,
3621,2002-11-15,,,,,,,,1,,,,,,,,,,,,,,,,,,,,,,,,,,,,,,
3621,2005-03-15,,,,,,,,,,,,,,,,,,,,,,,,,,,,,,,,,,,,,,
3621,2009-04-15,,,,,,,,,,,,,,,,,,,,,,,,,,,1,,,,,,,,,,,
3621,22-05-2014,,,,,,,,,,,,,,,,,,,,,,,1,,,,,,,,,,,,,,,
3622,26-07-2015,,,,,,,,,,,,,,,,,,,,,,,,,,,,,,,,,,,,,,
3622,29-08-2015,,,,,,,,,,,,,,,,,,,,,,,,,,,,,,,,,,,,,,
3623,2005-02-15,,1,,,,,,,,,,,,,,,,,,,,,,,,,,,,,,,,,,,,
3623,2007-05-15,,,,,,,,,,,,,,,,,1,,,,,,,,,,,,,,,,,,,,,
3625,17-10-2014,,,,,,1,,,,,,,,,,,,,,,,,,,,,,,,,,,,,,,,
3628,2001-08-14,,,,,,,,,,,,,,,,,,,,1,,,,,,,,,,,,,,,,,,
3629,13-04-2015,,,,,,,,,,1,,,,,,,,,,,,,,,,,,,,,,,,,,,,
3629,2005-11-14,,,,,,,,,,,,,,1,,,,,,,,,,,,,,,,,,,,,,,,
3629,22-11-2014,,,,,,,,,,,,,,,,,,,1,,,,,,,,,,,,,,,,,,,
3632,2005-10-14,,,,,,,,,,,,,,,,,,,,,,,,,,,,,,,,,,,1,,,
3633,14-07-2015,,,,,,,,1,,,,,,,,,,,,,,,,,,,,,,,,,,,,,,
3633,2012-07-14,,,,,,,,,,,,,,,,,,,,,,,,,,,,,,,,,,,,,,
3634,2010-12-15,,,,,,,,,,,,,,1,,,,,,,,,,,,,,,,,,,,,,,,
3635,13-12-2015,,,,,,,,,,,,,1,,,,,,,,,,,,,,,,,,,,,,,,,
3635,2004-09-15,,,1,,,,,,,,,,,,,,,,,,,,,,,,,,,,,,,,,,,
3635,2010-03-15,,,,,,1,,,,,,,,,,,,,,,,,,,,,,,,,,,,,,,,
3635,23-07-2015,,1,,,,,,,,,,,,,,,,,,,,,,,,,,,,,,,,,,,,
3635,23-12-2014,,1,,,,,,,,,,,,,,,,,,,,,,,,,,,,,,,,,,,,
3635,26-02-2015,1,,,,,,,,,,,,,,,,,,,,,,,,,,,,,,,,,,,,,
3636,14-05-2015,1,,,,,,,,,,,,,,,,,,,,,,,,,,,,,,,,,,,,,
3636,19-11-2014,,,,,,,,1,,,,,,,,,,,,,,,,,,,,,,,,,,,,,,
3636,2010-08-14,,,,,,,,,,,,,,,,,,,,,,,,,,,,,,,,,,,,,,
3637,2010-07-15,1,,,,,,,,,,,,,1,,,,,,,,,,,,,,,,,,,,,,,,
3637,22-12-2015,,,,,1,,,,,,,,,,,,,,,,,,,,,,,,,,,,,,,,,
3637,25-11-2015,,,,,1,,,,,,,,,,,,,,,,,,,,,,,,,,,,,,,,,
3638,2006-06-15,,,,,,,,,,,,,,1,,,,,,,,,,,,,,,,,,,,,,,,
3638,26-05-2015,,,,,,,,,,,,,,,,,,,,,,,1,,,,,,,,,,,,,,,
3639,20-01-2014,,,1,,,,,,,,,,,,,,,,,,,,,,,,,,,,,,,,,,,
3639,23-07-2014,,,,,1,,,,,,,,,,,,,,,,,,,,,,,,,,,,,,,,,
3639,29-11-2014,,,,,,,,,,,,,,,,,,,1,,,,,,,,,,,,,,,,,,,
3640,13-03-2015,,,,,,,,1,,,,,,,,,,,,,,,,,,,,,,,,,,,,,,
3640,2008-10-15,,,,,,,,,,,1,,,,,,,,,,,,,,,,,,,,,,,,,,,
3640,26-01-2015,,,,,,,1,,,,,,,,,,,,,,,,,,,,,,,,,,,,,,,
3641,2001-02-14,,,,,1,,,,,,,,,,,,,,,,,,,,,,,,,,,,,,,,,
3641,2002-04-14,,,,,,,,,,,,,,,,1,,,,,,,,,,,,,,,,,,,,,,
3641,27-12-2015,,,,,,,,,,,1,,,,,,,,,,,,,,,,,,,,,,,,,,,
3642,15-04-2014,,,1,,,,,,,,,,,,,,,,,,,,,,,,,,,,,,,,,,,
3642,2008-11-14,,,,,,,,,,,,,,,,,,,,,,,1,,,,,,,,,,,,,,,
3642,24-02-2015,,,,,,,,,,,,,,,,,,,,,1,,,,,,,,,,,,,,,,,
3643,2006-03-14,,,,,,,,,1,,,,,,,,,,,,,,,,,,,,,,,,,,,,,
3643,2008-07-14,,,,,1,,,,,,,,,,,,,,,,,,,,,,,,,,,,,,,,,
3644,2002-10-15,,,,,,,,,,,,,,,,,,,1,,,,,,,,,,,,,,,,,,,
3645,2005-12-15,,,,,,,,,,,,,,1,,,,,,,,,,,,,,,,,,,,,,,,
3645,2012-12-15,,,,,,,,,,,,,,1,,,,,,,,,,,,,,,,,,,,,,,,
3645,22-08-2014,,,,,,,,,,1,,,,,,,,,,,,,,,,,,,,,,,,,,,,
3646,2008-08-15,,,,,,,,,,,,,,,,,,,,,,,,,,,,,,,,,,,,,,
3646,2012-05-14,,,,,,,,1,,,,,,,,,,,,,,,,,,,,,,,,,,,,,,
3646,26-05-2014,,,,,,,,,,,,,,,,,,,,,,,,,,,,,,,,,,,1,,,
3646,31-01-2015,,,,,,,1,,,,,,,,,,,,,,,,,,,,,,,,,,,,,,,
3647,15-05-2014,1,,,,,,,,,,,,,,,,,,,,,,,,,,,,,,,,,,,,,
3649,2012-01-14,,,,,,,1,,,,,,,,,,,,,,,,,,,,,,,,,,,,,,,
3649,2012-02-14,,1,,,,,,,,,,,,,,,,,,,,,,,,,,,,,,,,,,,,
3649,23-09-2014,,,,,,,,1,,,,,,,,,,,,,,,,,,,,,,,,,,,,,,
3649,30-05-2014,,,,,,,,1,,,,,,,,,,,,,,,,,,,,,,,,,,,,,,
3650,17-07-2015,,,,,,1,,,,,,,,,,,,,,,,,,,,,,,,,,,,,,,,
3651,16-10-2015,,,,,,,,1,,,,,,,,,,,,,,,,,,,,,,,,,,,,,,
3651,2004-07-15,,,,,,,,,,,,,,,,,,,,,,,,,,,,,,1,,,,,,,,
3651,22-06-2014,,,,,,,,,,,,,,,,,,,,,,,,,,,,,,,,,,,,,,
3651,24-01-2015,1,,,,,,,,,,,1,,,,,,,,,,,,,,,,,,,,,,,,,,
3651,31-07-2015,,,,,1,,,,,,,,,,,,,,,,,,,,,,,,,,,,,,,,,
3652,18-09-2015,,,,,,1,,,,,,,,,,,,,,,,,,,,,,,,,,,,,,,,
3653,2007-09-14,,,,,,1,,,,,,,,,,,,,,,,,,,,,,,,,,,,,,,,
3653,21-10-2015,1,,,,,,,,,,,,,,,,,,,,,,,,,,,1,,,,,,,,,,
3654,17-06-2014,,,1,,,,,,,,,,,,,,,,,,,,,,,,,,,,,,,,,,,
3655,16-02-2015,,1,,,,,,,,,,,,,,,,,,,,,,,,,,,,,,,,,,,,
3655,2010-05-14,,1,,,,,,,,,,,,,,,,,,,,,,,,,,,,,,,,,,,,
3656,2002-03-15,,1,,,,,,,,,,,,,,,,,,,,,,,,,,,,,,,,,,,,
3656,2011-03-15,,,1,,,,,,,,,,,,,,,,,,,,,,,,,,,,,,,,,,,
3657,22-01-2015,,,,,,,,,,,,,,,,,,,,,,,,,,,,,,,,,,,,,,
3657,28-11-2014,1,,,,,,,,,,,,,,,,,,,,,,,,,,,,,,,,,,,,,
3657,29-05-2014,,,,1,,,,,,,,,,,,,,,,,,,,,,,,,,,,,,,,,,
3658,2008-05-14,,1,,,,,,,,,,,,,,,,,,,,,,,,,,,,,,,,,,,,
3658,26-09-2015,1,,,,,,,,,,,,,,,,,,,,,,,,,,,,,,,,,,,,,
3659,13-04-2014,,,,,,,,,,,,,,1,,,,,,,,,,,,,,,,,,,,,,,,
3659,21-06-2015,,,,,,,,,,,,,,1,,,,,,,,,,,,,,,,,,,,,,,,
3659,28-04-2015,1,,,,,,,,,,,,,,,,,,,,,,,,,,,,,,,,,,,,,
3660,19-05-2014,,,,,,,,1,,,,,,,,,,,,,,,,,,,,,,,,,,,,,,
3660,21-09-2014,,,,,,,,,,,,,,,,,,,,,,,,,,,,,,,,,,,,,,1
3660,28-07-2014,,,,,,,,,,,,,,,,,,,,,,,,,,,,,,,,,,1,,,,
3661,17-06-2015,1,,,,,,,,,,,,,,,,,,,,,,,,,,,,,,,,,,,,,
3661,25-07-2015,,,,,,,1,,,,,,,1,,,,,,,,,,,,,,,,,,,,,,,,
3661,27-11-2015,,,,1,,,,,,,,,,,,,,,,,,,,,,,,,,,,,,,,,,
3662,20-07-2015,1,,,,,,,,,,,,,,,,,,,,,,,,,,,,,,,,,,,,,
3662,2003-12-15,,,,,,,,,,1,,,,,,,,,,,,,,,,,,,,,,,,,,,,
3662,26-08-2014,,,,,,1,,,,,,,,,,,,,,,,,,,,,,,,,,,,,,,,
3663,16-06-2014,1,,,,,,,,,,,,,,,,,,,,,,,,,,,,,,,,,,,,,
3663,20-11-2015,,,,,,,,,,,,,,1,,,,,,,,,,,,,,,,,,,,,,,,
3663,2002-01-14,,,,,,,,1,,,,,,,,,,,,,,,,,,,,,,,,,,,,,,
3663,2007-11-15,,,1,,,,,,,,,,,,,,,,,,,,,,,,,,,,,,,,,,,
3663,28-06-2015,1,,,,,,,,,,,,,,,,,,,,,,,,,,,,,,,,,,,,,
3663,28-08-2014,,,,,,,,,,,,,,,,,,,,,,,1,,,,,,,,,,,,,,,
3664,2004-05-15,,,,,,,,,,,,,,,,,,,,,,,,,,,,,,,,,,,,1,,
3664,30-05-2015,1,,,,,,,,,,,,,,,,,,,,,,,,,,,,,,,,,,,,,
3665,23-09-2015,,,,,,,,,,,1,,,1,,,,,,,,,,,,,,,,,,,,,,,,
3666,14-06-2014,1,,,,,,,,,,,,,,,,,,,,,,,,,,,,,,,,,,,,,
3666,15-10-2014,1,,,,,,,,,,,,,,,,,,,,,,,,,,,,,,,,,,,,,
3666,16-02-2015,,,,,,,,,,,,,,,,,,,,,,,,,,,,,,,,,1,,,,,
3667,13-12-2014,,,,,,,,,,,,,,,,,,,,,,,,,,,,,,,,,,,,,,
3667,15-04-2014,,,,,,,,,,,,,,,,,,1,,,,,,,,,,,,,,,,,,,,
3667,2011-05-14,,,,,,,,,,,,,,,,,,,,,,,,,,,,,,,,,,,,,,
3668,18-12-2015,,,,,1,,,,,,,,,,,,,,,,,,,,,,,,,,,,,,,,,
3668,2005-09-14,,,,,,,1,,,,,,,,,,,,,,,,,,,,,,,,,,,,,,,
3668,22-10-2015,1,,,,,,,,,,,,,,,,,,,,,,,,,,,,,,,,,,,,,
3668,23-02-2014,,,,,,,1,,,,,,,,,,,,,,,,,,,,,,,,,,,,,,,
3668,24-10-2014,,,,,,,1,,,,,,,,,,,,,,,,,,,,,,,,,,,,,,,
3669,17-01-2015,,,,,,,,,,,,,,,,,,,,,,,1,,,,,,,,,,,,,,,
3669,2010-02-15,,,,,,,,,,,,,,1,,,,,,,,,,,,,,,,,,,,,,,,
3670,17-12-2014,,,,,,,,1,,,,,,,,,,,,,,,,,,,,,,,,,,,,,,
3670,2006-05-14,,,,,,,,,,,,,,,,,,,,,,,,,,,,,,,,,,1,,,,
3671,16-04-2014,1,,,,,,,,,,,,,,,,,,,,,,,,,,,,,,,,,,,,,
3671,2011-10-15,,,,,,,,,,,,,,,,,,,,,,,1,,,,,,,,,,,,,,,
3672,28-05-2015,1,,,,,,,,,,,,,,,,,,,,,,,,,,1,,,,,,,,,,,
3673,2011-08-14,,,,,,1,,,,,,,,,,,,,,,,,,,,,,,,,,,,,,,,
3674,2008-07-14,,,,,,,,,,,,,,,,,,,1,,,,,,,,,,,,,,,,,,,
3675,15-11-2014,,,,,,,,,,,,,,,,,,,,,,,1,,,,,,,,,,,,,,,
3675,2003-08-15,,,,,,,,,,,,,,,,,1,,,,,,,,,,,,,,,,,,,,,
3675,2004-07-15,1,,,,,,,,,,,,,,,,,,,,,,,,,,,,,,,,,,,,,
3675,2006-02-14,,,,,,,,,,,,,1,,,,,,,,,,,,,,,,,,,,,,,,,
3676,2009-06-14,,,,,,,,,1,,,,,,,,,,,,,,,,,,,,,,,,,,,,,
3676,24-10-2015,,,,,,,,,,,,,,,,,,,,,,,,,,,,,,,,,,,,,,
3677,29-07-2015,,,,,,,,,,,,,1,,,,,,,,,,,,,,,,,,,,,,,,,
3677,30-04-2015,,,,,,,,,,,,,,1,,,,,,,,,,,,,,,,,,,,,,,,
3677,30-11-2015,,,,,,,,,,,,,,,,,,,,,,,,,,,,,,,,,,,,,,
3679,21-09-2015,,,,,,,,,,,,,,1,,,,,,,,,,,,,,,,,,,,,,,,
3679,23-12-2015,,,,,,1,,,,,,,,,,,,,,,,,1,,,,,,,,,,,,,,,
3679,25-05-2014,,,,,,,,1,,,,,,,,,,,,,,,,,,,,,,,,,,,,,,
3679,30-08-2015,,,,,,1,,,,,,,,,,,,,,,,,,,,,,,,,,,,,,,,
3680,21-01-2014,,,,,,,,,,,,1,,,,,,,,,,,,,,,,,,,,,,,,,,
3680,22-02-2014,,,,,,,,,,,,,,,,,,,,,,,,,,,,,,,,1,,,,,,
3680,24-11-2015,,,,,,,,,,,,,,,,,,,,,,,1,,,,,,,,,,,,,,,
3680,25-10-2014,,,,,,,,,,,,,,,,,,,,1,,,,,,,,,,,,,,,,,,
3681,14-10-2015,1,,,,,,,,,,,,,,,,,,,,,,,,,,,,,,,,,,,,,
3682,14-09-2014,,,1,,,,,,,,,,,,,,,,,,,,,,,,,,,,,,,,,,,
3682,2002-01-15,,,,,,,,,,,,,,1,,,,,,,,,,,,,,,,,,,,,,,,
3682,2005-03-15,1,,,,,,,,,,,,,,,,,,,,,,,,,,,,,,,,,,,,,
3682,2012-10-15,1,,,,,,,,,,,,,,,,,,,,,,,,,,,,,,,,,,,,,
3682,24-12-2014,,,,,,1,,,,,,,,,,,,,,,,,,,,,,,,,,,,,,,,
3683,2004-12-15,,,,,,,,,,,,,,,,,,,,,,,1,,,,,,,,,,,,,,,
3683,2005-10-14,,,,,,,,,,,,,,,,,,,,,,,,,,,,,,,,1,,,,,,
3683,2007-11-14,,,,,,,,,,,1,,,,,,,,,,,,,,,,,,,,,,,,,,,
3683,2010-06-15,,,,,,,,,,,,,,,,,,,,,,,,,,,,,,,,,,,,,,1
3684,13-08-2015,,,,,,,,,,,,,,1,,,,,,,,,,,,,,,,,,,,,,,,
3684,2005-01-14,,,,,,,,,,,,,,,,,,,,,,,,,,,,,,,,,,,1,,,
3684,2006-02-14,1,,,,,,,,,,,,,,,,,,,,,,,,,,,,,,,,,,,,,
3684,28-08-2014,,,,,1,,,,,,,,,,,,,,,,,,,,,,,,,,,,,,,,,
3685,20-07-2014,,,1,,,,,,,,,,,,,,,,,,,,,,,,,,,,,,,,,,,
3685,2004-03-15,,,1,,,,,,,,,,,,,,,,,,,,,,,,,,,,,,,,,,,
3685,26-08-2015,,,,,,,,,,,,,,,,,,,,,,,,1,,,,,,,,,,,,,,
3686,2001-04-15,,,,,,,,,,,,,,,,,,,,,,,,,,,,,,,,,,,,,,
3686,2006-01-15,1,,,,,,,,,,,,,,,,,,,,,,,,,,,,,,,,,,,,,
3686,29-08-2015,,,,,,1,,,,,,,,,,,,,,,,,,,,,,,,,,,,,,,,
3687,16-07-2015,,,,,,,,,,,,,,1,,,,,,,,,1,,,,,,,,,,,,,,,
3687,2001-10-14,,,,,,,,1,,,,,,,,,,,,,,,,,,,,,,,,,,,,,,
3687,2012-02-15,1,,,,,,,1,,,,,,,,,,,,,,,,,,,,,,,,,,,,,,
3687,22-12-2015,,,,,,1,,,,,,,,,,,,,,,,,,,,,,,,,,,,,,,,
3688,23-10-2015,,,,,,,,,,,,,,,,,,,,,,,1,,,,,,,,,,,,,,,
3688,24-09-2015,1,,,,,,,,,,,,,,,,,,,,,,,,,,,,,,,,,,,,,
3689,2003-05-14,,,,,,,,,,,,,,,,,,,,,,,,,,,,,,,,,,,,,,
3689,2010-09-14,,,,,,,,,,,,,1,,,,,,,,,,,,,,,,,,,,,,,,,
3690,21-05-2015,,,,,,,,,,,,,,,,,,,,,,,,,,,,,,,,,,,,,,
3690,24-04-2015,,,,,,,,,,,,,,1,,,,,,,,,,,,1,,,,,,,1,,,,,
3691,2005-02-15,,,,,,,,,,,,,,,,,,,,,,,,,,,1,,,,,,,,,,,
3691,2008-08-15,,,,,,,,,,,1,,,,,,,,,,,,,,,,,,,,,1,,,,,,
3691,2012-02-15,,,,,,,,,,,,,,,,,,,1,,,1,,,,,,,,,,,,,,,,
3691,24-02-2014,,,,,,,,,,,,,,,,,,,,,,,,,,,1,,,,,,,,,,,
3691,24-08-2015,,,,,1,,,,,,,,,,,,,,,,,,,,,,,,,,,,,,,,,
3692,18-10-2015,,,,,,,,,,,1,,,,,,,,,,,,,,,,,,,,,,,,,,,
3692,19-10-2014,,,,,,,,,,,,,,1,,,,,,,,,,,,,,,,,,,,,,,,
3692,20-02-2015,,,,,,,,,,,,1,,,,,,,,,,,,,,,,,,,,,,,,,,
3692,2009-01-14,,1,,,,,,,,,,,,,,,,,,,,,,,,,,,,,,,,,,,,
3693,16-11-2015,1,,,,,,,,,,,,,,,,,,,,,,,,,,,,,,,,,,,,,
3693,18-02-2015,,,,,,,,,,,,,,,,,,,,,,,,,,,1,,,,,,,,,,,
3693,2006-06-14,,,,,1,,,,,,,,,,,,,,,,,,,,,,,,,,,,,,,,,
3694,2001-08-14,1,,,,,,,,,,,,,,,,,,,,,,,,,,,,,,,,,,,,,
3694,2010-02-15,,,,,,,,1,,,,,,,,,,,,,,,,,,,,,,,,,,,,,,
3694,2010-11-15,,,,,,,,,,1,,,,,,,,,,,,,,,,,,,,,,,,,,,,
3695,20-01-2014,,,,,,,,,,,,,,,,,,,,,,,,,,,,,,,,,,,,1,,
3695,2009-07-15,,,,,,,,,,,,,,,,,,,,,,,,,,,,,,,,,,,,,,
3695,2012-10-14,,,,,,,,,,,,,,1,,,,,,,,,,,,,,,,,,,,,,,,
3695,21-03-2014,,,,,,,,,,,,,,,,,,,,,,,,,1,,,,,,,,,,,,,
3696,2005-04-14,,,,,,,,,,,,,,1,,,,,,,,,,,,,,,,,,,,,,,,
3697,16-01-2014,,,,,,,,,,,,,,,,,,,,,,,,,,,,,,,,,,,,,,
3697,2003-10-15,1,,,,1,,,,,,,,,,,,,,,,,,,,,,,,,,,,,,,,,
3697,2004-10-14,1,,,,,,,,,,,,,,,,,,,,,,,,,,,,,,,,,,,,,
3698,2001-03-14,,,,,,,,,,,,,,,,,,,1,,,,,,,,,,,,,,,,,,,
3698,2011-07-14,,,,,1,,,,,,,,,,,,,,,,,,,,,,,,,,,,,,,,,
3698,22-09-2014,,,,,,,,,,,,,,,,,,,,,,,,,,,,,,,,1,,,,,,
3698,30-08-2015,,,,,,,,,,,,,,,,,,,,,,,,,,,,,,,,,,,,,,
3699,14-08-2014,,,,,,,,,,,1,,,,,,,,,,,,,,,,,,,,,,,,,,,
3699,2012-12-15,,,,,,,,,,,,,,,,,,,,,,,,,,,,,,,,,,1,,,,
3699,23-08-2015,,,,,,,,,,,,,,,,,,,,,,,,,,,1,,,,,,,,,,,
3700,19-04-2015,,,,,,1,,,,,,,,,,,,,,,,,,,,,,,,,,,,,,,,
3701,15-04-2015,,,,,,,,,,,,,,,,,,,,,,,,,,,,,,,,1,,,,,,
3701,22-01-2015,,,1,,,1,,,,,,,,,,,,,,,,,,,,,,,,,,,,,,,,
3703,16-06-2015,,,,,,,,,,,,,,1,,,,,,,,,,,,,,,,,,,,,,,,
3703,24-01-2015,1,,,,,,,,,,,,,,,,,,,,,,,,,,,,,,,,,,,,,
3703,24-03-2015,,,,,,,,1,,,,,,,,,,,,,,,,,,,,,,,,,,,,,,
3703,30-04-2014,,,,,,,,,,,,,,,,,,,,,,,,,,,,,,,,,,,,,,
3704,2002-08-14,,,,,,,,,,,,,,,,,,,,,,,,,,,,,,,,,,,,,,
3704,2003-12-14,,,,,,1,,,,,,,,,,,,,,,,,,,,,,,,,,,,,,,,
3704,22-01-2015,,,,,1,,,,,,,,,,,,,,,,,,,,,,,,,,,,,,,,,
3704,28-09-2015,1,,,,,,,,,,,,,,,,,,,,,,,,,,,,,,,,,,,,,
3704,30-04-2015,,,,,,,,,,,,,,,,,,,,,,,,,,,,,,,,,,1,,,,
3705,17-08-2014,1,,,,,,,,,,,,,,,,,,,,,,,,,,,,,,,,,,,,,
3705,2007-09-15,,,,,,,,,,,,,,,,,,,,,,,,,,,,,,,,,,,,,,
3705,28-02-2014,,,,,,,,,,,,,,,,,,1,,,,,,,,,,,,,,,,,,,,
3707,26-06-2015,,,,,,,,,,,,,,,,,,,,,,,,,,,,,,,,,,,,,,
3708,17-07-2014,1,,,,,,,,,,,,,,,,,,,,,,,,,,,,,,,,,,,,,
3708,2003-09-15,,,,,,,,,,,,,1,,,,,,,,,,,,,,,,,,,,,,,,,
3708,27-10-2014,,,,,,,,,,,,,,,,,,,1,,,,,,,,,,,,,,,,,,,
3709,2001-10-14,,,,,,,,,,,,,1,,,,,,,,,,,,,,,,,,,,,,,,,
3709,2008-08-15,,,,,,,,,,,,,,,,,,,,,,,1,,,,1,,,,,,,,,,,
3709,2008-09-15,,,,,,,,,,,,,,,,,,,,,,,1,,,,,,,,,,,,,,,
3709,2012-05-14,,,,,,,,,,,,,,,,,,,,,,,1,,,,,,,,,,,,,,,
3709,26-10-2015,,,,,1,,,,,,,,,1,,,,,,,,,,,,,,,,,,,,,,,,
3710,14-09-2014,1,,,,,,,,,,,,,,,,,,,,,,,,,,,,,,,,,,,,,
3710,15-07-2015,1,,,,,,,,,,,,,,,,,,,,,,,,,,,,,,,,,,,,,
3710,22-08-2015,1,,,,,,,,,,,,,,,,,,,,,,,,,,,,,,,,,,,,,
3711,2008-07-15,1,,,,,,,,,,,,,,,,,,,,,,,,,,,,,,,,,,,,,
3712,20-12-2015,,,,,,,,,,,,,,,,,,,,,,,,,,,,,,,,,,,,,,
3712,2004-07-14,,,,,,,,,,,,,,1,,,,,,,,,,,,,,,,,,,,,,,,
3713,17-12-2014,,,,,,,,,,,,,,1,,,,,,,,,,,,,,,,,,,,,,,,
3713,31-01-2015,,,,,,,,,,,,,,,,,,,,,,,,,,1,,,,,,,,,,,,
3714,15-02-2014,,,,,,1,,,,,,,,,,,,,,,,,,,,,,,,,,,,,,,,
3714,2007-06-14,,,,,,1,,,,,,,,,,,,,,,,,,,,,,,,,,,,,,,,
3715,2004-04-14,1,,,,,,,,,,,,,,,,,,,,,,,,,,,,,,,,,,,,,
3715,2006-04-15,,,,,,1,,,,,,,,,,,,,,,,,,,,,,,,,,,,,,,,
3715,2011-05-15,1,,,,,,,,,,,,,,,,,,,,,,,,,,,,,,,,,,,,,
3716,13-05-2014,,,,,,,,,,,,,,,,,,,,,,,1,,,,,,,,,,,,,,,
3716,2008-10-15,,,,,,,,,,,,,,,,,,,,,,,,,,,,,,,,,,,,,,
3716,2010-11-15,,,1,,,,,,,,,,,,,,,,,,,,,,,,,,,,,,,,,,,
3717,2001-04-15,,,,,,,,,,,,,,,,,,1,,,,,,,,,,,,,,,,,,,,
3717,27-01-2014,,,,,,,1,,,,,,,,,,,,,,,,,,,,,,,,,,,,,,,
3717,30-05-2015,,,,,,,,,,,,1,,,,,,,,,,,,,,,,,,,,,,,,,,
3718,18-10-2015,,,,,,,,,,,,,,,,,,,,,,,,,,,1,,,,,,,,,,,
3718,20-05-2015,,,,,,,,,,,,1,,,,,,,,,,,,,,,,,,,,,,,,,,
3718,2007-07-14,,,,,,,,,,,,,,,,,,,,,,,,,,,,,,,,,,,,,,
3718,26-02-2015,,,,,,,,,,,,,,,,,,,,,,,,1,,,,,,,,,,,,,,
3719,17-12-2015,,,,,,,,1,,,,,,,,,,,,,,,,,,,,,,,,,,,,,,
3719,2004-06-15,,,,,,,,,,,,,,,,,,,,,,,,,,,,,,,,,,,,,,
3719,22-02-2015,,,,,,,,,,,,,,,,,,,1,,,,,,,,,,,,,,,,,,,
3719,26-10-2014,1,,,,,,,,,,,,,,,,,,,,,,,,,,,,,,,,,,,,,
3720,2009-08-14,,,,1,,,,,,,,,,,,,,,,,,,,,,,,,,,,,,,,,,
3720,22-03-2014,,,,,,,,,,,,,,1,,,,,,,,,,,,,,,,,,,,,,,,
3720,28-05-2015,,,,,,,,,,,,,,,,,,,,,,,,,,,,,,,,,,,,,,
3721,2010-12-14,,,1,,,,,,,,,,,,,,,,,,,,,,,,,,,,,,,,,,,
3722,20-02-2014,,,,,,,,,,,,,,,,,,,,,,,,,,,,,,,,,,,,,,
3723,14-03-2015,,,,,,,1,,,,,,,,,,,,,,,,,,,,,,,,,,,,,,,
3724,26-11-2015,,,,,,,,,,,,,,,,,,,,1,,,,,,,,,,,,,,,,,,
3725,20-09-2014,,,,,1,,,,,,,,,,,,,,,,,,,,,,,,,,,,,,,,,
3725,2008-03-14,,,,,,,,,,,,,,,,,,,,,,1,,,,,,,,,,,,,,,,
3726,2003-09-14,,,,,,,1,,,,,,,,,,,,,,,,,,,,,,,,,,,,,,,
3726,26-05-2015,,,,,,,,,,,,,,,,,,,,,,,,,,,,,,,,,,,,,,
3727,13-07-2014,1,,,,,,,,,,,,,,,,,,,,,,,,,,,,,,,,,,,,,
3727,19-05-2015,,,1,,,,,,,,,,,,,,,,,,,,,,,,,,,,,,,,,,,
3727,2002-05-14,,,,,,,,1,,,,,,,,,,,,,,,,,,,,,,,,,,,,,,
3727,2006-07-14,,,,,,,,,,,,,,1,,,,,,,,,,,,,,,,,,,,,,,,
3727,28-07-2014,,,,,,,,,,,,,,1,,,,,,,,,,,,,,,,,,,,,,,,
3728,15-03-2015,,,,,,,,1,,,,,,,,,,,,,,,,,,,,,,,,,,,,,,
3728,17-06-2014,,,,,,,,,,,,,,,,,,,,,,,,,1,,,,,,,,,,,,,
3728,2004-10-15,,,,,,,,,,,,,,,,,,,,,,,,,,,1,,,,,,,,,,,
3729,24-12-2014,,,,,,,,,,,,,,,,,,,,,,,,,,,,,,,,1,,,,,,
3729,29-11-2015,,,,,,,,,,,,,,,,,1,,,,,,,,,,,,,,,,,,,,,
3730,17-04-2014,,,,,,,,,,,,,,,,,,,,,,,,,1,,,,,,,,,,,,,
3730,2003-02-14,,,,,,,,,,,,,,,,,,,,,,,1,,,,,,,,,,,,,,,
3730,26-07-2014,,,,,,,,,,1,,,,,,,,,,,,,,,,,,,,,,,,,,,,
3730,27-07-2015,,,,,,,,,,,,,,,,,,,,,,,,,,,,,,,,,,,,,,1
3731,29-05-2014,,,1,,,,,,,,,,,,,,,,,,,,,,,,,,,,,,,,,,,
3731,29-06-2014,,,,,,1,,,,,,,,,,,,,,,,,,,,,,,,,,,,,,,,
3732,14-07-2014,,,,1,,,,,,,,,,,,,,,,,,,,,,,,,,,,,,,,,,
3732,18-01-2014,,,,,,,,,,,,,,,,,,,,,,,,,,1,,,,,,,,,,,,
3732,2006-12-15,,,,,,,,,,1,,,,,,,,,,,,,,,,,,,,,,,,,,,,
3732,26-01-2015,,,,,,,1,,,,,,,,,,,,,,,,,,,,1,,,,,,,,,,,
3732,29-11-2015,,,,,,,,,,,,,,,,,,,,,,,,,,,1,,,,,,,,,,,
3733,2005-08-14,,,,,,,,,,,,,,,,,,1,,,,,,,,,,,,,,,,,,,,
3734,16-12-2014,,,,,,,,,,,,,,,,,1,,,,,,,,,,,,,,,,,,,,,
3734,2005-09-15,,,,,,,,,,,,,,,,,,,,,,,,,,1,,,,,,,,,,,,
3735,20-04-2015,,,,,,,,1,,,,,,,,,,,,,,,,,,,,,,,,,,,,,,
3735,27-04-2015,,,,,,,,,,,,,,,,,,,,,,,,,,,1,,,,,,,,,,,
3735,28-11-2015,,,,,,,,,,,,,,,,,,,,,,,,,,,,,,,,,,,,,,
3736,16-02-2014,,,,,,,,,,,,,,,,,,,,,,,,,,,,,,,1,,,,,,,
3736,26-02-2015,,,,,,,,,,,1,,,,,,,,,,,,,,,,,,,,,,,,,,,
3736,27-11-2015,,1,,,,,,,,,,,,,,,,,,,,,,,,,,,,,,,,,,,,
3736,31-03-2015,,,,,,1,,,,,,,,,,,,,,,,,,,,,,,,,,,,,,,,
3737,2003-03-15,,,,,,,,,,,1,,,,,,,,,,,,,,,,,,,,,,,,,,,
3737,2005-05-15,1,,,,,,,,,,,,,,,,,,1,,,,,,,,,,,,,,,,,,,
3737,2005-09-14,,,,,,1,,,,,,,,,,,,,,,,,,,,,,,,,,,,,,,,
3737,2006-04-14,,,,,,,,,,,,,,,,,,,,,,,,,,,,,,,,,,,,,,
3737,2006-07-14,,,,,,,,1,,,,,,,,,,,,,,,,,,,,,,,,,,,,,,
3737,2006-12-15,,,,,,,,,,,,,,,,,,,,,,,,,,,,,,,,,,,,,,
3737,2012-12-15,,,,,,,,,,,,,,,,,,,,,,,,,,,,,,,,,,,,,,
3737,22-12-2014,,,,,,,,,1,,,,,,,,,,,,,,,,,,,,,,,,,,,,,
3737,30-12-2014,1,,,,,,,,,,,,,,,,,,,,,,,,,,,,,,,,,,,,,
3738,15-07-2015,,,,,,1,,,,,,,,,,,,,,,,,,,,,,,,,,,,,,,,
3738,2001-04-15,1,,,,,,,,,,,,,,,,,,,,,,,,,,,,,,,,,,,,,
3739,20-10-2014,,,,,,,,1,,,,,,,,,,,,,,,,,,,,,,,,,,,,,,
3739,2006-08-15,,,,,,,,1,,,,,,,,,,,,,,,,,,,,,,,,,,,,,,
3740,19-05-2014,,,,,,,,,,,,,,,,,,,,,,,1,,,,,,,,,,,,,,,
3741,14-06-2015,,,,,1,,,,,,,,,,,,,,,,,,,,,,,,,,,,,,,,,
3741,2006-08-15,1,,,,,,,,,1,,,,,,,,,,,,,,,,,,,,,,,,,,,,
3741,21-11-2015,,,,,,,,1,,,,,,,,,,,,,,,,,,,,,,,,,,,,,,
3741,23-01-2015,,,,,,,,,,1,,,,,,,,,,,,,,,,,,,,,,,,,,,,
3742,22-08-2015,,,,,,,,,,,,,,,,,,,,,,,,,,,,,,,,,,,,,,
3742,26-09-2014,,,,,,,,,,,,,,,,,,,,,,,,,,,,,,,,,,,,,,
3743,13-08-2014,1,,,,,,,,,,,,,,,,,,,,,,,,,,,,,,,,,,,,,
3743,16-10-2014,,,1,,,,,,,,,,,,,,,,,,,,,,,,,,,,,,,,,,,
3743,2003-07-14,,,,,,,,,,,,,,,,,,,,,,,,,,,,,,,,,,,,,,
3743,2006-01-14,,,,,,,,,,,,,,,,,,,,,,1,,,,,,,,,,,,,,,,
3744,2003-11-14,,,,,,,,,,,1,,,,,,,,,,,,,,,,,,,,,,,,,,,
3744,2008-12-15,,,1,,,,,1,,,,,,,,,,,,,,,,,,,,,,,,,,,,,,
3745,25-03-2014,,,,,1,,,,,,,,,,,,,,,,,,,,,,,,,,,,,,,,,
3745,26-08-2015,,,,,,,,,,,,,,,,,,,,,,,,,,,,,,,,,,,,,,
3746,13-07-2015,,,,,,,,,,,,,,,,,,,,,,,,,,,,,,,,,,,,,,
3746,17-08-2015,,,,1,,,,,,,,,,,,,,,,,,,,,,,,,,,,,,,,,,
3746,2005-04-14,,,,,,,,,,1,,,,,,,,,,,,,,,,,,,,,,,,,,,,
3746,2009-11-15,,,,,,,,,,1,,,,,,,,,,,,,,,,,,,,,,,,,,,,
3747,2005-11-14,,,,,,,,,,,,,,,,,,,,,,,,,,,,,,,,,,,,,,
3748,16-02-2014,,,,,,,,,,,,1,,,,,,,,,,,,,,,,,,,,,,,,,,
3748,27-03-2015,,,,1,,,,,,,,,,,,,,,,,,,,,,,,,,,,,,,,,,
3749,2009-03-15,,,1,,,,,,,,,,,,,,,,,,,,,,,,,,,,,,,,,,,
3749,2010-12-14,,,,,,,1,,,,,,,,,,,,,,,,,,,,,,,,,,,,,,,
3750,17-05-2015,,,,,,,,,,,,,1,,,,,,,,,,,,,,,,,,,,,,,,,
3750,28-02-2015,,,,,1,,,,,,,,,,,,,,,,,,,,,,,,,,,,,,,,,
3750,30-09-2014,,,,,,,1,,,,,,,,,,,,,,,,,,,,,,,,,,,,,,,
3751,2001-01-15,,,,,,,,,1,,,,,,,,,,,,,,,,,,,,,,,,,,,,,
3751,2011-01-14,,,,,,,,,,,,,,,,,,,,,,,,1,,,,,,,,,,,,,,
3752,15-04-2015,1,,,,,,,,,,,,,,,,,,1,,,,,,,,1,,,,,,,,,,,
3752,20-08-2015,1,,,,,,,,,,,,,,,,,,,,,,,,,,,,,,,,,,,,,
3752,21-08-2015,,,,,,,,,,,1,,,,,,,,,,,,,,,,,,,,,,,,,,,
3754,2002-01-15,,,,,,,1,,,,,,,,,,,,,,,,,,,,,,,,,,,,,,,
3754,22-01-2015,1,,,,,,,,,,,,,,,,,,,,,,,,,,,,,,,,,,,,,
3755,14-04-2015,,,,,1,,,,,,,,,,,,,,,,,,,,,,,,,,,,,,,,,
3755,19-11-2014,,,,,,,,,,,,,,,,,,,,,,,,,,1,,,,,,,,,,,,
3755,28-09-2015,,1,,,,,,,,,,,,,,,,,,,,,,,,,,,,,,,,,,,,
3756,2002-12-15,1,,,,,,,,,,,,,,,,,,,,,,,,,,,,,,,,,,,,,
3756,2003-11-14,,,,,,,,,,,,,,,,,,,1,,,,,,,,,,,,,,,,,,,
3756,2011-07-15,,,,,,,,,,,,,,,,,,,,,,,,,,,,,,,,,,,,,,
3756,22-07-2015,,,,,,,,,,,,,,,,,,,,,,,,,,,,,,,,,,,,,,
3757,18-12-2014,,,1,,,,,,,,,,,,,,,,,,,,,,,,,,,,,,,,,,,
3757,2003-02-15,1,,,,,,,,,,,,,,,,,,,,,,,,,,,,,,,,,,,,,
3757,2004-02-15,,,,,,1,,,,,1,,,,,,,,,,,,,,,,,,,,,,,,,,,
3757,2008-07-14,1,,,,,,,,,,,,,,,,,,,,,,,,,,,,,,,,,,,,,
3757,24-06-2015,1,,,,,,,,,,,,,,,,,,,,,,,,,,,,,,,,,,,,,
3758,13-01-2015,1,,,,,,,,,,,,,,,,,,,,,,,,,,,,,,,,,,,,,
3758,14-06-2014,1,,,,,,,,,,,,,,,,,,,,,,,,,,,,,,,,,,,,,
3758,2002-01-14,,,,,,,,1,,,,,,,,,,,,,,,,,,,,,,,,,,,,,,
3758,2004-09-15,,,,,,1,,,,,,,,,,,,,,,,,,,,,,,,,,,,,,,,
3758,2006-03-15,,,,,,,,,,,,,,,,,,,,,,,1,,,,,,,,,,,,,,,
3759,2002-04-15,1,,,,,,,,,,,,,,,,,,,,,,,,,,,,,,,,,,,,,
3759,2008-09-15,,,,,,,,,,,,,,1,,,,,,,,,,,,,,,,,,,,,,,,
3759,21-07-2014,,,,,,,,,,,,,,,,,,,,,,,1,,,,,,,,,,,,,,,
3759,29-08-2014,,,,,,,,,,,,,,,,,,,,,,,,,,,,,,,,,,,1,,,
3760,2003-11-15,,,,,,1,,,,,,,,,,,,,,,,,,,,,,,,,,,,,,,,
3760,2004-06-15,,,,,,,,,,,,,,,,,,,,,,,,,,,,,,,,,,,,,,
3760,2007-03-14,,,,,,1,,,,,,,,,,,,,,,,,,,,,,,,,,,,,,,,
3760,22-11-2015,1,,,,,,,,,,,,,,,,,,,,,,1,,,,,,,,,,,,,,,
3761,2006-08-15,,,,,,,,,,,,,,1,,,,,,,,,,,,,,,,,,,,,,,,
3761,2012-02-14,,,1,,,,,,,,,,,,,,,,,,,,,,,,,,,,,,,,,,,
3761,26-09-2015,,1,,,,,,,,,,,,,,,,,,,,,,,,,,,,,,,,,,,,
3761,30-03-2015,,1,,,,,,,,,,,,,,,,,,,,,,,,,,,,,,,,,,,,
3762,20-08-2015,,,,,,,,,,,,,,,,,,,,,,,,,,,,,,,,,,,,,,
3763,15-07-2014,,,1,,,,,,,,,,,,,,,,,,,,,,,,,,,,,,,,,,,
3763,2004-02-14,,,,,,,,,,,,,,1,,,,,,,,,,,,,,,,,,,,,,,,
3763,27-06-2015,,1,,,,,,,,,,,,,,,,,,,,,,,,,,,,,,,,,,,,
3764,2001-08-15,,,,,,1,,,,,,,,,,,,,,,,,,,,,,,,,,,,,,,,
3764,2005-10-15,,,,,,,,,,,,,,,,,,,,,,,,,,,,,,,,,,,,,,
3764,2010-11-15,,,,,,,,,,,,,,,,,,,,,,,,,,1,,,,,,,,,,,,
3764,22-01-2014,,,,,,1,,,,,,,,,,,,,,,,,,,,,,,,,,,,,,,,
3765,2001-04-14,,,1,,,,,,,,,,,,,,,,,,,,,,,,,,,,,,,,,,,
3765,2012-06-15,1,,,,,,,,,,,,,,,,,,,,,,,,,,,,,,,,,,,,,
3766,20-02-2014,,,,,,,,,,,,,,,,,,,,,,,1,,,,,,,,,,,,,,,
3766,2007-05-15,,,,,,,,,,,,,,1,,,,,,,,,,,,,,,,,,,,,,,,
3766,2008-11-15,,,,,,,,,,,,,,,,,,,,,,,1,,,,,,,,,,,,,,,
3768,16-01-2015,,,,,,,,,,,,,,,,,,,,,,,1,,,,,,,,,,,,,,,
3768,2001-08-15,,,,,,,,,,,,,,,,,,,,,,,,,,,1,,,,,,,,,,,
3768,2006-01-14,,,,,,,,,,,,,,,,,,,,,,,,,1,,,,,,,,,,,,,
3768,2007-04-14,,,,,,,,,,,,,,,,,,,,,,,,,,,,,1,,,,,,,,,
3768,2007-10-15,1,,,,,,,,,,,,,,,,,,,,,,,,,,,,,,,,,,,,,
3769,27-02-2015,,,,,,,,,,,,,,,,,,,,,,,1,,,,,,,,,,,,,,,
3769,28-01-2014,,,,,1,,,,,,,,,,,,,,,,,,,,,,,,,,,,,,,,,
3769,31-01-2014,,,,,,,,1,,,,,,,,,,,,,,,,,,,,,,,,,,,,,,
3770,13-01-2015,,,,,,,,,,,,,,,,,,,,,,,,,,,,,,,,,,,,,,
3771,21-12-2014,,,,,,,,,,,1,,,,,,,,,,,,,,,,,,,,,,,,,,,
3772,18-02-2015,,,1,,,,,,,,,,,,,,,,,,,,,,,,,,,,,,,,,,,
3772,2009-03-15,1,,,,,,,,,,,,,,,,,,,,,,,,,,,,,,,,,,,,,
3773,17-03-2014,,,,,,,,,,,,,1,,,,,,,,,,,,,,,,,,,,,,,,,
3774,16-02-2015,,,,,,,,,,1,,,,,,,,,,,,,,,,1,,,,,,,,,,,,
3774,16-09-2015,,1,,,,,,,,,,,,,,,,,,,,,,,,,,,,1,,,,,,,,
3774,17-12-2015,1,,,,,,,,,,,,,,,,,,,,,,,,,,,,,,,,,,,,,
3775,2006-03-14,1,,,,,,,,,,,,,,,,,,,,,,,,,,,,,,,,,,,,,
3775,2007-07-15,,,,,,,,,,,,,,,,,,,,,,,1,,,,,,,,,,,,,,,
3775,2008-09-14,,,,,,,,,,,,,,,,,,,,,,,,,,,,,,,,,,,,,,
3775,27-10-2015,,,,,1,,,,,,,,,,,,,,,,,,,,,,,,,,,,,,,,,
3776,17-05-2015,,,,,,,,,,,1,,,,,,,,,,,,,,,,,,,,,,,,,,,
3776,18-07-2015,,,,,,,,,,,,,,,,,,,,,,1,,,,,,,,,,,,,,,,
3776,2002-07-14,1,,,,,,,,,,,,,,,,,,,,,,,,,,,,,,,,,,,,,
3776,21-02-2014,,,,,,,,,,,,,,,,,,,,,,,,,,,,,,,,1,,,,,,
3776,28-11-2014,,,,,,,,,,1,,,,,,,,,,,,,,,,,,,,,,,,,,,,
3778,13-03-2015,,,,,,,,,,,,,,,,,,,,,,,,,,,,,,,,,,,,,,
3778,2001-10-15,,,1,,,,,,,,,,1,,,,,,,,,,,,,,,,,,,,,,,,,
3778,2003-12-15,1,,,,,,,,,,,,,,,,,,,,,,,,,,,,,,,,,,,,,
3778,27-04-2014,,,,,,,1,,,,,,,,,,,,,,,,,,,,,,,,,,,,,,,
3779,2010-10-15,,,,,,,,,,,,,,,,,,,1,,,,,,,,,,,,,,,,,,,
3779,27-04-2014,1,,,,,,,,,,,,,,,,,,,,,,,,,,,,,,,,,,,,,
3780,24-02-2014,,,,,,,,1,,,,,,,,,,,,,,,,,,,,,,,,,,,,,,
3781,21-04-2015,,,,,1,,,,,,,,,,,,,,,,,,,,,,,,,,,,,,,,,
3782,14-05-2014,1,,,,,,,,,,,,,,,,,,,,,,,,,,,,,,,,,,,,,
3782,15-01-2014,,,,,,,1,,,,,,,,,,,,,,,,,,,,,,,,,,,,,,,
3782,16-09-2014,,,,,,,,,,,,,,,,,,,,,1,,,,,,,,,,,,,,,,,
3782,20-02-2014,,,,,,,,,,,,,,1,,,,,,,,,,,,,,,,,,,,,,,,
3782,2003-02-15,,,,,,,,,,1,,,,,,,,,,,,,,,,,,,,,,,,,,,,
3782,21-09-2014,,,,,,,,,,,,,,,,,,,,,,,,,,,,,,,,1,,,,,,
3783,2008-03-15,,,,,,,,,,,,,,,,,,,,,,,,,,1,,,,,,,,,,,,
3783,22-06-2015,,,,,,,,,,,,,,,,,,,,,,,,,,,,,,,,,,,,,,
3784,30-04-2014,,,,,1,,,,,,,,,,,,,,,,,,,,,,,,,,,,,,,,,
3785,16-08-2014,,,,,1,,,,,,,,,,,,,,,,,,,,,,,,,,,,,,,,,
3785,2012-07-14,,,,,,1,,,,,,,,,,,,,,,,,,,,,,,,,,,,,,,,
3786,2002-04-14,,,,,,,,,,,,,,,,,,,,,,,,,,,1,,,,,,,,,,,
3786,2011-05-15,,,,,,,,,,,,,,,,,,,,1,,,,,,,,,,,,,,,,,,
3787,24-09-2015,,,,,,,,,,,,,,,,,,,,,,,1,,,,,,,,,,,,,,,
3787,25-09-2014,,,,,,,,,,,,,,,,,,,,,1,,,,,,,,,,,,,,,,,
3788,16-02-2015,,,1,,,,,,,,,,,,,,,,,,,,,,,,,,,,,,,,,,,
3789,13-01-2014,,,,,,,,,,,1,,,,,,,,,,,,,,,,,,,,,,,,,,,
3789,2012-10-15,1,,,,,,,,,,,,,,,,,,,,,,,,,,,,,,,,,,,,,
3790,2004-08-15,,,,,,,,,,,,,1,,,,,,,,,,,,,,,,,,,,,,,,,
3790,2009-06-14,,,,,,,,,,,,,,,,,,,,,,,,,,,,,1,,,,,,,,,
3790,26-07-2015,,,,,,,,,,,,,,,,,,,,,,,,,,,,,,,,,,,,,,
3790,28-10-2015,,,,,,,,,,1,,,,,,,,,,,,,,,,,,,,,,,,,,,,
3791,23-01-2015,,,,,,,,,,,,,,,,,,,,,,,,,,,,,,,,,,1,,,,
3791,25-03-2015,,,,,,,,,,,,,,,,,,,,,,,,,,,,,1,,,,,,,,,
3792,30-07-2014,,1,,,,,,,,,,,,,,,,,,,,,,,,,,,,,,,,,,,,
3793,15-04-2015,,,,,,,,,,,,,,1,,,,,,,,,,,,,,,,,,,,,,,,
3793,2007-08-15,,,,,1,,,,,,,,,,,,,,,,,,,,,,,,,,,,,,,,,
3793,2007-09-14,1,,,,,,,,,,,,,,,,,,,,,,,,,,,,,,,,,,,,,
3794,2004-01-15,,,,,,,,,,,,,,1,,,,,,,,,,,,,,,,,,,,,,,,
3794,26-11-2015,,,1,,,1,,,,,,,,,,,,,,,,,,,,,,,,,,,,,,,,
3795,2002-07-14,,,,,,,,,,,,,,,,,,,1,,,,,,,,,,,,,,,,,,,
3795,2004-02-14,,,,,,,,,,,,,,,,,,,,,,,,,,,,,,1,,,,,,,,
3797,16-09-2015,1,,,,,,,,,,,,,,,,,,,,,,,,,,,,,,,,,,,,,
3797,20-01-2015,,,,,,,,,,,,,,,,,,,,,,,,,,,,,,,,,,,,,,
3797,2007-09-14,,,,,,,,,,,,,,,,,,,,,,,,,,,,,,,1,,,,,,,
3797,2010-08-15,,,,,,1,,,,,,,,,,,,,,,,,,,,,,,,,,,,,,,,
3797,23-08-2015,,,,,1,,,,,,,,,,,,,,,,,,,,,,,,,,,,,,,,,
3798,2004-09-15,,,,,,,,,,,,,,,,,,,,1,,,,,,,,,,,,,,,,,,
3799,2010-11-14,,,,,,,,,,,,,,,,,,,,,,,1,,,,,,,,,,,,,,,
3799,22-05-2014,,,,,,,,,,,,1,,,,,,,,,,,,,,,,,,,,,,,,,,
3800,14-07-2014,,,,,,,,,,,,,,,,,,,,,1,,,,,,,,,,,,,,,,,
3800,2008-02-15,,,,,,,,,,,,,,,,,,,,,,,,,,,,,,,,,,,1,,,
3801,23-10-2015,,,,,1,,,,,,,,,,,,,,,,,,,,,,,,,,,,,,,,,
3801,25-08-2014,,,,,,,,1,,,,,,,,,,,,,,,,,,,,,,,,,,,,,,
3802,15-10-2015,,,,,,,,,,,,,,1,,,,,,,,,,,,,,,,,,,,,,,,
3803,14-12-2015,,,,,,,,,,1,,,,,,,,,,,,,,,,,,,,,,,,,,,,
3803,17-06-2014,,,,1,,,,,,,,,,,,,,,,,,,,,,,,,,,,,,,,,,
3803,20-10-2015,,,,,,,,,,1,,,,,,,,,,,,,,,,,,,,,,,,,,,,
3803,2006-10-15,,,,,1,,,,,,,,,,,,,1,,,,,,,,,,,,,,,,,,,,
3803,27-01-2015,,,,,,,,,,,,,,,,,,,,,,,,,1,,,,,,,,,,,,,
3804,21-06-2015,,1,,,,,,,,,,,,,,,,,,,,,,,,,,,,,,,,,,,,
3804,21-09-2014,,,,,,,,,,,,,,,,,,,,,1,,,,,,,,,,,,,,,,,
3804,27-12-2014,,,1,,,,,,,,,,,,,,,,,,,,,,,,,,,,,,,,,,,
3806,15-03-2015,,,1,,,,,,,,,,,,,,,,1,,,,,,,,,,,,,,,,,,,
3806,28-08-2015,,,1,,,,,,,,,,,,,,,,,,,,,,,,,,,,,,,,,,,
3807,26-10-2015,,,,,,,1,,,,,,,,,,,,,,,,1,,,,,,,,,,,,,,,
3808,18-08-2015,1,,,,,,,,,,,,,,,,,,,,,,,,,,,,,,,,,,,,,
3809,2011-11-14,,,,,,,,,,,,,,,,,,1,,,,,,,,,,,,,,,,,,,,
3809,24-03-2015,,,,,,,,,,,,,,,,,,,,,,,,,,,,,,,,,,,,,,
3810,21-07-2014,,,,,,,,,,,,,,,,,,,1,,,,,,,,,,,,,,,,,,,
3811,14-04-2015,,,,,,,,,,,,,,,,,,,,,,,,,,,,,,,,,,,,,,
3811,19-04-2014,,,,,,,,,,,,,,,,,,,,,,,,,1,,,,,,,,,,,,,
3811,2007-07-14,1,,,,,,,,,,,,,,,,,,,,,,,,,,,,,,,,,,,,,
3811,2011-05-15,,,,,1,,,,,,,,,,,,,,,,,,,,,,,,,,,,,,,,,
3811,21-07-2014,,,,,,1,,,,,,,,,,,,,,,,,,,,,,,,,,,,,,,,
3811,23-03-2014,,,,,,1,,,,,,,,,,,,,,,,,,,,,,,,,,,,,,,,
3812,13-11-2015,,,,,,,,1,,,,,,,,,,,,,,,,,,,,,,,,,,,,,,
3812,2011-08-15,,,,,,,,,1,,,,,,,,,,,,,,,,,,,,,,,,,,,,,
3812,21-07-2015,,,,,,,,,,,,,,,,,,,,,,,,,,,,,,,,,,,,,,
3812,24-06-2015,,1,,,,,,,,,,,,,,,,,,,,,,,,,,,,,,,,,,,,
3812,28-07-2015,1,,,,,,,,,,,,,,,,,,,,,,,,,,,,,,,,,,,,,
3812,30-04-2014,,,,,,,,,,,1,,,,,,,,,,,,,,,,,,,,,,,,,,,
3813,18-01-2015,1,,,,,,,,,,,,,,,,,,,,,,,,,,,,,,,,,,,,,
3813,25-12-2014,,1,,,,,,,,,,,,,,,,,,,,,,,,,,,,,,,,,,,,
3814,2005-01-14,,,,,,,,,,,1,,,,,,,,,,,,,,,,,,,,,,,,,,,
3814,21-07-2015,,,,,,,,,,1,,,,1,,,,,,,,,,,,,,,,,,,,,,,,
3814,22-10-2014,,,,,,,,,,,1,,,,,,,,,,,,,,,,,,,,,,,,,,,
3815,15-09-2015,,,,,,,,,,,,,,,,,,,,,,1,,,,,,,,,,,,,,,,
3815,27-06-2015,,,,,,,,,,,,,1,,,,,,,,,,,,,,,,,,,,,,,,,
3815,30-01-2014,1,,,,,,,,,,,,,,,,,,,,,,,,,,,,,,,,,,,,,
3816,19-05-2014,,,,,1,,,,,,,,,,,,,,,,,,,,,,,,,,,,,,,,,
3817,2002-11-14,,,,,,,,,,,1,,,,,,,,,,,,,,,,,,,,,,,,,,,
3817,23-08-2014,,,,,,,,,,1,,,,,,,,,,,,,,,,,,,,,,,,,,,,
3817,24-11-2014,,,,,,,,,,,,,,,,,,,,,,,,,,,,,,,,,,,1,,,
3817,29-12-2014,,,,,,,,,,,,,,,,,,,,,,,,,1,,,,,,,,,,,,,
3818,13-05-2015,1,,,,,1,,,,,,,,,,,,,,,,,,,,,,,,,,,,,,,,
3818,2011-03-14,,,,,1,,,,,,,,,,,,,,,,,,,,,,,,,,,,,,,,,
3818,29-03-2015,,,,,,,,,,,,,,,,,,,,,,,,,,,,,,,,,,,,,,
3819,2012-04-15,,1,,,,,,,,,,,,,1,,,,,,,,1,,,,,,,,,,,,,,,
3819,28-06-2015,,,,,,,,,,1,,,,,,,,,,,,,,,,,,,,,,,,,,,,
3820,2010-05-14,,,1,,,,,,,,,,,,,,,,,,,,,,,,,,,,,,,,,,,
3821,2003-01-15,1,,,,,,,,,,,,,,,,,,,,,,,,,,,,,,,,,,,,,
3821,2008-03-14,,,,,,,,,,,,,,,,,,,,,,,,,,1,,,,,,,,,,,,
3822,2007-03-15,,,,,1,,,,,,1,,,,,,,,,,,,,,,,,,,,,,,,,,,
3822,25-09-2015,,,,,,,,,,,,1,,,,,,,,,,,,,,,,,,,,,,,,,,
3822,27-05-2015,,,,,,,,,,,,,,1,,,,,,,,,,,,1,,,,,,,,,,,,
3823,2010-12-14,1,,,,,,,,,,,,,,,,,,,,,,,,,,,,,,,,,,,,,
3824,2012-02-15,,,,,1,,,,,,,,,,,,,,,,,,,,,,,,,,,,,,,,,
3826,27-04-2014,,,,,,,,,,,,,,,,,,,,,,1,,,,,,,,,,,,,,,,
3827,2003-11-15,,,,,,,,,,,,,,,,,,,,,,,,,,,,,,,,,,,,,,
3827,2011-09-14,,,,,,,,,,,,,,,,,,,,,,,1,,,,,,,,,,,,,,,
3827,28-02-2014,,,,,1,,,,,,,,,,,,,,,,,,,,,,,,,,,,,,,,,
3827,30-09-2015,,,,,,,,,,,,1,,,,,,,,,,,,,,,,,,,,,,,,,,
3828,15-06-2015,,,,,,,,,,,,,,,,,,,1,,,,,,,,,,,,,,,,,,,
3828,16-05-2014,1,,,,,,,,,,,,,,,,,,,,,,,,,,,,,,,,,,,,,
3828,24-02-2014,,,,,,,,,,,,,,1,,,,,,,,,,,,,,,,,,,,,,,,
3828,25-04-2014,1,,,,,,,,,,,,,,,,,,,,,,,,,,,,,,,,,,,,,
3829,2002-08-15,,,,,,,,,,,,,,1,,,,,,,,,,,,,,,,,,,,,,,,
3829,2010-07-15,,,,,,,,,,,,,,,,,,,,,,,,,,,,,,,,,,,,,,
3829,25-06-2015,,,1,,,,,,,,,,,,,,,,,,,,,,,,,,,,,,,,,,,
3830,14-11-2014,,,,,1,,,,,,,,,,,,,,,,,,,,,,,,,,,,,,,,,
3830,2007-04-15,,,,,,,,,,,,,,,,,,,,,,,1,,,,,,,,,,,,,,,
3830,2010-07-15,,,,,,,,,,,,,,,,,,,,,,,,,,,,,,,,,,,,,,
3830,2012-10-14,,,,,,,1,,,,,,,,,,,,,,,,,,,,,,,,,,,,,,,
3830,23-08-2014,,,,,,,,,,,,,,,,,,,,,,,,,,,,,,,,,,,,,,
3830,28-01-2014,,,,,,,,,,,,,,,,,,,,1,,,,,,,,,,,,,,,,,,
3831,14-10-2015,1,,,,,,,,,,,,,,,,,,,,,,,,,,,,,,,,,,,,,
3831,2001-03-14,,,,,,,,,,,,,,,,,,,,,,,,,,,,,,,,,,,,,,
3831,2007-03-15,,,,,,,,,,,,,,,,,,,,,,,,,,,,,,,,,,,1,,,
3831,29-03-2014,,,1,,,,,,,,,,,,,,,,,,,,,,,,,,,,,,,,,,,
3832,2012-01-14,1,,,,,,,,,,,,,,,,,,,,,,,,,,,,,,,,,,,,,
3832,23-03-2014,,,1,,,,,,,,,,,,,,,,,,,,,,,,,,,,,,,,,,,
3832,26-06-2014,,,,,,,,1,,,,,,,,,,,,,,,,,,,,,,,,,,,,,,
3834,18-05-2014,,,,,,,,1,,,,,,,,,,,,,,,,,,,,,,,,,,,,,,
3835,15-10-2014,,,,,,,,,,,,,,,,,,1,,,,,,,,,,,,,,,,,,,,
3835,16-09-2015,,,,,,,,,,,,,,,,,,,1,,,,,,,,,,,,,,,,,,,
3835,2003-02-14,,,,,,,,,,,,,,,,,,,,,,,,,,,,,,,,,,,,,,
3835,2006-01-15,,,1,,,,,,,,,,,,,,,,,,,,,,,,,,,,,,,,,,,
3835,2011-05-15,1,,,,,,,,,,,,,,,,,,,,,,,,,,,,,,,,,,,,,
3836,14-06-2014,,,,,,,,,,,,,,,,,,,,,,,,,,,,,,,,,,,,,,
3836,2006-12-15,,,,,,,,,,,,,,,,,,,1,,,,,,,,,,,,,,,,,,,
3837,2001-12-14,,,,,,,,,,,,,,,,,,,,,,,,,,,,,,,,,,,1,,,
3838,14-12-2015,,,,,,,,,,,,,,,,,,,,1,,,,,,,,,,,,,,,,,,
3838,2005-08-14,1,,,,,,,,,,,,,,,,,,,,,,,,,,,,,,,,,,,,,
3839,13-08-2014,,,,,,,,,,,,,,1,,,,,,,,,,,,,,,,,,,,,,,,
3839,21-06-2014,1,,,,,,,,,,,,,,,,,,,,,,,,,,,,,,,,,,,,,
3840,17-05-2014,,,,,,,,,,,,,,,,,,,,,,,,,,,,,,,,,,,,,,
3840,2006-11-14,,,,,,,,,,,,,,1,,,,,,,,,,,,,,,,,,,,,,,,
3840,2011-01-14,,,,1,,,,,,,,,,,,,,,,,,,,,,,,,,,,,,,,,,
3840,31-10-2014,,,,,,,,,,,1,,,,,,,,,,,,,,,,,,,,,,,,,,,
3841,19-07-2015,,,,,,,,,,,,,,,,,,,,,,,1,,,,1,,,,,,,,,,,
3842,14-10-2015,,,,,,1,,,,,,,,,,,,,,,,,,,,,,,,,,,,,,,,
3842,2001-07-15,,1,,,,,,,,,,,,,,,,,,,,,,,,,,,,,,,,,,,,
3843,17-10-2015,,,,,,,,,,,,,,,,,,,,,,,,,,1,,,,,,,,,,,,
3843,2004-09-15,,,,,,,,,,,,,,,,,,,,,,,,,,,,,,,,,,,,,,
3843,2006-09-14,,,1,,,,,,,,,,,,,,,,,,,,,,,,,,,,,,,,,,,
3843,2009-12-14,,,,,,,,,,,,,,,,,,,,,,,,,,,,,,1,,,,,,,,
3844,14-08-2015,,,,,,,,,,,,,,1,,,,,,,,,,,,,,,,,,,,,,,,
3844,17-09-2015,1,,,,,,,,,,,,,,,,,,,,,,,,,,,,,,,,,,,,,
3844,2010-06-14,,,,,,,,,,,,,,,,,,,1,,,,,,,,,,,,,,,,,,,
3844,24-06-2014,,,,,,,,,,,,,,,,,,,,,,,,,,,,,,,1,,,,,,,
3844,27-06-2015,,,,,,,,,,,,,,,,,,,,,,,1,,,,,,,,,,,,,,,
3846,2004-08-14,,,,,,,,,,,,,,,,,,,,,,,,,,,,,,,,1,,,,,,
3846,28-01-2015,,,,,,,,,,,1,,,,,,,,,,,,,,,,,,,,,,,,,,,
3847,14-03-2014,,,,,,,,,,,,,,,,,,,,,,,,,,,1,,,,,,,,,,,
3847,2003-12-15,,,,,,,,,,,,1,,,,,,,,,,,,,,,,,,,,,,,,,,
3847,2008-06-14,,,,,,,,,,,,,,,,,,,,,,,,,,,,,,,,,,,,,,
3847,26-03-2015,,1,,,,,,,,,,,,,,,,,,,,,,,,,,,,,,,,,,,,
3848,18-11-2015,,,1,,,,,,,,,,,,,,,,,,,,,,,,,,,,,,,,,,,
3849,18-02-2014,,,,,,,,,,,,,,,,,,,,,,,,,,,1,,,,,,,,,,,
3849,2002-07-14,,,,,,,,,,,,,,,,,,,,,,,,,,,1,,,,,,,,,,,
3849,2006-01-14,1,,,,,,,,,,,,,,,,,,,,,,,,,,,,,,,,,,,,,
3849,2009-10-14,,,,,,,,,,,,,,,,,,,,,,,1,,,,,,,,,,,,,,,
3850,14-06-2014,,,,,,,,,,,,,,,,,,,,,,,,,,,,,,,,,,,,1,,
3850,2003-09-15,,,,,,,,,,,,,,,,,,,,,,1,,,,,,,,,,,,,,,,
3850,2007-01-14,,,,,,,,1,,,,,,,,,,,,,,,,,,,,,,,,,,,,,,
3851,2010-05-15,1,,,,,,,,,,,,,,,,,,,,,,,,,,,,,,,,,,,,,
3852,2001-04-15,,,,,,,,,,,,,,1,,,,,,,,,,,,,,,,,,,,,,,,
3852,31-08-2014,,,,,,1,,,,,,,,,,,,,,,,,,,,,,,,,,,,,,,,
3853,2004-07-15,,,,,,,,,,,,,,,,,,1,,,,,,,,,,,,,,,,,,,,
3854,19-03-2015,,,,,,,,,,,,,,1,,,,,,,,,,,,,,,,,,,,,,,,
3854,26-06-2014,1,,,,,,,,,,,,,,,,,,,,,,,,,,,,,,,,,,,,,
3854,27-12-2014,,,,,,,,,,,,,,,,,,,,,,1,,,,,,,,,,,,,,,,
3855,15-07-2014,,,,,,1,,,,,,,,,,,,,,,,,,,,,,,,,,,,,,,,
3855,18-06-2015,,,,,,,,,,,,,,,,,,,,1,,,,,,,,,,,,,,,,,,
3855,2002-12-15,,,,1,,,,,,,,,,,,,,,,,,,,,,,,,,,,,,,,,,
3855,2009-03-15,,,1,,,,,,,,,,,,,,,,,,,,,,,,,,,,,,,,,,,
3855,2011-01-14,,,,,,,,,,,,,,,,,,,,,,1,,,,,,,,,,,,,,,,
3855,30-04-2015,,,,,,,,,,,,,,,,,,,,,,,1,,,,,,,,,,,,,,,
3856,2002-04-15,1,,,,,,,,,,,,,,,,,,,,,,,,,,,,,,,,,,,,,
3856,2006-03-15,,,,,,,,,,,,,,,,,,,,,,,,,,,,,,,,,,,,,,
3856,22-03-2015,,,,,,,,,,,,,,,,,,,,,,,,,,,,,,,,,,,,,,
3857,2001-10-15,,,,,,,,,,,1,,,,,,,,,,,,,,,,,,,,,,,,,,,
3857,2004-11-15,,,,,,1,,,,,,,,,,,,,,,,,,,,,,,,,,,,,,,,
3857,30-12-2014,,,,,,,,,,,,,,,,,,,,,,,,,,,,,,,,,,,,,,
3858,27-03-2015,,,,,,,,1,,,,,,,,,,,,,,,,,,,,,,,,,,,,,,
3860,2005-05-15,1,,,,,,,,,,,,,,,,,,,,,,,,,,,,,,,,,,,1,,
3860,2006-10-14,,,,,,,,1,,,,,,,,,,,,,,,,,,,,,,,,,,,,,,
3861,18-03-2014,,,,,,,1,,,,,,,,,,,,,,,,,,,,,,,,,,,,,,,
3861,2007-07-15,,,,,,,,1,,,,,,,,,,,,,,,,,1,,,,,,,,,,,,,
3862,18-11-2015,,,,,,,,,,,,,,,,,,,,,,,,,,,,,,,,,,,1,,,
3862,2003-04-14,,,,,,,,,,,,,,,,,,,,,,,,,,,,,,,,,,,,,,
3863,13-06-2015,,,,,,,,,,,,,,,,,,,,,,,,,,,,,1,,,,,,,,,
3863,19-07-2014,,,,,,,,,,,,,,1,,,,,,,,,,,,,,,,,,,,,,,,
3863,2010-03-14,,,,,,,,,,,,,,,,,,,,,,,,,,,,,,,,,,,,,,
3864,2001-05-14,,,,,,1,,,,,,,,,,,,,,,,,,,,,,,,,,,,,,,,
3864,2012-12-15,,,,,,,1,,,,,,,,,,,,,,,,,,,,,,,,,,,,,,,
3864,26-03-2014,,,,,,,,,,,1,,,,,,,,,,,,,,,,,,,,,,,,,,,
3864,26-08-2015,,,,,,,,,,,1,,,,,,,,,,,,,,,,,,,,,,,,,,,
3864,29-10-2014,,,,,,,,,,,,,,,,,,,,,,,1,,,,,,,,,,,,,,,
3864,30-12-2014,,,,,,1,,,,,,,,,,,,,,,,,,,,,,,,,,,,,,,,
3866,2007-07-15,,,,,,,,,,,,,,,,,,,,,,,,,,,,,,,,,,1,,,,
3866,21-04-2015,,,,,1,,,,,,,,,,,,,,,,,,,,,,,,,,,,,,,,,
3867,2007-09-15,,,,,,,,,,,,,,,,,,,,,,,,,,,,,1,,,,,,,,,
3867,2010-08-14,,,,,,,,,,1,,,,,,,,,,,,,,,,,,,,,,,,,,,,
3867,24-07-2014,,,,,,,,,,,,,1,,,,,,,,,,,,,,,,,,,,,,,,,
3868,19-08-2015,,1,,,,,,,,,,,,,,,,,,,,,,,,,,,,,,,,,,,,
3868,22-01-2015,,,1,,,,,,,,,,,,,,,,,,,,,,,,,,,,,,,,,,,
3869,2001-08-15,,,,,,,,,,,,,,,,,,,,,,,,,,,,,,,,,,,,,,
3869,24-05-2014,,,,,,,,,,,,,,,,,,,,,,,,,,,,,,,,,,,1,,,
3870,21-02-2015,,,,,,,,,,,,,,,,,,,1,,,,,,,,,,,,,,,,,,,
3870,21-03-2015,,,,,1,,,,,,,,,,,,,,,,,,,,,,,,,,,,,,,,,
3871,16-08-2014,1,,,,,,,,,,,,,,,,,,,,,,,,,,,,,,,,,,,,,
3871,2005-10-14,,,,,,,,1,,,,,,,,,,,,,,,,,,,,,,,,,,,,,,
3872,2003-11-15,,1,,,,,,,,,,,,1,,,,,,,,,,,,,,,,,,,,,,,,
3872,2004-04-14,,,,,,,,,,,,,,,,,,,1,,,,,,,,,,,,,,,,,,,
3872,2007-02-15,1,,,,,,,,,,,,,,,,,,,,,,,,,,,,,,,,,,,,,
3872,2007-08-15,,,,,,,,,,,,,,,,,,,,,,,1,,,,,,,,,,,,,,,
3872,22-01-2015,,,,,,,,,,,,,,,,,,,,,,,,,,,,,,,,,,,,,,
3872,23-11-2015,,1,,,,,,,,,,,,,,,,,,,,,,,,,,,,,,,,,,,,
3872,28-03-2015,,,,,,,,,,,,,,,,,,,,,,,,1,,,,,,,,,,,,,,
3872,28-07-2014,,,,,1,,,,,,,,,,,,,,,,,,,,,,,,,,,,,,,,,
3876,2003-10-15,,,,,,1,,,,,,,,,,,,,,,,,,,,,,,,,,,,,,,,
3876,2010-12-14,,,,,,,,,,,,,,,,,,,,,1,,,,,,,,,,,,,,,,,
3877,17-09-2015,,,,,,,1,,,,,,,,,,,,,,,,,,,,,,,,,,,,,,,
3877,20-06-2014,,,,,,,,,,,,,,,,,,1,,,,,,,,,,,,,,,,,,,,
3877,2011-01-15,,,,,,,,,,,,,,,,,,,,,,,1,,,,,,,,,,,,,,,
3877,27-05-2015,,,1,,,,,,,,,,,,,,,,,,,,,,,,,,,,,,,,,,,
3877,27-06-2014,1,,,,,,,,,,,,,,,,,,,,,,,,,,,,,,,,,,,,,
3878,24-07-2015,,,,,,,,,,,,,,1,,,,,,,,,,,,,,,,,,,,,,,,
3878,30-04-2015,,,,,,,1,,,,,,,,,,,,,,,,,,,,,,,,,,,,,,,
3879,14-10-2014,,,1,,,,,,,,,,,,,,,,,,,,,,,,,,,,,,,,,,,
3879,2003-12-14,,,,,,,,,,,,,,,,,,,,,,,,,,,,,,,,,,,,,,
3879,2003-12-15,,,1,,,,,,,,,1,,,,,,,,,,,,,,,,,,,,,,,,,,
3879,25-06-2015,,,1,,,,,,,,,,,,,,,,,,,,,,,,,,,,,,,,,,,
3881,16-12-2014,,,,,,,,,,,,,,,,,,,,,,,,,,,,,,,,,,,,1,,
3881,20-04-2014,1,,,,,,,,,,,,,,,,,,,,,,,,,,,,,,,,,,,,,
3881,2002-04-15,,,,,,,,,,1,,,,,,,,,,,,,,,,,,,,,,,,,,,,
3882,18-07-2014,,1,,,,,,,,,,,,,,,,,,,,,,,,,,,,,,,,,,,,
3882,23-04-2015,1,,,,,,,,,,,,,,,,,,,,,,,,,,,,,,,,,,,,,
3883,2005-10-15,,,,,,,,,,,,,,1,,,,,,,,,,,,,,,,,,,,,,,,
3884,2007-04-15,,,,,,,,,,,,,,1,,,,,,,,,,,,,,,,,,,,,,,,
3884,2012-10-14,,1,,,,,,,,,,,,,,,,,,,,,,,,,,,,,,,,,,,,
3885,13-04-2015,,,,,,,,,,,,,,,,,,,,,,,,,,,,,,,,,,1,,,,
3886,2001-04-15,,,,,,,,,,,,,,,,,,,,,,,,,,,,,,,,,,,,,,
3886,2011-09-15,,,,,,,,,,,,,,,,,,,,,,,,,,,,,,,,,,,,,,
3887,24-09-2014,,,,,,,,,,,,,,,,,,,,,,,1,,,,,,,,,,,,,,,
3888,13-12-2015,,,,,,,,,,,,,,,,,,,,,,,,,,,,,,,,,,,,,,
3888,16-10-2014,,,,,,,,,,,,,,,,,,,,,,,1,,,,,,,,,,,,,,,
3889,22-11-2014,,,1,,,,,,,,,,,,,,,,,,,,,,,,,,,,,,,,,,,
3889,23-12-2014,,,,,,1,,,,,,,,,,,,,,,,,,,,,,,,,,,,,,,,
3890,20-01-2014,,,,,,,,,,,,,,,,,,,,,,,,,,,,,,,,,,,1,,,
3890,2011-01-15,,,,,,,,,,,,,,,,,,,,,,,,,,,,,,,,,,,,,,
3890,26-10-2015,,,,,1,,,,,,,,,,,,,,,,,,,,,,,,,,,,,,,,,
3891,13-09-2014,,,,,,,,,,1,,,,,,,,,,,,,,,,,,,,,,,,,,,,
3891,2003-07-15,,,,,,,,1,,,,,,,,,,,,,,,,,,,,,,,,,,,,,,
3891,22-11-2015,,,,,,,,,,,,,,,,,,,,,,,,,,,,,1,,,,,,,,,
3892,2007-04-14,,,,,,,,,,,,,,,,,,,,,,,,,,,,,,,,,,,1,,,
3893,15-04-2015,,,,,1,,,,,,,,,,,,,,,,,,,,,,,,,,,,,,,,,
3893,19-05-2014,,,,,,,1,,,,,,,,,,,,,,,,,,,,,,,,,,,,,,,
3893,2008-01-14,,,,,,,,,,,,,,,,,1,,,,,,,,,,,,,,,,,,,,,
3893,2009-10-14,,,,,,,,,,,,,,,,,,,,,,,,,,,,,,,,,,,,,,
3894,13-12-2015,,,,,1,,,,,,,,,,,,,,,,,,,,,,,,,,,,,,,,,
3894,25-01-2015,,,,,,,,,,,,,,,,,,1,,,,,,,,,,,,,,,,,,,,
3895,14-06-2014,,,,,,,,,,,,,,,,,,,,1,,,,,,,,,,,,,,,,,,
3895,17-02-2014,,,,,,1,,,,,,,,,,,,,,,,,,,,,,,,,,,,,,,,
3896,2002-04-14,,,,,,,1,,,,,,,,,,,,,,,,,,,,,,,,,,,,,,,
3896,2006-04-14,,,,,,,,,,,,,,,,,,,,,,,,,,,,,,,,,1,,,,,
3896,2010-09-15,,,,,,,,,,,,,,,,,,,,,,,,,,,,,,,,,,,,,,
3896,2011-07-14,,,,,,,,,,,,,,,,,,,,,,,,,,,,,,,,,,,1,,,
3897,2001-02-15,,,,,,,,,,,,,,,,,,,,,,,,,,,,,,,,,,,,,,
3897,2004-11-14,,,,,,,,,,,,,,,,,,,,,,,,,,,,,1,,,,,,,,,
3897,2009-12-14,,,,,,,,,,,1,,,,,,,,,,,,,,,,,,,,,,,,,,,
3897,23-08-2015,,,,,,1,,,,,,,,,,,,,,,,,,,,,,,,,,,,,,,,
3897,31-05-2015,,,,,,,,,,,,1,,,,,,,,,,,,,,,,,,,,,,,,,,
3898,2010-11-14,,,,,,,,,,,,1,,,,,,,,,,,,,,,,,,,,,,,,,,
3898,21-08-2015,,,1,,,,,,,,,,,,,,,,,,,,,,,,,,,,,,,,,,,
3899,22-04-2014,,,,,,,,,,,,,,,,1,,,,,,,,,,,,,,,,,,,,,,
3899,22-04-2015,1,,,,,,,1,,,,,,,,,,,,1,,,,,,,,,,,,,,,,,,
3899,23-03-2015,,,,,,1,,,,,,,,,,,,,,,,,,,,,,,,,,,,,,,,
3899,24-12-2015,,,,,,,,,,,1,,,,,,,,,,,,,,,,,,,,,,,,,,,
3899,27-01-2014,,,,,,,,,,,,,,,,,,,,,,,,,,,,,,,,,,,,,,
3900,20-12-2015,,,1,,,,,,,,,,,,,,,,,,,,,,,,,,,,,,,,,,,
3900,2005-08-14,,,,,,1,,,,,,,,,,,,,,,,,,,,,,,,,,,,,,,,
3900,2007-07-15,,,,,,,,,,,,,,,,,,,,,,,,,,,,,,,,,,,,,,
3901,30-11-2014,,,,,,,,,,,,,,,,,,,,1,,,,,,,,,,,,,,,,,,
3902,27-10-2014,,,,,,,,1,,,,,,,,,,,,,,,,,,,,,,,,,,,,,,
3903,16-04-2014,,,,1,,,,,,,,,,,,,,,,,,,,,,,,,,,,,,,,,,
3903,2006-02-15,,,,,,1,,,,,,,,,,,,,,,,,,,,,,,,,,,,,,,,
3903,2006-10-15,,,,,,,,,,,,,,1,,,,,,,,,,,,,,,,,,,,,,,,
3903,23-04-2014,,,,,,,,1,,,,,,,,,,,,,,,,,,,,,,,,,,,,,,
3904,2011-05-15,,,,,,,,,,,,,,,,,,,,,,,,,,,,,,,,,,,,,,
3904,30-01-2015,,,,,,,,,,,,,,1,,,,,,,,,,,,,,,,,,,,,,,,
3905,19-06-2015,,,,,,,,,,,,,,,,,,,,,,,,,,,1,,,,,,,,,,,
3905,2004-04-14,,,,,,,,,,,,,,,,,,,,,1,,,,,,,,,,,,,,,,,
3905,25-01-2014,,,,,,,,,,,,,,,,,,1,,,,,,,,,,,,,,,,,,,,
3906,16-06-2015,,,,,,,1,,,,,,,,,,,,,,,,,,,,,,,,,,,,,,,
3906,30-10-2014,,,,,,,,,,,,,,1,,,,,,,,,,,,,,,,,,,,,,,,
3907,25-10-2015,,,,,,1,,,,,,,,,,,,,,,,,,,,,,,,,,,,,,,,
3908,2010-07-15,,,,,,,,,,,,,,,,,,,,,,,,,,,,,,,,,,,,,,
3909,13-08-2014,,,,,1,,,,,,,,,,,,,,,,,,,,,,,,,,,,,,,,,
3909,16-09-2014,,,1,,,,,,,,,,,,,,,,,,,,,,,,,,,,,,,,,,,
3909,2009-02-15,,,1,,,,,,,,,,,,,,,,,,,,,,,,,,,,,,,,,,,
3910,18-12-2015,,,,,,,,1,,,,,,,,,,,,,,,,,,,,,,,,,,,,,,
3910,28-02-2015,,,,,,,,,,,,,,,,,,,,,,,,,,,,,,,,,,,,,,
3910,30-12-2014,,,,,,,,,,,,,,,,,,,,,,,,,,,,,,,,,,,1,,,
3911,2001-08-14,,,,,,1,,,,,,,,,,,,,,,,,,,,,,,,,,,,,,,,
3911,30-07-2015,,,,,,,,,,,,,,,,,,,,,,,,,,,,,,,,,,,,,,
3912,2006-01-15,,,,,,,,,,,,,,,,,,,,,,,,,,,1,,,,,,,,,,,
3912,2008-11-14,,,,,,,,,,,,,,,,,,,,,,,,,,,,,,,,,,,,,,
3913,2006-05-14,,,,,,1,,,,,,,,,,,,,,,,,,,,,,,,,,,,,,,,
3914,28-11-2014,,,,,,,,,,,,,,,,,,,,,,,,,,,,,,,,1,,,,,,
3915,14-04-2014,,,,,,,,,,,,,1,,,,,,,,,,,,,,,,,,,,,,,,,
3915,2005-03-15,,,1,,,,,,,,,,,,,,,,,,,,1,,,,,,,,,,,,,,,
3915,2005-12-14,,,,,,,1,,,,,,,,,,,,,,,,,,,,,,,,,,,,,,,
3915,2011-06-14,,,,,,1,,,,,,,,,,,,,,,,,,,,,,,,,,,,,,,,
3915,2011-09-15,1,,,,,,,1,,,,,,,,,,,,,,,,,,,,,,,,,,,,,,
3915,21-05-2015,,,,,,,,,,,,,,,,,,,,,,,,,,,,,,1,,,,,,,,
3915,24-09-2014,,,,,,1,,,,,,,,,,,,,,,,,,,,,,,,,,,,,,,,
3916,2004-10-15,1,,,,,,,,,,,,,,,,,,,,,,,,,,,,,,,,,,,,,
3917,13-09-2015,,,,,,,,,1,,,,,,,,,,,,,,,,,,,,,,,,,,,,,
3917,14-02-2014,,,,,,,,,,,,,,,,,,,,,,,,,,,,,,,,,,,,,,
3917,30-05-2014,,,,,,,1,,,,,,,,,,,,,,,,,,,,,,,,,,,,,,,
3918,14-12-2014,,,,1,,,,,,,,,,,,,,,,,,,,,,,,,,,,,,,,,,
3918,2004-05-14,,,,,,,,,,,,,,,,,1,,,,,,,,,,,,,,,,,,,,,
3918,2006-12-14,,,1,,,,,,,,,,,,,,,,,,,,,,,,,,,,,,,,,,,
3918,2010-08-14,,,,,,,,1,,,,,,,,,,,,,,,,,,,,,,,,,,,,,,
3918,22-06-2015,,,,,,,,,1,,,,,,,,,,,,,,,,,,,,,,,,,,,,,
3919,15-02-2014,,,,,,,,,,,,,,,,,,,,,,,,,,,1,,,,,,,,,,,
3919,2007-10-15,,,,,,,,,1,,,,,,,,,,,,,,,,,,,,,,,,,,,,,
3919,2009-02-15,,,,,,,,,,,,,,,,,,,,1,,,,,,,,,,,,,,,,,,
3920,17-02-2014,,,,,,,,,,,,,,,,,,,,,,,,,,,,,,,,,,,,,,
3921,16-06-2014,,,,,,,,,,1,,,,,,,,,,,,,,,,,,,,,,,,,,,,
3921,18-06-2014,,,,,,,,1,,,,,,,,,,,,,,,,,,,,,,,,,,,,,,
3921,2006-11-14,,,,,,,,1,,,,,,,,,,,,,,,,,,,,,,,,,,,,,,
3922,2001-04-15,,1,,,,,,,,,,,,1,,,,,,,,,,,,,,,,,,,,,,,,
3922,24-06-2015,1,,,,,,,,,,,,,,,,,,,,,,,,,,,,,,,,,,,,,
3922,27-02-2015,,,,,,,,,,,,,,,,,,,,,,,,,1,,,,,,,,,,,,,
3922,28-08-2015,,,,,,,,,,,,,,1,,,,,1,,,,,,,,,,,,,,,,,,,
3922,29-05-2014,,,,,,,,,,,,,,,,,,,,,,,,,,,,,,,,,,,,,,
3923,28-06-2014,,,,,,,,,,,,,,,,,,,,,,,,,,,,,,,,1,,,,,,
3924,2007-02-15,,,,,1,,,,,,,,,,,,,,,,,,1,,,,,,,,,,,,,,,
3924,2012-01-14,,,,,,,,,,,,1,,,,,,,,,,,,,,,,,,,,,,,,,,
3924,29-10-2015,,,,,,,,,,,,,,,,,,,,,1,,,,,,,,,,,,,,,,,
3925,25-03-2015,,1,,,,,,,,,,,,,,,,,,,,,,,,,,,,,,,,,,,,
3926,2007-06-15,,,,,,,,,,,,,,,,,,,,,,,,,,,,,,,,,,,,,,
3926,22-02-2014,,,,,,,,,,,,,,,,,1,,,,,,,,,,,,,,,,,,,,,
3926,23-03-2015,,,,,,,,,,,,,,,,,,,1,,,,,,,,,,,,,,,,,,,
3926,30-06-2015,,,,,,,,,1,,,,,,,,,,,,,,,,,,,,,,,,,,,,,
3927,2003-09-15,,,1,,,,,,,,,,,,,,,,,,,,,,,,,,,,,,,,,,,
3927,2009-12-15,,,,,,,,,,,1,,,,,,,,,,,,,,,,,,,,,,,,,,,
3927,26-09-2014,,,,,,,,,1,,,,,,,,,,,,,,,,,,,,,,,,,,,,,
3928,18-07-2015,,,,,,,,,,,,,,,,,,,,,,,,,,,,,,,,,,,,,,
3928,2007-08-14,,,,,,,,,,,,,,1,,,,,,,,,,,,,,,,,,,,,,,,
3928,26-09-2015,1,,,,,,,,,,,,,,,,,,,,,,,,,,,,,,,,,,,,,
3929,2006-11-15,,,,,,,,,,,,,,,,,,,,,,,1,,,,,,,,,,,,,,,
3929,28-04-2015,,,,,1,,,,,,,,,,,,,,,,,,,,,,,,,,,,,,,,,
3930,2012-07-15,,,,,,,,,,,,,,1,,,,,,,,,,,,,,,,,,,,,,,,
3930,31-05-2014,,,1,,,,,,,,,,,,,,,,,,,,,,,,,,,,,,,,,,,
3931,2008-03-15,,,,,,,,,,,,,,,,,,,,,,,,,,,,,,,,,,,,,,
3931,2009-10-14,,,1,,,,,,,,,,,,,,,,,,,,,,,,,,,,,,,,,,,
3934,2001-05-15,1,,,,,,,,,,,,,,,,,,,,,,,,,,,,,,,1,,,,,,
3934,27-03-2015,1,,,,,,,,,,,,,,,,,,,,,,,,,,,,,,,,,,,,,
3935,2002-07-15,,,,,,,,,,,,,,,,,,,,,,,,,,,,,,,,,,,,,,
3935,2012-04-14,,,,,,,,,,,,,,,,,,,1,,,,,,,,,,,,,,,,,,,
3936,27-06-2014,,,,,,1,,,,,,,,,,,,,,,,,,,,,,,,,,,,,,,,
3937,19-11-2015,,,1,,,,,,,,,,,,,,,,,,,,,,,,,,,,,,,,,,,
3937,2002-10-14,,,,,,,,1,,,,,,,,,,,,,,,,,,,,,,,,,,,,,,
3938,16-08-2014,,,,,,1,,,,,,,,,,,,,,,,,,,,,,,,,,,,,,,,
3938,18-05-2015,1,,,,,,,,,,,,,,,,,,,,,,,,,,,,,,,,,,,,,
3938,2011-10-14,,,,,,,,,,,,,,1,,,,,,,,,,,,,,,,,,,,,,,,
3938,23-04-2014,,,,,,,,,,1,,,,,,,,,,,,,,,,,,,,,,,,,,,,
3938,26-05-2015,,,,,,,,,,,,,,,,,,,,,,,,,,,1,,,,,,,,,,,
3939,2010-02-15,,,,,,,,,,,,,,,,,,,,1,,,,,,,,,,,,,,,,,,
3939,25-09-2014,,,,,,,1,,,,,,,,,,,,,,,,,,,,,,,,,,,,,,,
3940,16-01-2015,,1,,,,,,,,,,,,,,,,,,,,,,,,,,,,,,,,,,,,
3940,2009-03-15,,,,,,,,,,,1,,,,,,,,,,,,,,,,,,,,,,,,,,,
3941,2010-11-14,,,,,,,,,,,,,,,,,,,,,,,,,,,1,,,,,,,,,,,
3942,16-12-2014,,,,,,,,,,,,1,,,,,,,,,,,,,,,,,,,,,,,,,,
3942,2001-01-14,,,,,,1,,,,,,,,,,,,,,,,,,,,,,,,,,,,,,,,
3942,2004-04-15,1,,,,,,,,,,,,,,,,,,,,,,,,,,,,,,,,,,,,,
3942,2010-11-15,,,,,,1,,,,,,,,,,,,,,,,,,,,,,,,,,,,,,,,
3946,13-02-2015,,,,,,,,,,,,,,,,,,,,,,,,,,,,,,,,,,,1,,,
3946,19-04-2014,1,,,,,,,,,,,,,,,,,,,,,,,,,,,,,,,,,,,,,
3946,19-11-2015,,,,,1,,,,,,,,,,,,,,,,,,,,,,,,,,,,,,,,,
3947,13-05-2014,,,,,,,1,,,,,,,,,,,,,,,,,,,,,,,,,,,,,,,
3947,16-04-2015,,,,,,,,1,,,,,,,,,,,,,,,,,,,,,,,,,,,,,,
3948,15-06-2015,,,,,,,,1,,,,,,,,,,,,,,,,,,,,,,,,,,,,,,
3948,2010-04-14,,,,,,,,,,,,,,,,,,,,,,,,,,,,,,,,,,,,,,
3949,2001-04-15,,,,,,1,,,,,,,,,,,,,,,,,,,,,,,,,,,,,,,,
3950,2001-10-15,,,,,,,,,,,,,,,,1,,,,,,,,,,,,,,,,,,,,,,
3950,2005-12-15,,,,,,,,,,,,,,,,,,,,,,,,,,,,,,,,,,1,,,,
3950,2012-05-15,,,,,,,,,,1,,,,,,,,,1,,,,,,,,,,,,,,,,,,,
3952,2004-11-14,,1,,,,,,,,,,,,,,,,,,,,,,,,,,,,,,,,,,,,
3952,27-07-2014,,,,,,1,,,,,,,,,,,,,,,,,,,,,,,,,,,,,,,,
3952,30-10-2015,,,,,,,,,,,,,,,,,,,,,,,,,,,,,,,,,,,,,,
3953,13-05-2015,,,,,,,,,,,,,,,,,,,,,,,,,,,,,,,,,,,,,,
3953,19-05-2014,,,,,,,,,,,,,,,,,,,,,,,,,,,,,,,,,,,,,,
3953,2010-01-15,,,,,,,,,,,,,,,,,,,,,,,1,,,,,,,,,,,,,,,
3954,21-01-2015,,1,,,,,,,,,,,,,,,,,,,,,,,,,,,,,,,,,,,,
3955,23-11-2015,,,,,,,,,1,,,,,,,,,,,,,,,,,,,,,,,,,,,,,
3955,28-08-2015,,,,,,,,,,,,,,,,,,,,,,,,,,,,,,,,,,,,,,
3956,15-08-2014,,,,,,,,,,,,,,,,,,,,,,,,,,,,,,,,,,,,,,
3956,20-05-2014,,,,,,,,,,,,1,,,,,,,,,,,,,,,,,,,,,,,,,,
3956,2001-01-14,,,,,,,,,,,,,,,,,,,1,,,,,,,,,,,,,,,,,,,
3956,26-10-2014,,,,,,,,,,,,,,,,,,,,,1,,,,,,,,,,,,,,,,,
3957,15-02-2015,1,,,,,,,,,,,,,,,,,,,,,,,,,,,,,,,,,,,,,
3957,15-05-2015,,1,,,,,,,,,,,,,,,,,,,1,,,,,,,,,,,,,,,,,
3957,20-07-2014,,,1,,,,,,,,,,,,,,,,,,,,,,,,,,,,,,,,,,,
3957,2003-10-14,,,,,,,,1,,,,,,,,,,,,,,,,,,,,,,,,,,,,,,
3957,29-07-2014,,,,,,,,,,1,,,,,,,,,,,,,,,,,,,,,,,,,,,,
3958,2004-03-15,,,,,,,,,,,,,,1,,,,,,,,,,,,,,,,,,,,,,,,
3958,2004-11-15,,,,,,,,,,,,,,,,,,,,,,,,,,,,,,,,,,,,,,
3958,27-10-2015,,,,,,,,,,,,,,,,,,,,1,,,,,,,,,,,,,,,,,,
3959,2005-07-14,,,,,,,,,,,,1,,,,,,,,,,,,,,,,,,,,,,,,,,
3959,2005-10-15,,,1,,,,,,,,,,,,,,,,,,,,,,,,,,,,,,,,,,,
3959,2012-04-15,,,,,,,,,,,,,,,,1,,,,,,,,,,,,,,,,,,,,,,
3959,27-05-2015,,,,,,,1,,,,,,,,,,,,,,,,,,,,,,,,,,,,,,,
3960,14-05-2014,,,,,,,,,,,,,,,,,,,,1,,,,,,,,,,,,,,,,,,
3960,15-02-2014,,,,,1,,,,,,,,,,,,,,,,,,,,,,,,,,,,,,,,,
3960,21-10-2015,,,,,,,,,,,,,,,,,,,,,,,1,,,,,,,,,,,,,,,
3960,25-03-2015,,,1,,,,,,,,,,,,,,,,,,,,,,,,,,,,,,,,,,,
3961,18-12-2014,,,1,,,,,,,,,,,,,,,,,,,,,,,,,,,,,,,,,,,
3961,2005-03-15,,,,,,,,,,,,,,,,,,,,,,,,,,,,,,,,,,,,,,
3961,23-06-2014,,,,1,,,,,,,,,,,,,,,,,,,,,,,,,,,,,,,,,,
3961,24-12-2015,,,,,,,,,,,,,,,,,,,1,,,,,,,,,,,,,,,,,,,
3962,13-12-2014,,,,,,,,,,,,,,,,1,,,,,,,,,,,,,,,,,,,,,,
3962,15-11-2014,,,,,,,,1,,,,,,,,,,,,,,,,,,,,,,,,,,,,,,
3962,18-09-2015,,,1,,,,,,,,,1,,,,,,,,,,,,,,,,,,,,,,,,,,
3962,20-09-2015,,,,,,,,,,,,,,,,,,,,,,,,,,,,,,,,,,,,,,
3962,28-05-2015,,,,,,,,,,,,,,,,,,,,,,,1,,,,,,,,,,,,,,,
3963,17-09-2015,1,,,,,,,,,,,,,,,,,,,,,,,,,,,,,,,,,,,,,
3963,21-02-2015,,,,,,1,,,,,,,,,,,,,,,,,,,,,,,,,,,,,,,,
3963,21-09-2014,,,,,,,,,,,,,,1,,,,,,,,,,,,,,,,,,,,,,,,
3963,26-01-2015,,,,,,,,,,,,,,,,,,,,,,,,,,,,,,,,,,,,,,
3964,2011-03-14,,,,,1,,,,,,,,,,,,,,,,,,,,,,,,,,,,,,,,,
3965,30-12-2014,,,1,,,,,,,,,,,,,,,,,,,,,,,,,,,,,,,,,,,
3966,19-06-2014,,,,,1,,,,,,,,,,,,,,,,,,,,,,,,,,,,,,,,,
3966,2007-01-14,1,,,,,,,,,,,,,,,,,,,,,,,,,,,,,,,,,,,,,
3966,2007-04-14,,,,,1,,,,,,,,,,,,,,,,,,,,,,,,,,,,,,,,,
3966,2011-01-15,,,1,,,,,,,,,,,,,,,,,,,,,,,,,,,,,,,,,,,
3967,20-02-2014,,,,,,1,,,,,,,,,,,,,,,,,,,,,,,,,,,,,,,,
3967,2007-03-14,,,,,,,,,,,,,,,,,,,,,,,,,,,,,,,,,,1,,,,
3967,2010-10-14,,,,,1,,,,,,,,,,,,,,,,,,,,,,,,,,,,,,,,,
3967,21-01-2015,,,,1,,,,,,,,,,,,,,,,,,,,,,,,,,,,,,,,,,
3967,23-11-2015,1,,,,,,,,,,,,,,,,,,,,,,,,,,,,,,,,,,,,,
3968,2012-11-15,,,,,,,,,,,,,,,,,,,,,,,,,1,,,,,,,,,,,,,
3969,2005-03-15,,,,,1,,,,,,,,,,,,,,,,,,,,,,,,,,,,,,,,,
3969,2005-09-14,1,,,,,,,,,,,,,,,,,,,,,,,,,,,,,,,,,,,,,
3971,17-06-2015,,,1,,,,,,,,,,,,,,,,,,,,,,,,,,,,,,,,,,,
3971,30-12-2015,,,,,,,,,,,,,,,,,,,,,,,,,,,,,1,,,,,,,,,
3972,14-08-2014,,,,,,,1,,,,,,,,,,,,,,,,,,,,,,,,,,,,,,,
3973,2002-09-15,,,,,,,1,,,,,,,,,,,,,,,,,,,,,,,,,,,,,,,
3973,2010-06-15,,,,,,,,1,,,,,,,,,,,,,,,,,,,,,,,,,,,,,,
3973,27-07-2015,,,,,,,,,,,,,,,,,,,,1,,,,,,,,,,,,,,,,,,
3973,28-01-2015,,,,,1,,,,,,,,,,,,,,,,,,,,,,,,,,,,,,,,,
3973,28-06-2014,,,,,,1,,,,,,,,,,,,,,,,,,,,,,,,,,,,,,,,
3974,19-06-2015,,,,,,,,,,,,,,,,,,,,,,,,,,,,,,,,,,,,,,
3974,25-08-2014,1,,,,,,,,,,,,,,,,,,,,,,,,,,,,,,,,,,,,,
3975,27-02-2015,,,,,,,,,,,,1,,,,,,,,,,,,,,,,,,,,,,,,,,
3976,13-03-2014,,,,,,1,,,,,,,,,,,,,,,,,,,,,,,,,,,,,,,,
3976,20-09-2015,,,,,,,,,,1,,,,,,,,,,,,,,,,,,,,,,,,,,,,
3976,2005-08-14,,,1,,,,,,,,,,,,,,,,,,,,,,,,,,,,,,,,,,,
3976,2005-10-14,,,,,,1,,,,,,,,,,,,,,,,,,,,,,,,,,,,,,,,
3977,16-04-2015,1,,,,,,,,,,,,,,,,,,,,,,,,,,,,,,,,,,,,,
3977,2001-02-14,,,,,,,,,,,,,,,,,,,,,,,,,,,,,1,,,,,,,,,
3978,23-07-2015,,,,,,,,,,,,,,,,,,,,,,,,,,,,,,,,,,,,,,
3979,16-09-2015,,,,,,,,,,,,,,1,,,,,,,,,,,,,,,,,,,,,,,,
3980,16-09-2015,,,,,1,,,1,,,,,,,,,,,,,,,,,,,,,,,,,,,,,,
3980,2009-04-15,,,,,,,,,,,,,,,,,,,1,,,,,,,,,,,,,,,,,,,
3980,31-05-2014,,,,,,,1,,,,,,,,,,,,,,,,,,,,,,,,,,,,,,,
3981,2002-10-15,,,,,,,,,,,,,,,,,,,,,1,,,,,,,,,,,,,,,,,
3982,25-07-2015,,,,,,,,,,,,,,,,,,,,,,,,,,,,,,,,,,,,,,
3982,28-01-2015,,,,,,,,,,,,,,,,,,,,,,,,,,,,,,,,,,,,,,
3982,29-09-2015,,,,,1,,,,,,,,,,,,,,,,,,,,,,,,,,,,,,,,,
3983,20-07-2015,,,,,,,,,,1,,,,,,,,,,,,,,,,,,,,,,,,,,,,
3983,2009-09-15,,,,,,,,,,,,,,,,,,,,,,,,,,,,,,,,,,1,,,,
3984,2002-09-14,,,,,,1,,,,,,,,,,,,,,,,,,,,,,,,,,,,,,,,
3985,20-01-2015,,,,,,,,,,,1,,,,,,,,,,,,,,,,,,,,,,,,,,,
3985,23-10-2015,1,,,,,,,,,,,,,,,,,,,,,,,,,,,,,,,,,,,,,1
3986,18-11-2015,,,,,,,,,,,,,,,,,,,1,,,,,,,,,,,,,,,,,,,
3986,23-07-2015,,,,,,,,,,,,,,,,,,,,,,1,,,,,,,,,,,,,,,,
3986,25-07-2015,,,1,,,,,,,,,,,,,,,,,1,,,,,,,,,,,,,,,,,,
3987,17-06-2015,,,,,,,,,,,,,,1,,,,,,,,,,,,,,,,,,,,,,,,
3987,18-06-2015,,,,,,,,,,,,,,,,,,,,,,,,,,,,,,,,,,,,,,
3987,19-08-2015,1,,,,,1,,,,,,,,,,,,,,,,,,,,,,,,,,,,,,,,
3989,18-10-2014,,,,,,,,,,1,,,,,,,,,,,,,,,,,,,,,,,,,,,,
3990,16-05-2014,,,,,,,,,,,,,,,,,1,,,,,,,,,,,,,,,,,,,,,
3993,18-02-2015,,,,,,,,1,,,,,,,,,,,,,,,,,,,,,,,,,,,,,,
3995,26-06-2015,,,,,,1,,,,,,,,,,,,,,,,,,,,,,,,,,,,,,,,
3996,27-11-2014,,1,,,,,,,,,,,,,,,,,,,,,,,,,,,,,,,,,,,,
3996,30-05-2014,1,,,,,,,,,,,,,,,,,,,,,,,,,,,,,,,,,,,,,
3997,2009-06-15,,,,,,,,,,,,,,,,,,,,,,,1,,,,,,,,,,,,,,,
3997,2012-10-15,,,,,,,,,,,,,,,,,,,,,,,1,,,,,,,,,,,,,,,
3997,22-11-2014,1,,,,,,,,,,,,,,,,,,,,,,,,,,,,,,,,,,,,,
3998,14-12-2015,,,,,,,,,,1,,,,,,,,,,,,,,,,,,,,,,,,,,,,
3998,2008-01-14,,,,,,,,,,,,,,,,,,,,,,,,,,1,,,,,,,,,,,,
3998,2010-09-14,,,,,1,,,,,,,,,,,,,,,,,,,,,,,,,,,,,,,,,
3998,23-01-2015,,,,,,1,,,,,,,,,,,,,,,,,,,,,,,,,,,,,,,,
3998,28-03-2015,,,,,,,,,,,,,,,,,,,1,,,,,,,,,,,,,,,,,,,
3999,15-11-2015,,,,,,,,,,,,,,,,,,,,,,,,,1,,,,,,,,,,,,,
3999,19-04-2015,,,,,,,,,,,,,,,,,,,1,,,,,,,,,,,,,,,,,,,
3999,19-05-2015,,,,,,,,,,,,,,,,,,,,,,,,,1,,,,,,,,,,,,,
3999,2006-02-15,1,,,,,,,,,,,,,,,,,,,,,,,,,,,,,,,,,,,,,
4001,2011-06-14,,,,,,,,,,,,,,,,,,,,,,,,,1,,,,,,,,,,,,,
4001,21-06-2015,,,1,,,,,,,,,,,,,,,,,,,,,,,,,,,,,,,,,,,
4001,30-03-2015,,,,1,,,,,,,,,,,,,,,,,,,,,,,,,,,,,,,,,,
4002,2003-09-15,,,1,,,,,,,,,,,,,,,,,,,,,,,,,,,,,,,,,,,
4002,2008-07-14,,,,,,,,,,,,,,,,,,,,1,,,,,,,,,,,,,,,,,,
4002,24-08-2014,,,,,,,,,,,,,,,,,,,,,,,1,,,,,,,,,,,,,,,
4002,30-04-2015,,,,,,,,,,,,,,,,,,,,,,,,,,,,,,,,,,,,,,
4003,21-11-2015,1,,,,,,,,,,,,,,,,,,,,,,,,,,,,,,,,,,,,,
4003,23-12-2015,,,,,,,,,,,,,,,,,,,,,,,1,,,,,,,,,,,,,,,
4004,19-04-2015,,,,,,,,,,,,,,,,,,,,,,1,,,,,,,,,,,,,,,,
4004,2010-05-15,,,1,,1,,,,,,,,,,,,,,,,,,,,,,,,,,,,,,,,,
4005,13-05-2014,,,,,,,,1,,,,,,,,,,,,,,,,,,,,,,,,,,,,,,
4006,14-06-2015,,,,,,,,,,,,,,,,,,,,,,,,,,,,,,,,,,,,,,
4006,18-12-2015,,,,,,,,,,,,,,,,,,,,,,1,,,,,,,,,,,,,,,,
4007,13-03-2015,,,1,,,,,,,,,,,,,,,,,,,,,,,,,,,,,,,,,,,
4007,23-12-2015,,,,,,,,,,,,,,1,,,,,,,,,,,,,,,,,,,,,,,,
4008,14-10-2014,,,,,,1,,,,,,,,,,,,,,,,,,,,,,,,,,,,,,,,
4008,18-12-2014,,,1,,,,,,,,,,,,,,,,,,,,,,,,,,,,,,,,,,,
4009,14-07-2015,1,,1,,,,,,,,,,,,,,,,,,,,,,,,,,,,,,,,,,,
4010,2011-08-14,,,,,,,,,,,,,,,,,,,1,,,,,,,,,,,,,,,,,,,
4010,29-12-2015,,,,,,,,1,,,,,,,,,,,,,,,1,,,,,,,,,,,,,,,
4012,16-05-2015,1,,,,,,,,,,,,,,,,1,,,,,,1,,,,,,,,,,,,,,,
4012,2004-04-15,,,,,,,,,,,,,,,,,,,,,,,,,,,,,,,1,,,,,,,
4013,18-03-2015,,,,,,,,,,,,,,,,,,,,,,,,,,,,,,,,,,,,,,
4013,21-07-2014,,,1,,,,,,,,,,,,,,,,,,,,,,,,,,,,,,,,,,,
4014,15-11-2015,,,,,,,,,,,,,,,,,,,,,,,,,,,,,,,,,,,,,,
4014,2001-02-14,,,,,,,,,,,,,,,,,,,,,,,,,,,,,,,,,,,,,,
4014,31-07-2014,,,,,,1,,,,,,,,,,,,,,,,,,,,,,,,,,,,,,,,
4015,18-12-2014,,,,,,,,,,,,1,,,,,,,,,,,,,,,,,,,,,,,,,,
4015,20-02-2015,,,,,,1,,,,,,,,,,,,,1,,,,,,,,,,,,,,,,,,,
4015,2010-01-15,,,,,,,,,,,,,,,,,,,,1,,,,,,,,,,,,,,,,,,
4015,2010-11-14,1,,,,,,,,,,,,,,,,,,,,,,,,,,,,,,,,,,,,,
4015,27-03-2015,,,,,,,,,,,,,,1,,,,,,,,,,,,,,,,,,,,,,,,
4016,21-04-2015,,,,,,,,,,,,,,,,,,,,,,,1,,,,,,,,,,,,,,,
4016,23-07-2014,,,,,,,,,,,,,,,,,,,,,,1,,,,,,,,,,,,,,,,
4017,13-08-2015,,,,,,,,,,,,,,,,,,,,,,,1,,,,,,,,,,,,,,,
4017,2011-10-15,,,,,,,,,,,,,,,,,,,,,,,,,,,,,,,,,,,,,,
4017,28-08-2014,,,,,,,,,,,,,,,,,,,,,,,,,,,,,,,,,,,,,,
4018,17-11-2015,,,,,,,,,,,,,,,,,,,1,,,,,,,,,,,,,,,,,,,
4018,27-09-2014,,,,,,,,,,,,,,,,,,,,,,,,,,,,,,,,,,,,,,
4018,28-02-2014,,,,,,,,,,,,,,,,,,,1,,,,,,,,,,,,,,,,,,,
4018,28-04-2015,,,,,,,,,,,,1,,,,,,,,,,,,,,,,,,,,,,,,,,
4019,2005-02-15,,,,,,,,,,,,,1,,,,,,,,,,,,,,,,,,,,,,,,,
4019,2006-08-15,,,,,,,,,,,,,,,,,,,,,,,1,,,,,,,,,,,,,,,
4019,24-07-2015,,,,,,,,1,,,,,,,,,,,,,,,,,,,,,,,,,,,,,,
4019,28-08-2015,1,,,,,,,,,,,,,,,,,,,,,,,,,,,,,,,,,,,,,
4019,31-10-2014,,,,,1,,,,,,,,,,,,,,,,,,,,,,,,,,,,,,,,,
4020,2011-04-15,,,,,,,,,,,,,,,,,,,1,,,,,,,,,,,,,,,,,,,
4021,2009-09-14,,,,,,,,,,,,,,,,,,,1,,,,,,,,,,,,,,,,,,,
4021,31-10-2014,,,,,,,,,,,,,,,,,,,1,,,,,,,,,,,,,,,,,,,
4022,24-04-2015,,,,,,,,,,1,,,,,,,,,,,,,,,,,,,,,,,,,,,,
4022,31-07-2015,,,,,,,,,,1,,,,,,,,,,,,,,,,,,,,,,,,,,,,
4023,21-01-2015,,,,,,,,,,,,,,,,,,,,,,,,,,1,,,,,,,,,,,,
4024,15-10-2014,,,,,,1,,,,,,,,,,,,,,,,,,,,,,,,,,,,,,,,
4024,16-10-2015,,,,,,,,,,,,,,,,,,,,,,,1,,,,,,,,,,,,,,,
4024,2011-03-15,,,,,,,,,,,,,,,,,,,,,,,,,,1,,,,,,,,,,,,
4024,30-03-2014,,,,,,,,,,,,,,,,1,,,,,,,,,,,,,,,,,,,,,,
4025,2003-05-14,,,,,,1,,,,,,,,,,,,,,,,,,,,,,,,,,,,,,,,
4025,2004-11-15,,,,,,,1,,,,,,,,,,,,1,,,,,,,,,,,,,,,,,,,
4025,2010-04-14,,,,,,,,,,,,,,,,,,,,,,,,,,,,,,,,,,,,,,
4025,27-04-2015,,,,,,1,,,,,,,,,,,,,,,,,,,,,,,,,,,,,,,,
4027,2012-05-15,,,,,,,,,,,,,,,,,,,,,,,,,,,,,,,,,,,,,,
4027,29-06-2015,,,,,,,,,1,,,,,,,,,,,,,,,,,,,,,,,,,,,,,
4028,2008-07-15,,,,,,1,,,,,,,,,,,,,,,,,,,,,,,,,,,,,,,,
4028,2010-10-14,,,,,,,,,,,,,,,,,,,,,,,,,,,,,,,1,,,,,,,
4028,2012-06-14,,,,,,,,,,,,,,,,,,,,,,1,,,,,,,,,,,,,,,,
4028,29-04-2014,,,1,,,,,,,,,,,,,,,,,,,,,,,,,,,,,,,,,,,
4029,27-10-2014,,,,,,,,,,,,,,,,,,,,,,,,,,,,,,,,,,,,,,
4030,20-05-2014,,,,,,,,,,,,,,,,,,,,,,,,,,,,,1,,,,,,,,,
4030,2004-07-15,,,,,,,,,,1,,,,,,,,,,,,,,,,,,,,,,,,,,,,
4030,22-12-2015,,,,,,,1,,,,,,,,,,,,,,,,,,,,1,,,,,,,,,,,
4030,29-05-2014,,,,1,,,,,,,,,,,,,,,,,,,,,,,,,,,,,,,,,,
4031,14-01-2015,,,,,1,,,,,,,,,,,,,,,,,,,,,,,,,,,,,,,,,
4031,18-10-2015,,,,,,,,,,,,,,,,,,,,,,,,,,,,,,,,,,,,,,
4032,18-07-2014,,,,,1,,,,,,,,,,,,,,,,,,,,,,,,,,,,,,,,,
4032,2010-08-15,,,,,,1,,,,,,,,,,,,,,,,,,,,,,,,,,,,,,,,
4033,25-02-2014,,,,,,,,,1,,,,,,,,,,,,,,,,,,,,,,,,,,,,,
4034,13-11-2015,1,,,,,,,,,,,,,,,,,,,,,,,,,,,,,,,,,,,,,
4034,29-08-2014,,,,,,,,,,,,,,1,,,,,,,,,,,,,,,,,,,,,,,,
4035,2003-08-15,,,,,,,,,,1,,,,,,,,,,,,,,,,,,,,,,,,,,,,
4035,2012-01-15,,,,,,,,,,,,,,,,,,,,,,,,,,,,,,,,,,,,,,
4035,26-07-2015,,,,,,,,,,,,,,,,,,,1,,,,,,,,,,,,,,,,,,,
4036,14-06-2014,,,,,,,,1,,,,,,,,,,,,,,,,,,,,,,,,,,,,,,
4036,2003-08-14,,,,,,,,,,,,,1,,,,,,,,,,,,,,,,,,,,,,,,,
4036,26-05-2015,,,,,,,1,,,,,,,,,,,,,,,,,,,,,,,,,,,,,,,
4037,2005-05-14,,1,,,,,,,,,,,,,,,,,,,,,,,,,,,,,,,,,,,,
4037,2009-05-15,,,,,,,,,,,,,,,,,,,,,,,,,,,,,,,,,,,,,,
4037,29-12-2015,,,,,,,,,,,,,,1,,,,,,,,,,,,,,,,,,,,,,,,
4038,2006-11-15,,,1,,1,,,,,,,,,,,,,,,,,,,,,,,,,,,,,,,,,
4038,2008-07-15,,,,,,,,,,,,,,1,,,,,,,,,,,,,,,,,,,,,,,,
4038,23-06-2014,,,,,,,,,,,,,,,,,,,1,,,,,,,,,,,,,,,,,,,
4039,19-01-2015,,,,,,,1,,,,,,,,,,,,,,,,,,,,,,,,,,,,,,,
4039,27-12-2015,,,,,,1,,,,,,,,,,,,,,,,,,,,,,,,,,,,,,,,
4040,2003-03-15,,,,,,,,,,,,,,,,,,,,,,,,,,,,,,,,,,,,,,
4040,2003-04-15,,,,,,,,,,,,,,,,,,,1,,,,,,,,,,,,,,,,,,,
4041,16-10-2015,,,,,,,,,,,,,,,,,,,,,,,,,,,,,,,,,,,,,,
4041,2007-09-15,,,,,,,,1,,,,,,,,,,,,,,,,,,,,,,,,,,,,,,
4042,15-07-2014,,,1,,,,,,,,,,,,,,,,,,,,,,,,,,,,,,,,,,,
4042,2008-08-15,,,,,,,,,,,,,,,,,,,,,,,,,,,,,,,,,,,,,,
4042,25-01-2014,,,,,1,,,,,,,,,,,,,,,,,,,,,,,,,,,,,,,,,
4042,30-04-2015,,,,,,,,,,,,,,,,,,,1,,,,,,,,,,,,,,,,,,,
4044,26-08-2015,,,,,,,,,,,,,,,,,,,,,,,1,,,,,,,,,,,,,,,
4045,2002-03-14,,1,,,,,,,,,,,,,,,,,,,,,,,,,,,,,,,,,,,,
4045,2011-02-14,,,,,,,,,,,,,1,,,,,,,,,,,,,,,,,,,,,,,,,
4045,22-12-2015,,,,,,,,,,,1,,,,,,,,,,,,,,,,,,,,,,,,,,,
4045,30-07-2014,,,1,,,,,,,,,,,,,,,,,,,,,,,,,,,,,,,,,,,
4046,26-11-2014,,,,,,,,,,,,,,1,,,,,,,,,,,,,,,,,,,,,,,,
4046,31-03-2014,,,,,,,1,,,,,,,,,,,,,,,,,,,,,,,,,,,,,,,
4047,2004-04-14,,,,,,,,,,,,,,,,,,,1,,,,,,,,,,,,,,,,,,,
4048,2003-07-14,,,,,,,,,,,,,,,,,,,,,,,,,,1,,,,,,,,,,,,
4048,2008-05-15,,,,,,1,,,,,,,,,,,,,,,,,,,,,,,,,,,,,,,,
4048,2012-04-14,,,,,,,,,,,,,,,,,,,,,,,,1,,,,,,,,,,,,,,
4049,2001-08-15,,,1,,,,,,,1,,,,,,,,,,,,,,,,,,,,,,,,,,,,
4050,2006-07-15,,,,,,,,,,1,,,,,,,,,,,,,,,,,,,,,,,,,,,,
4050,2007-03-14,1,,,,,,,,,,,,,,,,,,,,,,,,,,,,,,,,,,,,,
4050,2009-03-14,,1,,,,,,,,,,,,,,,,,,,,,,,,,,,,,,,,,,,,
4051,18-12-2014,,,,,,,,,,,1,,,,,,,,,,,,,,,,,,,,,,,,,,,
4051,28-01-2015,1,,,,,,,,,,,,,,,,,,,,,,,,,,,,,,,,,,,,,
4054,2006-05-15,,,,,,,,1,,,,,,,,,,,,,,,,,,,,,,,,,,,,,,
4055,25-03-2014,,,1,,,,,,,,,,,,,,,,,,,,,,,,,,,,,,,,,,,
4056,16-06-2014,,,,,,,,1,,,,,,,,,,,,,,,,,,,,,,,,,,,,,,
4056,20-10-2015,,,1,,,,,,,,,,,,,,,,,,,,,,,,,,,,,,,,,,,
4056,2003-10-14,,,,,,,,,,,,,,,,,,,,,,,,,,,,,,,,,,,,,,
4056,2010-05-14,,,1,,,,,,,,,,,,,,,,,,,,,,,,,,,,,,,,,,,
4056,2012-06-15,,,,,,,,,,1,,,,,,,,,1,,,,,,,,,,,,,,,,,,,
4058,2007-02-14,1,,,,,,,,,,,,,,,,,,,,,,,,,,,,,,,,,,,,,
4058,30-12-2015,,,,,,,,,,,,,,,,,,,,,1,,,,,,,,,,,,,,,,,
4059,2007-05-15,,,,,,,,,,,,,,,,,,,,,,,,,,,,,,,,,,,,,,
4060,2001-10-14,,,,,,1,,,,,,,,,,,,,,,,,,,,,,,,,,,,,,,,
4060,2011-10-14,,,1,,,,,,,,,,,,,,,,,,,,,,,,,,,,,,,,,,,
4060,2011-12-15,,,,,,,,,,,,,,,,,,,,,,,,1,,,,,,,,,,,,,,
4062,27-11-2014,,,,,,,,,,,,,,,,,,,1,,,,,,,,,,,,,,,,,,,
4063,14-07-2015,1,,,,,,,,,,,,,,,,,,,,,,,,,,,,,,,,,,,,,
4063,2012-11-15,,,,,,,,,,,,,,,,,,,,,,,,,,,,,,,,,,,,,,
4064,17-09-2015,,,,,,,,,,,,,,1,,,,,,,,,,,,,,,,,,,,,,,,
4064,2010-02-15,,,,,,,,,,,,,,1,,,,,,,,,,,,,,,,,,,,,,,,
4065,13-01-2014,,,,,,,,,,,,,,,,,,,,,,,,,,,,,1,,,,,,,,,
4065,2005-05-15,,,,,,,,,,,,,,,,,,,,,,,,,,,,,,,,1,,,,,,
4065,2007-07-15,,,,,,,,1,,,,,,,,,,,,,,,,,,,,,,,,,,,,,,
4065,2012-10-14,,,,,,,,,,,,,,,,,,,,,,,,,,,,,,,1,,,,,,,
4066,2002-12-14,1,,,,,,,,,,,,,,,,,,,,,,,,,,,,,,,,,,,,,
4066,24-01-2014,,,,,,,,,,,,1,,,,,,,,,,,,,,,,,,,,,,,,,,
4067,13-01-2014,1,,,,,,,,,,,,,,,,,,,,,,,,,,,,,,,,,,,,,
4067,16-10-2015,,,,,,,,,,,,,,,,,,,,,1,,,,,,,,,,,,,,,,,
4067,29-04-2014,,,1,,,,,,,,,,,,,,,,,,,,,,,,,,,,,,,,,,,
4068,19-11-2015,,,,,,,,,,,,,,,,,,,,,,,,,,,,,,,,,,,1,,,
4069,2003-05-15,,,,,,,,1,,,,,,,,,,,,,,,1,,,,,,,,,,,,,,,
4070,2008-03-14,,,,,,,,,,,,,,,,,,,,,,,,1,,,,,,,,,,,,,,
4070,27-07-2015,,,,,,,,,,,,,,,,,,,,,,,,,,,,,,,,,,,,,,
4071,15-10-2015,,,,1,,,,,,,,,,,,,,,,,,,,,,,,,,,,,,,,,,
4071,19-09-2015,,,,,,,,,,,,,,,,,,,,,,,,,,,,,,,,,,,,,,
4072,14-08-2015,,,,,,,,,,1,,,,,,,,,,,,,,,,,,,,,,,,,,,,
4073,13-02-2015,,,,,,,,,1,,,,,,,,,,,,,,,,,,,,,,,,,,,,,
4073,2002-11-15,,,1,,,,,1,,,,,,,,,,,,,,,,,,,,,,,,,,,,,,
4073,29-01-2015,,,,,,,,,,,,,,,,,,,,,,,,,,,1,,,,,,,,,,,
4073,30-01-2014,1,,,,,,,,,,,,,,,,,,,,,,,,,,,,,,,,,,,,,
4074,2010-09-15,1,,,,,,,,,,,,,,,,,,,,,,,,,,,,,,,,,,,,,
4074,2011-03-14,,,1,,,,,,,,,,,,,,,,,,,,,,,,,,,,,,,,,,,
4074,27-05-2015,,,,,,,,,,,,,,,,,,,,,,,1,,,,,,,,,,,,,,,
4075,2008-03-14,1,,,,,,,,,,,,,,,,,,,,,,,,,,,,,,,,,,,,,
4075,25-05-2014,,,,,,1,,,,,,,,,,,,,,,,,,,,,,,,,,,,,,,,
4076,17-11-2014,,,,,,1,,,,,,,,,,,,,,,,,,,,,,,,,,,,,,,,
4076,18-11-2014,,,,,,,,1,,,,,,,,,,,,,,,,,,,,,,,,,,,,,,
4076,2002-08-14,,,,,,,,,,,,,,,,,,,,,,,,,1,,,,,,,,,,,,,
4076,2007-04-14,,,1,,,,,,,,,,,,,,,,,,,,,,,,,,,,,,,,,,,
4077,18-03-2015,,,,,,,,,,,,,,,,,,,1,,,,,,,,,,,,,,,,,,,
4077,2004-08-15,,,,,,,1,,,,,,,,,,,,,,,,,,,,,,,,,,,,,,,
4077,2008-04-14,,,,,,,,,,,,,,,,,,,,,,,,,,,,,,1,,,,,,,,
4077,25-12-2014,,,,,,,,,,,1,,,,,,,,,,,,,,,,,,,,,,,,,,,
4077,29-09-2014,,,,,,,,,,,,1,,,,,,,,,,,,,,,,,,,,,,,,,,
4077,31-01-2014,,,,,,,,,,,,,,,,,,,,,,1,,,,,,,,,,,,,,,,
4078,14-11-2015,,1,,,,,,,,,,,,,,,,,,,,,1,,,,,,,,,,,,,,,
4078,18-04-2015,,,,,,,,,,,,,,,,,,,,,,,,,,,1,,,,,,,,,,,
4078,27-09-2014,,,,,,,1,,,,,,,,,,,,,,,,,,,,,,,,,,,,,,,
4079,20-09-2015,,,,,,,,,,,,,,,,,,,,,,,1,,,,,,,,,,,,,,,
4080,22-09-2014,1,,,,,,,,,,,,,,,,,,,,,,,,,,,,,,,,,,,,,
4080,23-04-2014,,,,,,,,,,,,,,1,,,,,,,,,,,,,,,,,,,,,,,,
4081,20-10-2015,1,,,,,,,,,,,,,,,,,,,,,,,,,,,,,,,,,,,,,
4081,2011-01-14,,,,,,,1,,,,,,,,,,,,,,,,,,,,,,,,,,,,,,,
4082,18-01-2015,,,,,,,,,,,,,,,,,,,,,,,,1,,,,,,,,,,,,,,
4082,2001-05-15,1,,,,,,,,,,,,,,,,,,,,,,,,,,,,,,,,,,,,,
4082,2003-08-14,,,,,,,,,,,,,,,,,,,,,,,,,,,1,,,,,,,,,,,
4082,2007-05-14,,,,,,,,,,,,,1,,,,,,,,,,,,,,,,,,,,,,,,,
4084,2003-11-15,,1,,,,,,,,,,,,,,,,,,,,,,,,,,,,,,,,,,,,
4084,23-04-2014,,,,,,,,,,,,,,,,,,1,,,,,,,,,,,,,,,,,,,,
4084,28-09-2014,,,,,,,,,,,1,,,,,,,,,,,,,,,,,,,,,,,,,,,
4085,15-04-2014,,,,,,,,,,,1,,,,,,,,,,,,,,,,,,,,,,,,,,,
4086,14-01-2014,,,,,,,,,,,,,1,,,,,,,,,,,,,,,,,,,,,,,,,
4086,15-11-2014,,,,,,,,,,,,,1,,,,,,,,,,,,,,,,,,,,,,,,,
4086,17-10-2014,,,1,,,,,,,,,,,,,,,,,,,,,,,,,,,,,,,,,,,
4086,30-08-2014,,,,,,,,,,,,,1,,,,,,,,,,,,,,,,,,,,,,,,,
4087,2004-09-14,,,,,,,,,,,,,,,,,,,,,,,1,,,,,,,,,,,,,,,
4088,13-01-2015,,,,,,,,,,1,,,,,,,,,,,,,,,,,,,,,,,,,,,,
4089,2004-10-15,,,,,,,,,,,,,,,,,,,,,,,,,,,,,,,,,,,,,,
4090,16-09-2014,,,,,,,,,,,,,,,,,,,1,,,,,,,,,,,,,,,,,,,
4090,26-02-2015,,,,,,,,,,,,,,,,,,,,1,,,,,,,,,,,,,,,,,,
4091,2006-06-14,,,,,,1,,,,,,,,,,,,,,,,,,,,,,,,,,,,,,,,
4091,25-02-2015,,,,,,,,,,,,,,,,,,,,,,,,,,,,,,,,,,,,,,
4091,28-12-2015,,,,,,,,,,,,,,,,,,,1,,,,,,,,,,,,,,,,,,,
4092,29-03-2015,1,,,,,,,,,,,,,,,,,,,,,,,,,,,,,,,,,,,,,
4092,30-09-2015,,,,,,,,,,,,,,,,,,,,,,,,,,,1,,,,,,,,,,,
4094,14-07-2014,,,,,,,,,,,,,,,,,,,1,,,,,,,,,,,,,,,,,,,
4095,2001-11-15,,,,,,1,,,,,,,,,,,,,,,,,,,,,,,,,,,,,,,,
4095,29-09-2015,,1,,,,,,,,,,,,,,,,,,,,,,,,,,,,,,,,,,,,
4096,13-06-2014,,1,,,,,,,,,,,,,,,,,,,,,,,,,,,,,,,,,,,,
4096,29-06-2015,,,,,,,,,,,,1,,,,,,,,,,,,,,,,,,,,,,,,,,
4097,14-11-2015,,,,,,,,,,,1,,,,,,,,,,,,,,,,,,,,,,,,,,,
4097,18-05-2014,,,,1,,,,,,,,,,,,,,,,,,,,,,,,,,,,,,,,,,
4097,20-06-2014,,,,,,,,,,,,,,,,,,,,,,,,,,,,,,,,,,,,,,
4097,2003-10-14,,1,,,,,,,,,,,,,,,,,,,,,,,,,,,,,,,,,,,,
4098,16-02-2014,,,,,,1,,,,,,,,,,,,,,,,,,,,,,,,,,,,,,,,
4098,2006-02-15,,,,,,,,,,,,,,,,,,,,,,,1,,,,,,,,,,,,,,,
4098,2009-01-15,,,,,,,,,,,,,,,,,,,,,,,,,,,,,,,,,,,,,,
4098,2012-09-14,,,,,,,,,,,,,,,,,,,,,,,,,,,1,,,,,,,,,,,
4099,23-05-2014,,,,,1,,,,,,,,,,,,,,,,,,,,,,,,,,,,,,,,,
4099,27-01-2015,,,,,,,,,,,1,,,,,,,,,,,,,,,,,,,,,,,,,,,
4100,2001-03-15,1,,,,,,,,,,,,,,,,,,,,,,,,,,,,,,,,,,,,,
4100,22-04-2015,1,,,,,,,,,,,,,,,,,,,,,,,,,,,,,,,,,,,,,
4101,2005-08-14,,,,,,,,,,,,1,,,,,,,,,,,,,,,,,,,,,,,,,,
4101,30-01-2015,,,,,,,,,,1,,,,,,,,,,,,,,,,,,,,,,,,,,,,
4102,2003-11-15,,1,,,,,,,,,,1,,,,,,,,,,,,,,,,,,,,,,,,,,
4102,2008-04-15,,,,,,,1,,,,,,,,,,,,,,,,,,,,,,,,,,,,,,,
4103,19-06-2015,1,,,,,,,,,,,,,,,,,,,,,,,,,,,,,,,,,,,,,
4103,22-12-2014,,,,,,,,,,,,,,,,,,,1,,,,,,,,,,,,,,,,,,,
4103,26-07-2015,,,,,,,,,,1,,,,,,,,,,,,,,,,,,,,,,,,,,,,
4104,2001-01-15,,,,,,,,,,,,,,,,,,,,,,,,,1,,,,,,,,,,,,,
4104,2012-06-15,,,,,,,,,,,,,,,,,,,,,,,1,,,,,,,,,,,,,,,
4104,27-07-2015,,,,,,1,,,,,,,,,,,,,,,,,,,,,,,,,,,,,,,,
4105,2003-12-15,,,,,,,,,,,,,,,,,,,,,,,,,,,,,,,,,,,,,,
4105,2005-02-15,,,,,,,,,,,,,,,,,,,,,,,1,,,,,,,,,,,,,,,
4105,29-05-2015,,,1,,,,,,,,,,,,,,,,,,,,,,,,,,,,,,,,,,,
4106,18-07-2014,,,,,,,,,,,,,,,,,,,,,,1,,,,,,,,,,,,,,,,
4106,25-07-2014,,,1,,,,,,,,,,,,,,,,,,,,,,,,,,,,,,,,,,,
4106,25-08-2015,1,,,,,,,1,,,,,,,,,,,,,,,,,,,,,,,,,,,,,,
4107,15-11-2015,,,1,,,,,,,,,,,,,,,,,,,,,,,,,,,,,,,,,,,
4107,2005-02-15,,,1,,,,,,,,,,,,,,,,,,,,,,,,,,,,,,,,,,,
4108,13-09-2014,,,,,,,,,1,,,,,,,,,,,,,,,,,,,,,,,,,,,,,
4108,21-07-2015,,,,,1,,,,,,1,,,,,,,,,,,,,,,,,,,,,,,,,,,
4108,27-09-2015,,,,,,,,,,,,,,,,,,,,,,,1,,,,,,,,,,,,,,,
4109,2008-02-15,,,,,,,,,,,,,,,,,,,,,,,,,,,1,,,,,,,,,,,
4109,24-08-2015,,,,,,,,,,,,,,,,,,,,,,,,,1,,,,,,,,,,,,,
4110,2003-12-14,,,,,,,,,,,,,,,,,,,,,1,,,,,,,,,,,,,,,,,
4110,2006-02-15,,,,,,1,,,,,,,,,,,,,,,,,,,,,,,,,,,,,,,,
4110,25-01-2014,,,,,,,,,,1,,,,,,,,,,,,,,,,,,,,,,,,,,,,
4110,28-11-2015,1,,,,,,,,,,,,,,,,,,,,,,,,,,,,,,,,,,,,,
4110,30-03-2015,,,,,,,,,,,,,,,,,,,,,,,,,,,,,,,,,,,,,,
4112,14-02-2015,,,,,,,,,,,,,,1,,,,,,,,,,,,,,,,,,,,,,,,
4112,2008-09-14,,,,,1,,,,,,,,,,,,,,,,,,,,,,,,,,,,,,,,,
4112,22-04-2014,,,1,,,,,,,,,,,,,,,,,,,,,,,,,,,,,,,,,,,
4112,27-04-2015,,,,,,,1,,,,,,,,,,,,,,,,,,,1,,,,,,,,,,,,
4113,13-03-2014,,,,,,1,,,,,,,,,,,,,,,,,,,,,,,,,,,,,,,,
4113,19-07-2015,,,1,,,,,,,,,,,,,,,,,,,,,,,,,,,,,,,,,,,
4114,2007-08-14,,,,,,,,,,1,,,,,,,,,,,,,,,,,,,,,,,,,,,,
4114,27-03-2014,,,,,1,,,,,,,,,,,,,,,,,,,,,,,,,,,,,,,,,
4115,20-03-2015,,,,,,,,,,,,,,1,,,,1,,,,,,,,,,,,,,,,,,,,
4115,2008-02-14,,,,,,1,,,,,,,,,,,,,,,,,,,,,,,,,,,,,,,,
4115,22-05-2015,,,,,,,,,,,,,,1,,,,,,,,,,,,,,,,,,,,,,,,
4116,2001-05-15,,,,,,,,,,,,,1,,,,,,,,,,,,,,,,,,,,,,,,,
4116,2012-10-14,,,,,1,,,,,,,,,,,,,,,,,,,,,,,,,,,,,,,,,
4117,2003-08-14,,,,,,,,,,,,,,,,,,,1,,,,,,,,,,,,,,,,,,,
4117,2006-01-15,,,,,,,,,,,,,,,,,,,,,,,,,,,,,1,,,,,,,,,
4117,24-04-2014,,,,,,,,,,,,,,1,,,,,,,,,,,,,,,,,,,,,,,,
4119,15-04-2015,,1,,,,,,,,,,,,,,,,,,,,,,,,,,,,,,,,,,,,
4119,2009-05-15,1,,,,,,,,,,,,,,,,,,,,,,,,,,,,,,,,,,,,,
4119,2012-02-15,,,1,,,,,,,,,,,,,,,,,,,,,,,,,,,,,,,,,,,
4120,13-03-2015,,,,,,,,1,,,,,,,,,,,,,,,,,,,,,,,,,,,,,,
4120,17-01-2015,,,,,,,,,,,,,,,,,,,,,,,,,,,,,,,,,,,,,,
4120,2001-12-15,,,,,,,,,,1,,,,,,,,,,,,,,,,,,,,,,,,,,,,
4120,2011-12-15,1,,,,,,,,,,,,,,,,,,,,,,,,,,,,,,,,,,,,,
4120,22-09-2014,,,,,,,,,,,,,,,,,,,1,,,,,,,,,,,,,,,,,,,
4121,19-04-2014,,,,,,,,,,,,,,,,,,,,,,,,,,1,,,,,,,,,,,,
4121,2001-11-15,1,,,,,,,,,,,,,,,,,,,,,,,,,,,,,,,,,,,,,
4121,2006-06-14,,,,,,,,,,,,,,,,,,,1,,,,,,,,,,,,,,,,,,,
4121,21-04-2014,,,,,,,,,,,,,,1,,,,,,,,,,,,,,,,,,,,,,,,
4121,27-01-2014,1,,,,,,,,,,,,,,,,,,,,,,,,,,,,,,,,,,,,,
4122,20-10-2014,,,,,,,,,,,,,,,,,,,,,,,,,1,,,,,,,,,,,,,
4122,23-10-2015,1,,,,,,,,,,,,,,,,,,,,,,,,,,,,,,,,,,,,,
4122,24-04-2015,,,1,,,,,,,,,,,,,,,,,,,,,,,,,,,,,,,,,,,
4124,22-05-2015,1,,,,,,,,,,,,,,,,,,,,,,,,,,,,,,,,,,,,,
4124,25-12-2014,,,,,,,,,,1,,,,,,,,,,,,,,,,,,,,,,,,,,,,
4124,31-05-2014,,,,,,,,,,,,,,,,,,1,,,,,,,,,,,,,,,,,,,,
4125,14-06-2015,1,,,,,,,,,,,,,,,,,,,,,,,,,,,,,,,,,,,,,
4125,20-03-2014,1,,,,,,,,,,,,,,,,,,,,,,,,,,,,,,,,,,,,,
4125,2003-06-14,,,,,,,1,,,,,,,,,,,,,,,,,,,,,,,,,,,,,,,
4125,21-03-2015,,,,,,,,,,,,,,1,,,,,,,,,,,,,,,,,,,,,,,,
4126,18-10-2014,,,,,,,,,,,,,,,,,,,,,,1,,,,,,,,,,,,,,,,
4126,2006-11-14,,,,,,,,,,,,,,,,,,,,,,,,,,,1,,,,,,,,,,,
4126,22-04-2014,,,,,,1,,,,,,,,,,,,,,,,,,,,,,,,,,,,,,,,
4127,18-03-2014,1,,,,,,,,,,,,,,,,,,,,,,,,,,,,,,,,,,,,,
4127,23-10-2015,,,,1,,,,,,,,,,,,,,,,,,,,,,,,,,,,,,,,,,
4129,13-08-2015,,,,,,,,,,1,,,,,,,,,,,,,,,,,,,,,,,,,,,,
4129,2007-11-15,,,,,,,,,,,,,,1,,,,,,,,,,,,,,,,,,,,,,,,
4129,2010-11-14,1,,,,,,,,,,,,,,,,,,,,,,,,,,,,,,,,,,,,,
4129,22-09-2015,1,,,,,,,,,,,,,,,,,,,,,,,,,,,,,,,,,,,,,
4130,2001-08-14,,,,,1,,,,,,,,,,,,,,,,,,,,,,,,,,1,,,,,,,
4130,2005-04-15,,1,,,,,,,,,,,,,,,,,,,,,,,,,,,,,,,,,,,,
4130,2006-11-15,,,1,,,,,1,,,,,,,,,,,,,,,,,,,,,,,,,,,,,,
4130,24-10-2014,,,,,,,,,,,,,,,,,,,,,,,,,,,1,,,,,,,,,,,
4131,29-03-2015,,,,,,,,,,,,,,,,,,,,,,,,,,,,,,,,,,,,,,
4132,20-09-2014,,,,,,1,,,,,,,,,,,,,,,,,,,,,,,,,,,,,,,,
4132,2002-03-14,,,,,,,,,,,,,,,,,,,1,,,,,,,,,,,,,,,,,,,
4132,2004-11-14,1,,,,,,,,,,,,,,,,,,,,,,,,,,,,,,,,,,,,,
4133,17-02-2014,,,,,1,,,,,,,,,,,,,,,,,,,,,,,,,,,,,,,,,
4133,22-01-2015,,,,,,,,,,,,,,1,,,,,,,,,,,,,,,,,,,,,,,,
4133,27-07-2015,,,,,1,,,,,,,,,,,,,,,,,,,,,,,,,,,,,,,,,
4134,14-06-2015,,,,,,,,,,,,,,1,,,,,,,,,,,,,,,,,,,,,,,,
4134,2005-05-15,1,,,,,,,,,,,,,,,,,,,,,,,,,,,,,,,,,,,,,
4134,26-12-2014,,,,,,1,,,,,,,,,,,,,,,,,,,,,,,,,,,,,,,,
4135,2011-05-14,1,,,,,,,,,,,,,,,,,,,,,,,,,,,,,,,,,,,,,
4135,22-02-2014,,,,,,1,,,,,,,,,,,,,,,,,,,,,,,,,,,,,,,,
4136,2011-08-15,,,,,,,1,,,,,,,,,,,,,,,,,,,,,,,,,,,,,,,
4137,15-12-2014,,,,,,,,,,,,,,,,,1,,,,,,,,,,,,,,,,,,,,,
4137,2007-03-15,,,,,,,,,,,,1,,1,,,,,,,,,,,,,,,,,,,,,,,,
4137,23-07-2014,,,,,,,,,,,,,,,,,,,,,,,1,,,,,,,,,,,,,,,
4137,26-12-2015,,,,,,,,,,1,,,,,,,,,,,,,,,,,,,,,,,,,,,,
4138,2004-09-15,,,,,,,,,,,,,,,,,,,,1,,,,,,,,,,,,,,,,,,
4138,2007-10-14,,,,,,,,,,,,,,,,,1,,,,,,,,,,,,,,,,,,,,,
4138,2010-10-15,1,,,,,,,,,,,,,,,,,,,,,,,,,,,,,,,,,,,,,
4138,2012-06-15,,,,,,,,,,,,,,,,,,,,,,,1,,,,,,,,,,,,,,,
4138,24-08-2014,,1,,,,,,,,,,,,,,,,,,,,,,,,,,,,,,,,,,,,
4139,25-03-2014,,,,,,,,,,,,,,1,,,,,,,,,,,,,,,,,,,,,,,,
4139,26-11-2015,,,,,,,,,,,,,,,,,,,,,,1,,,,,,,,,,,,,,,,
4140,2002-01-14,,,,,,,,,,,,,,,,,,,,1,,,,,,,,,,,,,,,,,,
4140,29-01-2014,,,,,,,,,,,,,,,,,,,,,,,,,,,,,1,,,,,,,,,
4142,17-11-2015,,,,,,1,,,,,,,,,,,,,,,,,,,,,,,,,,,,,,,,
4144,2006-11-15,,,,,1,,,,,,,,,,,,,,,,,,,,,,,,,,,,,,,,,
4144,2012-05-14,,,,,,,,,,,,,,,,,,,,,,,,,,,1,,,,,,,,,,,
4145,2011-04-15,,,,,,,,,,,,,,,,,,,,,,,,,,,,,,1,,,,,,,,
4146,2003-01-14,,,,,,,,,,,,,,,,,,,,,,,,,1,,,,,,,,,,,,,
4146,2005-08-14,,,,,,,,,,,,,,,,,,,,,,,,,,,,,,,,,,,,,,
4146,2009-02-15,,,,,,,,,,,,,,,,,,,,,,,1,,,,,,,,,,,,,,,
4146,24-08-2014,1,,,,,,,,,,,,,,,,,,,,,,,,,,,,,,,,,,,,,
4147,16-09-2015,,,,,,,1,,,,,,,,,,,,,,,,,,,,,,,,,,,,,,,
4147,2002-01-15,,,,,,,,,,,,,,1,,,,,,,,,,,,,,,,,,,,,,,,
4148,2009-02-15,,,,,,,,,,,,,,,,,,,,,,,,,,,,,,,,,,,,,,
4148,26-06-2014,,,,,,,,,,,,,,,,,,,,,1,,,,,,,,,,,,,,,,,
4148,28-09-2014,1,,,,,,,,,,,,,,,,,,,,,,,,,,,,,,,,,,,,,
4149,20-03-2015,,,,,,,,,,,,,,,,,,1,,,,,,,,,,,,,,,,,,,,
4149,2007-01-15,,,,,,,,,,,,,,1,,,,,,,,,,,,,,,,,,,,,,,,
4149,2011-02-14,,,1,,,,,,,,,,,,,,,,,,,,,,,,,,,,,,,,,,,
4149,2012-05-14,,,,,,,1,,,,,,,,,,,,,,,,,,,,,,,,,,,,,,,
4150,23-08-2015,1,,,,,,,,,,,,,,,,,,,,,,,,,,,,,,,,,,,,,
4150,26-08-2015,,,1,,,,,,,,,,,,,,,,,,,,,,,,,,,,,,,,,,,
4151,2002-11-15,1,,,,,,,,,,,,,,,,,,,,,,,,,,,,,,,,,,,,,
4152,15-04-2015,,,,,,,,,,,,,,,,,,1,,,,,,,,,,,,,,,,,,,,
4152,18-06-2015,,,,,,,,,,,,,,,,,,,,,,,,,,,,,,,,,,,,,,
4152,21-12-2014,,,,,,,,,,,,1,,,,,,,,,,,,,,,,,,,,,,,,,,
4152,29-05-2015,,,,,1,,,,,,,,,,,,,,,,,,,,,,,,,,,,,,,,,
4153,14-02-2014,1,,,,,,,,,,,,,,,,,,,,,,,,,,,,,,,,,,,,,
4153,2005-02-15,,,,,,1,,,,,,,,,,,,,,,,,,,,,,,,,,,,,,,,
4153,27-07-2014,,,,,1,,,,,,,,,,,,,,,,,,,,,,,,,,,,,,,,,
4153,27-07-2015,,,,,,,,,,,1,,,,,,,,,,,,,,,,,,,,,,,,,,,
4153,28-09-2014,,,,,,,,1,,,,,,,,,,,,,,,,,,,,,,,,,,,,,,
4154,16-12-2014,,1,,,,,,,,,,,,,,,,,,,,,,,,,,,,,,,,,,,,
4154,2002-07-15,,,,,1,,,,,,,,,,,,,,,,,,,,,,,,,,,,,,,,,
4154,26-05-2014,,,,,,,,,,,,,,,,1,,,,,,,,,,,,,,,,,,,,,,
4155,15-03-2014,,,1,,,,,,,,,,,,,,,,,,,,,,,,,,,,,,,,,,,
4155,19-07-2014,,,,,,,,,,,,,,,,1,,,,,,,,,,,,,,,,,,,,,,
4155,2003-09-14,,1,,,,,,,,,,,,,,,,,,,,,,,,,,,,,,,,,,,,
4155,2010-09-14,,,,,,,,,,,,,,,,,1,,,,,,,,,,,,,,,,,,,,,
4155,24-09-2015,,,,,,,,,,,,,,,,,,,,,,,,,,,,,,,,,,,,,,
4155,26-01-2015,,,,,,,,,,,,,,1,,,,,,,,,,,,,,,,,,,,,,,,
4156,2003-08-15,,,1,,,,,,,,,,,,,,1,,,,,,,,,,,,,,,,,,,,,
4157,2001-04-14,,,,,,,,,,,,,,,,,1,,,,,,,,,,,,,,,,,,,,,
4157,2004-01-15,,,,,,,,,,,,1,,,,,,,,,,,,,,,,,,,,,,,,,,
4158,2011-11-15,,,,,1,,,,,,,,,,,,,,,,,,,,,,,,,,,,,,,,,
4158,26-12-2015,,,,,,,1,,,,,,,,,,,,,,,,,,,,,,,,,,,,,,,
4159,28-12-2015,,,,,,,,,,,1,,,,,,,,,,,,,,,,,,,,,,,,,,,
4159,29-05-2014,,,,,,1,,,,,,,,,,,,,,,,,,,,,,,,,,,,,,,,
4160,2010-07-14,,,,,,,,,,,,,,,,,,,,,,,,,,,,,,,,,1,,,,,
4160,2012-06-15,,,,,,,,,,,,,,1,,,,,,,,,,,,,,,,,,,,,,,,
4161,24-09-2015,1,,,,,,,,,,,,,,,,,,,,,,,,,,,,,,,,,,,,,
4162,22-12-2015,,1,,,,,,,,,,,,,,,,,,,,,,,,,,,,,,,,,,,,
4163,13-03-2015,,,1,,,,,,,,,,,,,,,,,,,,,,,,,,,,,,,,,,,
4163,16-02-2014,,,,,,1,,,,,,,,,,,,,,,,,,,,,,,,,,,,,,,,
4163,2005-11-14,,,,,1,,,,,,,,,,,,,,,,,,,,,,,,,,,,,,,,,
4163,2006-06-14,1,,,,,,,,,,,,,,,,,,,,,,,,,,,,,,,,,,,,,
4163,23-04-2015,,,,,,,,,,,,,,,,,,,,,,,,1,,,,,,,,,,,,,,
4164,2003-03-14,,,,,,,,,,,,,,,,,,,,1,,,,,,,,,,,,,,,,,,
4164,2008-09-14,,,,,,,,,,,,,1,,,,,,,,,,,,,,,,,,,,,,,,,
4164,25-09-2014,,,,,,,,,,,,,,,,,,,,,,,,,,,,,,,,,,,,,,
4164,27-03-2014,,,,,,,,,,,,,,,,,,,,,,,,,1,,,,,,,,,,,,,
4165,16-09-2014,,1,,,,,,,,,,,,,,,,,,,,,,,,,,,,,,,,,,,,
4165,18-08-2015,,,,,,,,,,,,,,,,,,,,,,,,,,,,,,,,,,,,,,
4165,2003-04-14,,,,,,1,,,,,,,,,,,,,,,,,,,,,,,,,,,,,,,,
4165,2006-10-14,,,,,,,1,,,,,,,,,,,,,,,,,,,,,,,,,,,,,,,
4165,2010-02-15,,,,,,,,,,,,,,,,,,,,,1,,,,,,,,,,,,,,,,,
4165,2011-11-14,,,,,,1,,,,,,,,,,,,,,,,,,,,,,,,,,,,,,,,
4165,2012-01-14,,,1,,,,,,,,,,,,,,,,,,,,,,,,,,,,,,,,,,,
4165,30-05-2014,,,,,,,,1,,,,,,,,,,,,,,,,,,,,,,,,,,,,,,
4166,2006-11-15,,,,,,,,,,,,,,1,,,,,,,,,,,,,,,,,,,,,,,,
4166,2007-12-14,,,,,,1,,,,,,,,,,,,,,,,,,,,,,,,,,,,,,,,
4166,26-07-2015,,,,,,,,,,,,,,,,,,,1,,,,,,,,,,,,,,,,,,,
4166,30-04-2015,,,,,,,,,,,1,,,,,,,,,,,,,,,,,,,,,,,,,,,
4168,23-09-2014,,,,,,,,,,1,,,,,,,,,,,,,,,,,,,,,,,,,,,,
4169,2004-04-14,,,,,,,,1,,,,,,,,,,,,,,,,,,,,,,,,,,,,,,
4169,2009-08-14,,,,,1,,,,,,,,,,,,,,,,,,,,,,,,,,,,,,,,,
4169,24-05-2014,1,,,,,,,,,,,,,,,,,,,,,,,,,,,,,,,,,,,,,
4169,24-11-2015,1,,,,,,,,,,,,,,,,,,,,,,,,,,,,,,,,,,,,,
4170,19-01-2015,,,,,,,,,,,1,,,,,,,,,1,,,,,,,,,,,,,,,,,,
4170,2003-05-15,,,,,,,,,,,,,,,,,,,,,,,,,,,,,,,,,,,,,,
4170,2008-01-15,,,,,,,,,,,,,,,,,,,,,,,,,,,,,,,,,,,,,,
4170,2011-05-15,,,,,,,,,,1,,,,,,,,,,,,,,,,,,,,,,,,,,,,
4170,2011-07-15,,,,,,,,,,,,,,,,,,,,,,,,,,1,,,,,,,,,,,,
4171,2003-06-15,,,,,,,,,,,,,1,,,,,,1,,,,,,,,,,,,,,,,,,,
4171,2007-01-14,1,,,,,,,,,,,,,,,,,,,,,,,,,,,,,,,,,,,,,
4171,26-01-2015,,,,,,,,,,,,,,,,,,,,,,,,,,,,,,,,,,,,,,
4172,18-02-2015,,,1,,,,,,,,,,,,,,,,,,,,,,,,,,,,,,,,,,,
4173,14-02-2014,,,,,,,,,,,,,,,,,,,,,,,,,,,,,,,,,,,,,,1
4173,2011-05-15,,,,,,,,,,,,,,,,,,,1,,,,,,,,,,,,,,,,,,,
4174,15-07-2014,,,,,,,,,,,,,,1,,,,,,,,,,,,,,,,,,,,,,,,
4175,29-01-2015,,,,,,,,1,,,,,,,,,,,,,,,,,1,,,,,,,,,,,,,
4176,2005-05-15,,,,,,,,,,,,,,,,,,,,,,,,,,,,,,,1,,,,,,,
4176,2011-06-14,,,,,,1,,,,,,,,,,,,,,,,,,,,,,,,,,,,,,,,
4177,13-04-2015,1,,,,,,,,,,,,,,,,,,,,,,,,,,,,,,,,,,,,,
4177,2005-02-14,,1,,,,,,,,,,,,,,,,,,,,,,,,,,,,,,,,,,,,
4178,13-11-2015,,,1,,,,,,,,,,,,,,,,,,,,,,,,,,,,,,,,,,,
4178,2003-06-15,,,,,,,,,,,,,,,,,,,,,,,,,,,1,,,,,,,,,,,
4179,2003-08-14,,,,,,,,,,,,1,,,,,,,,,,,,,,,,,,,,,,,,,,
4179,2006-03-15,,,,,1,,,,,,,,,,,,,,,,,,,,,,,,,,,,,,,,,
4180,2001-04-15,,,,,,,,,,,,,,,,,,,,,,,,1,,,,,,,,,,,,,,
4180,2004-06-15,,,,,,1,,,,,,,,,,,,,,,,,,,,,,,,,,,,,,,,
4180,2007-09-15,,,,,,,,,,,,,,,,,,,,,,,,,1,,,,,,,,,,,,,
4180,2011-11-15,,,,,1,,,,,,,,,,,,,,,,,,,,,,,,,,,,,,,,,
4181,2007-09-14,,,,,,,,,,,,,,,,,,,,,,,,,,1,,,,,,,,,,,,
4182,15-11-2014,,1,,,,,,,,,,,,,,,,,,,,,,,,,,,,,,,,,,,,
4182,18-06-2015,,,,,,,,,,,,,,1,,,,,,,,,,,,,,,,,,,,,,,,
4182,21-08-2015,,,,,,,,,,,,,1,,,,,,,,,,,,,,,,,,,,,,,,,
4183,15-01-2015,,,,,,,,,,,,,,,,,1,,,,,,,,,,,,,,,,,,,,,
4183,19-06-2014,,,,,,,,,,,,,,,1,,,,,,,,,,,,,,,,,,,,,,,
4183,2012-10-14,,,,,,,,,,,,,,,,,,,,,,,,,,,,,,,,,,,,,,
4183,26-03-2014,,,,,,1,,,,,,,,,,,,,,,,,,,,,,,,,,,,,,,,
4184,15-12-2015,,,,,,,,,,,,,,,,,,,1,,,,,,,,,,,,,,,,,,,
4184,17-09-2014,,,,,,,1,,,,,,,,,,,,,,,,,,,,,,,,,,,,,,,
4184,28-06-2015,,,,,,,,,,,,,1,,,,,,,,,,,,,,,,,,,,,,,,,
4185,16-01-2015,,,,,,,1,,,,,,,,,,,,,,,,,,,,,,,,,,,,,,,
4186,25-10-2015,,,,,,,,,1,,,,,,,,,,,,,,,,,,,,,,,,,,,,,
4187,14-09-2015,,,,,,,1,,,,,,,,,,,,,,,,,,,,,,,,,,,,,,,
4187,19-04-2014,,,,,,,1,,,,,,,,,,,,,,,,,,,,,,,,,,,,,,,
4187,2004-05-14,,,,,,,,,1,,,,,,,,,,,,,,,,,,,,,,,,,,,,,
4187,2010-04-15,1,,,,,,,,,,,,,,,,,,,,,,,,,,,,,,,,,,,,,
4187,28-10-2015,,,,,,,,1,,,,,,,,,,,,,,,,,,,1,,,,,,,,,,,
4187,31-07-2015,,,,,,,,,,,,,,,,,,,,,,,,,,,,,,,,,,,,,,
4188,20-08-2014,,,,,,,,,,,,,,,,,,,,,,,,,,,,,,,,,,,,,,
4189,2007-04-15,,,,,,,,1,,,,,,,,,,,,,,,,,,,,,,,,,,,,,,
4189,2011-09-15,,,,,,,,,,,,,,,,,,,,,,,,,,,,,,,,,,,,,,
4190,2004-04-15,,,,,,,,,,,,,,1,,,,,,,,,,,,,,,,,,,,,,,,
4190,23-09-2015,,,,,,,1,,,,,,,,,,,,,,,,,,,,,,,,,,,,,,,
4190,24-08-2014,,,,,,,,,,1,,,,,,,,,,,,,,,,,,,,,,,,,,,,
4190,24-12-2015,,,,,1,,,,,,,,,,,,,,,,,,,,,,,,,,,,,,,,,
4190,27-12-2015,1,,,,,,,,,,,,,,,,,,,,,,,,,,,,,,,,,,,,,
4190,30-12-2014,,,,,,,,,,,,,,,,,,,,,,,,,,,,,,,,,,,,,,
4191,2003-11-15,,,1,,,,,,,,,,,,,,,,,,,,,,,,,,,,,,,,,,,
4191,2005-08-14,,,,,,,,,,,,,,1,,,,,,,,,,,,,,,,,,,,,,,,
4191,2010-05-15,,,,,,,,,,,,,,,,,,,,,,,1,,,,,,,,,,,,,,,
4191,2010-11-14,,,,,,1,,,,,,,,,,,,,,,,,,,,,,,,,,,,,,,,
4191,28-04-2015,,,,,,1,,,,,,,,,,,,,,,,,,,,,,,,,,,,,,,,
4192,16-12-2015,,,,,,,,,,1,,,,,,,,,1,,,,,,,,,,,,,,,,,,,
4192,17-02-2014,,,,,1,,,,,,,,,,,,,,,,,,,,,,,,,,,,,,,,,
4192,22-02-2014,,,,1,,,,,,,,,,,,,,,,,,,,,,,,,,,,,,,,,,
4194,2007-02-15,,,,,,,,,,,1,,,,,,,,,,,,,,,,,,,,,,,,,,,
4194,23-02-2014,,,,,1,,,,,,,,,,,,,,,,,,,,,,,,,,,,,,,,,
4195,2001-10-15,,,,,,1,,,,,,,,,,,,,,,,,,,,,,,,,,,,,,,,
4195,2004-05-15,,,,,,,,,,,,,,,,,1,,,,,,,,,,,,,,,,,,,,,
4195,2009-09-14,,,,,,,,,,,,,,,,,,,,,,,,,,,1,,,,,,,,,,,
4196,2006-11-14,,,,,,,,1,,,,,,,,,,,,,,,,,,,,,,,,,,,,,,
4196,2007-11-15,,,,,,,,,,,,,,,,,,,,,,,,,,,,,1,,,,,,,,,
4196,2009-07-15,,,,,,,,1,,,,,,,,,,,,,,,,,,,,,,,,,,,,,,
4196,27-07-2014,,,,,,1,,,,,,,,,,,,,,,,,,,,,,,,,,,,,,,,
4197,13-05-2015,,,,1,,,,,,,,,,,,,,,,,,,,,,,,,,,,,,,,,,
4197,2003-11-15,,,,,,,,,,,,,,,,,,,,,,,,,,,,,,,,,,,,,,
4197,2005-04-14,,,,,,,,,,,,,,,,,,,,,,1,,,,,,,,,,,,,,,,
4197,2006-02-15,,,,,,,,,,1,,,,,,,,,,,,,,,,,,,,,,,,,,,,
4197,26-10-2015,,1,,,,,,,,,,,,,,,,,,,,,,,,,,,,,,,,,,,,
4197,29-09-2014,,,,,,,,,,,,,1,,,,,,,,,,,,,,,,,,,,,,,,,
4198,18-03-2015,,1,,,,,,,,,,,,,,,,,,,,,,,,,,,,,,,,,,,,
4198,2010-11-14,1,,,,,,,,,,,,,,,,,,,,,,,,,,,,,,,,,,,,,
4199,2004-08-15,,,,,,,,,,,,,,,,,,,,,,,,,,,,,,,,,,,,,,
4199,2005-04-14,,,,,1,,,,,,,,,,,,,,,,,,,,,,,,,,,,,,,,,
4199,24-08-2014,,1,,,,,,,,,,,,,,,,,,,,,,,,,,,,,,,,,,,,
4199,29-12-2015,,,,,,,1,,,,,,,,,,,,,,,,,,,,,,,,,,,,,,,
4200,23-06-2014,,,,,,,,,,,,1,,,,,,,,,,,,,,,,,,,,,,,,,,
4201,14-10-2015,,,1,,,,,,,,,,,,,,,,,,,,,,,,,,,,,,,,,,,
4201,17-11-2014,,,,,,,,,,,,,,,,,,,,,,,,,,,,,,,,,,,,,,
4201,2012-09-14,,,,,,,,,,,,,,,,,,,,1,,,,,,,,,,,,,,,,,,
4202,18-02-2015,,,,,,,,,,,,,,,,,,,,,,,,,,,,,,,,,,,,,,
4202,2002-05-15,,,,,,,,,,,,,,,,,,,1,,,,,,,,,,,,,,,,,,,
4202,2002-12-15,,,,,,,,,,,,,,,,,,,,,,1,,,,,,,,,,,,,,,,
4202,2012-07-14,,,,,,,,,,,,,,1,,,,,,,,,,,,,,,,,,,,,,,,
4204,16-10-2015,1,,,,,,,,,,,,,,,,,,,1,,,,,,,,,,,,,,,,,,
4204,2001-04-14,,,,,,,,,,,,,1,,,,,,,,,,,,,,,,,,,,,,,,,
4204,2006-05-15,,,,,,,,,,,,,,,,,,,,,,,,,,,,,,,,,1,,,,,
4204,2011-11-14,,,,,,,,,,,,,,,,,,,,1,,,,,,,,,,,,,,,,,,
4205,22-02-2015,,1,,,,,,,,,,,,,,,,,,,,,,,,,,,,,,,,,,,,
4205,29-01-2015,,,,,,,,,,,,,,1,,,,,,,,,,,,,,,,,,,,,,,,
4206,14-01-2014,,,,,,,,1,,,,,,,,,,,,,,,,,,,,,,,,,,,,,,
4206,18-09-2014,,,,,,,,,,,,,,,,,,,,,,,,,,,,,,,,,,1,,,,
4206,2004-04-14,,,,,,,,1,,,,,,,,,,,,,,,,,,,,,,,,,,,,,,
4206,2007-04-14,,,,,,,,,1,,,,,,,,,,,,,,,,,,,,,,,,,,,,,
4206,2011-12-14,1,,,,,,,,,,,,,,,,,,,,,,,,,,,,,,,,,,,,,
4206,27-11-2014,,,,,,,,,,,,,,,,,,,,,,,,,,,,,,,,,,,,1,,
4207,2008-07-15,,,,,,,,1,,,,,,,,,,,,,,,,,,,,,,,,,,,,,,
4207,21-10-2014,1,,,,,,,,,,,,,,,,,,,,,,,,,,,,,,,,,,,,,
4207,28-08-2015,,,,,,1,,,,,,,,1,,,,,,1,,,,,,,,,,,,,,,,,,
4208,2003-02-14,,,,,,,,,,,,,,,,,,,,,,,1,,,,,,,,,,,,,,,
4209,18-03-2014,,,,,,,,,,,,,,,,,,,,,,,,,,,,,,,,,,,1,,,
4210,17-03-2014,,,1,,,,,,,,,,,,,,,,,,,,,,,,,,,,,,,,,,,
4210,2007-08-15,,,,,,,,,,1,,,,,,,,,,,,,,,,,,,,,,,,,,,,
4211,16-09-2014,,,1,,,,,,,,,,,,,,,,,,,,,,,,,,,,,,,,,,,
4211,29-05-2014,,,,,,,,,1,,,,,,,,,,,,,,,,,,,,,,,,,,,,,
4212,14-03-2014,,,,,,,,,,,,,,,,,,,,,,,,,1,,,,,,,,,,,,,
4212,2001-05-15,,,,,,1,,,,,,,,,,,,,,,,,,,,,,,,,,,,,,,,
4212,2007-04-15,,,,,,,,,,1,,,,,,,,,,,,,,,,,,,,,,,,,,,,
4212,31-03-2015,,,,,,,,,,,,,,,,,,,1,,,,,,,,,,,,,,,,,,,
4213,23-08-2015,,,,,,,,,,,,1,,,,,,,,,,,1,,,,,,,,,,,,,,,
4214,20-03-2015,,,,,,,,,,,,,,,,,,,,,,,,,,,,,,,,,,,,,,
4214,2003-10-14,,,,,,,,,,,,,,,,,,,,,,,,,,,,,,,,,,,,,,
4214,2007-10-15,,,,,,,,,,,,,,,,,,,,,,,,,,,,1,,,,,,,,,,
4214,2009-06-15,,,1,,,,,,,,,,,,,,,,,,,,,,,,,,,,,,,,,,,
4214,31-08-2014,,,,,,1,,,,,,,,,,,,,,,,,,,,,,,,,,,,,,,,
4215,2010-04-14,,,,,,,,,,,,,,,,,,,1,,,,,,,,,,,,,,,,,,,
4215,30-06-2015,,,,,,,,,,,,,,,1,,,,,,,,,,,,,,,,,,,,,,,
4215,31-05-2015,,,,,,,,,,,,,,,,,,,,,,,1,,,,,,,,,,,,,,,
4216,17-11-2014,,,,,,,,,,,,,,,,,,,,,,,,,,,,,1,,,,,,,,,
4216,21-01-2014,,,,,,1,,,,,,,,,,,,,,,,,,,,,,,,,,,,,,,,
4216,24-02-2015,,,,,,,,,,,,,,1,,,,,,,,,,,,,,,,,,,,,,,,
4216,28-04-2015,,,,,,,,,,,,,,,,,,,,,,,,,,,,,,,,,,,,,,
4217,15-03-2014,,,,,,1,,,,,,,,,,,,,,,,,,,,,,,,,,,,,,,,
4217,18-12-2015,,,,,,,,,,,,,,,,,,,,,,,,,,,,,,,,,,,,1,,
4217,2001-12-15,1,,,,,,,,,,,,,,,,,,,,,,,,,,,,,,,,,,,,,
4217,2003-06-14,,,,,1,,,,,,,,,,,,,,,,,,,,,,,,,,,,,,,,,
4217,2005-02-15,,,,,,,,,,,1,,,,,,,,,,,,,,,,,,,,,,,,,,,
4217,23-11-2015,,,,,,,,,,,,,,,,,,,,,,,1,,,,,,,,,,,,,,,
4218,15-09-2014,,,,,,,,,,,,1,,,,,,,,,,,,,,,,,,,,,,,,,,
4218,2003-10-15,,1,,,,,,,,,,,,,,,,,,,,,,,,,,,,,,,,,,,,
4218,24-08-2014,,,,,,,,,,,,,,,,,,,,,,,,,,,,,,,,,,,,,,
4219,14-05-2014,,,,,,,,,,,,,,,,,,,,,,,,,,,,1,,,,,,,,,,
4219,16-10-2015,,,,,,,,1,,,,,,,,,,,,,,,,,,,,,,,,,,,,,,
4219,19-03-2015,,,,,,,,,,,,,,,,,,,,,,,,,,,1,,,,,,,,,,,
4219,21-09-2014,,,,,,,,,,,,,,1,,,,,,,,,,,,,,,,,,,,,,,,
4220,2005-05-14,,,,,,,,1,,,,,,,,,,,,,,,,,,,,,,,,,,,,,,
4220,2010-08-15,,,1,,,,,,,,,,,,,,,,,,,,,,,,,,,,,,,,,,,
4220,21-08-2015,,,,,,,,,,,,,,,,,,,1,,,,,,,,,,,,,,,,,,,
4220,21-11-2015,,1,,,,,1,,,,,,,,,,,,,,,,,,,,,,,,,,,,,,,
4221,2001-06-14,,,,,,,,,,,1,,,,,,,,,,,,,,,,,,,,,,,,,,,
4221,2004-01-15,,,,,,,,,,,,,,,,,,,,,,,,,,,,,,,,,,,,,,
4221,27-02-2015,1,,,,,,,,,,,,,,,,,,,,,,,,,,,,,,,,,,,,,
4222,20-05-2014,,,,,,,,,,,,,,,,,,,,,,,,,,,,,,,,,,,,,,
4222,20-08-2015,,,,,,,,,,,,,,,,,,,,,,,,,,,,,,,,,,,1,,,
4222,27-05-2015,,,1,,,,,,,,,,,,,,,,,,,,,,,,,,,,,,,,,,,
4223,15-06-2015,,,,,,,,,,,,,,,,1,,,,,,,,,,,,,,,,,,,,,,
4223,19-07-2015,,,,,,,,,,,,,,1,,,,,,,,,,,,,,,,,,,,,,,,
4223,20-07-2015,,,,,1,,,,,,,,,,,,,,,,,,,,,,,,,,,,,,,,,
4224,2004-10-15,,,,,,,,,,,,,,,,,,,,,,,,,,,,,1,,,,,,,,,
4224,24-02-2015,,,,,,,,,,1,,,,,,,,,,,,,,,,,,,,,,,,,,,,
4224,29-01-2015,,,,,,,,,,1,,,,,,,,,,,,,,,,,,,,,,,,,,,,
4224,30-08-2014,,,,,,,,1,,,,,,,,,,,,,,,,,,,,,,,,,,,,,,
4225,2001-05-15,,,,,,,1,,,,,,,,,,,,,,,,,,,,,,,,,,,,,,,
4225,2008-05-15,,,,,,,,,,,1,,,,,,,,,,,,,,,,,,,,,,,,,,,
4226,2003-03-14,,,,,,,,,,,,,,1,,,,,,,,,,,,,,,,,,,,,,,,
4226,2006-12-15,,,,,,,,,,,,,,,,,,,,,,,,,,,,,,,,,,,,,,
4226,27-11-2014,,,,,,,,,,,,,,,,,,,,,,,,,,,,,,,,,,1,,,,
4227,20-08-2015,,,,,,,,,,,,1,,,,,,,,,,,,,,,,,,,,,,,,,,
4227,25-07-2014,,,,,,,,,,,,,,1,,,,,,,,,,,,,,,,,,,,,,,,
4228,18-04-2015,,,1,,,,,,,,,,,,,,,,,,,,,,,,,,,,,,,,,,,
4228,2004-04-15,,,,,,,,,,,,,,,,1,,,,,,,,,,,,,,,,,,,,,,
4228,2008-02-14,,,,,,,,,,,,,,,,,,,,,,,,,,,,,,,,,,,,,,
4228,26-03-2015,1,,,,,,,,,,,,,,,,,,,,,,,,,,,,,,,,,,,,,
4229,2006-03-15,,,,,,,,,,,,,,,,,,,,,,,,,,,,,,,,,,,,,,
4230,15-03-2015,,,,,,,,,,,,,,,,,,,,,,,,,,,,,,,,,,,,,,
4230,2005-11-15,,,,,,,,,,,,,1,,,,,,,,,,,,,,,,,,,,,,,,,
4231,2004-02-14,,,1,,,,,,,,,,,,,,,,,,,,,,,,,,,,,,,,,,,
4231,2011-01-15,,,,,,,,,,1,,,,,,,,,,,,,,,,,,,,,,,,,,,,
4232,14-11-2015,,,,,,,,,,,,,,,,,,,,,,,1,,,,,,,,,,,,,,,
4232,19-12-2015,1,,,,,,,,,,,,,,,,,,,,,,,,,,,,,,,,,,,,,
4232,2007-07-14,,,,,1,,,,,,,,,,,,,,,,,,,,,,,,,,,,,,,,,
4233,16-06-2015,1,,,,,,,,,,,,,,,,,,,,,,,,,,,,,,,,,,,,,
4233,18-01-2014,,,,,,,,,,1,,,,,,,,,,,,,,,,,,,,,,,,,,,,
4233,18-08-2014,,,,,,,,,,,,,,,,,,,,,,,1,,,,,,,,,,,,,,,
4233,23-06-2014,,,,,1,,,,,,,,,,,,,,,,,,,,,,,,,,,,,,,,,
4234,17-07-2015,1,,,,,,,,,,,,,,,,,,,,,,,,,,,,,,,,,,,,,
4234,2001-10-14,,,,,,,,,,,,,,,,,,,,,,,,,,,1,,,,,,,,,,,
4234,2002-08-15,,,,,,,,,,,,,,,,,,,,,,,,,,,,,,,,,,1,,,,
4234,22-01-2014,,,,,,1,,,,,,,,,,,,,,,,,,,,,,,,,,,,,,,,
4234,27-10-2014,,,,,,,1,,,,,,,,,,,,,,,,,,,,,,,,,,,,,,,
4235,18-10-2014,,,,,,,,1,,,,,,,,,,,,,,,,,,,,,,,,,,,,,,
4235,19-12-2015,,,,,,,,,,,,,,,,,,,,,,,,,,,1,,,,,,,,,,,
4235,21-03-2014,,,,,,,,,,,,,,,,,,,,,,,,,,,,,1,,,,,,,,,
4235,25-09-2015,,1,,,,,,,,,,,,,,,,,,,,,,,,,,,,,,,,,,,,
4235,26-04-2015,,,,,,,,,,,,,,1,,,,,,,,,,,,,,,,,,,,,,,,
4236,13-10-2015,,,1,,,,,,,,,,,,,,,,,,,,,,,,,,,,,,,,,,,
4236,2004-03-14,,,,,,,,,,1,,,,,,,,,,,,,,,,,,,,,,,,,,,,
4236,25-11-2015,,1,,,,,,,,,,,,,,,,,,,,,,,,,,,,,,,,,,,,
4237,20-05-2014,,,,,,,,,,,,,,,,,,,,,,,1,,,,,,,,,,,,,,,
4238,2003-12-15,,,,,,,,,,,,,1,,,,,,,,,,,,,,,,,,,,,,,,,
4238,2012-12-15,,,1,,,,,,,,,,,,,,,,,,,,,,,,,,,,,,,,,,,
4239,2011-02-15,,,,,,,,,,,,,,,,,,,,,,,,,,,,,,,,,,,,,,
4240,18-09-2015,,,,,,,,,,,,,,1,,,,,,,,,,,,,,,,,,,,,,,,
4240,2004-12-15,,,,,,,,,,,,,,,,,,,,,,,,,1,,,,,,,,,,,,,
4240,28-06-2015,,,,,,1,,,,,,,,,,,,,,,,,,,,,,,,,,,,,,,,
4240,29-04-2015,,,,,,,,,,,,,,,,,,,1,,,,,,,,,,,,,,,,,,,
4241,2002-10-14,,,,,,,,,,,,,,,,,,,,,,,,,,,,,,,,,,,,,,
4242,2009-12-15,,,,,,,,,,,,,,,,,,,,,,1,,,,,,,,,,,,,,,,
4242,30-01-2014,,,,,,,,,,,,,,,,,,,1,,,,,,,,,,,,,,,,,,,
4242,30-03-2015,,,,,,,,,,,1,,,,,,,,,,,,,,,,,,,,,,,,,,,
4243,2002-04-15,,,,,,,,,,,,,,,,,,,,,,,,,,,,,,,,,,,,,,
4243,2002-07-14,,,,,,1,,,,,,,,,,,,,,,,,,,,,,,,,,,,,,,,
4244,17-04-2014,,,,,,1,,,,,,,,,,,,,,,,,,,,,,,,,,,,,,,,
4244,20-09-2014,1,,,,,,,,,,,,,,,,,,,,,,,,,,,,,,,,,,,,,
4244,31-10-2015,,,1,,,,,,,,,,,,,,,,,,,,,,,,,,,,,,,,,,,
4245,13-09-2014,,,,,,,,1,,,,,,,,,,,,,,,,,,,,,,,,,,,,,,
4245,15-07-2014,,,,,,,,,,,,,,,,,,,,,,,,,,,,,,1,,,,,,,,
4245,2004-06-15,,,,,,,,,,,1,,,,,,,,,,,,,,,,,,,,,,,,,,,
4245,21-11-2014,,,,,,,,,,,1,,,,,,,,,,,,,,,,,,,,,,,,,,,
4246,13-06-2015,,,,,,,,,,,,,,,,,,,1,,,,,,,,,,,,,,,,,,,
4246,2001-12-15,,,,,,,,,,,,,,,,,,,,,,,,,,,,,,,,,,,,,,
4246,28-06-2014,,,1,,,,,,,,,,,,,,,,,,,,,,,,,,,,,,,,,,,
4247,2002-01-14,,,,,,,,,,,,,,,,,,,,,,,,,,,,,,,,,,,,,,
4248,2009-10-14,,,,,,,,1,,,,,,,,,,,,,,,,,,,,,,,,,,,,,,
4249,2004-12-15,,,,,,,,,,,,,,,,,,,,,,,,,,,,,,,,,,,,,,
4249,27-02-2015,,,,,,,1,,,,,,,,,,,,,,,,,,,,,,,,,,,,,,,
4250,17-01-2014,,,,,,,,,,,,,,,,,,,1,,,,,,,,,,,,,,,,,,,
4251,14-11-2014,1,,,,,,,,,,,,,,,,,,,,,,,,,,,,,,,,,,,,,
4251,17-01-2015,,,,,,,,,,,,,,,,,,,,,,,1,,,,,,,,,,,,,,,
4251,2001-07-14,,,,,1,,,,,,,,,,,,,,,,,,,,,,,,,,,,,,,,,
4251,2003-10-15,,,1,,,,,,,,,,,,,,,,,,,,,,,,1,,,,,1,,,,,,
4251,21-12-2015,,,,,,,,,,,,,,,,,,,,,,,,,,,,,,,,,,,,,,
4252,28-04-2014,,,,,,,,,,,1,,,,,,,,,,,,,,,,,,,,,,,,,,,
4254,14-08-2015,,,,,,,,,,,,,,,,,,,1,,,,,,,,,,,,,,,,,,,
4254,20-07-2015,,,,,1,,,,,,,,,,,,,,,,,,,,,,,,,,,,,,,,,
4254,25-12-2014,,,,,,,,,,,,,,,,,,,,,,,,,,,,,,,,1,,,,,,
4255,15-08-2015,,,,,,,,,,,,,,,,,,,,,,,,,,,,,,,,,,,1,,,
4255,2002-09-15,1,,,,,,,,,,,,,,,,,,,,,,,,,,,,,,,,,,,,,
4256,2003-02-14,,,,,,,,,,,,,,,1,,,,,,,,,,,,,,,,,,,,,,,
4256,2009-05-14,1,,,,,,,,,,,,,,,,,,,,,,,,,,,,,,,,,,,,,
4257,14-06-2014,,,,,,,,,,,,,,,,,,,,,,,,,,,,,,,,,,,,,,
4257,21-08-2015,,1,,,,,,,,,,,,,,,,,,,,,,,,,,,,,,,,,,,,
4257,28-06-2015,,,,,,,,,,,,,,,,,,,,,,,,,,1,,,,,,,,,,,,
4258,13-06-2014,,,,,,,,,,,,,,,,,,,1,,,,,,,,,,,,,,,,,,,
4258,2011-12-15,,,,,,,,,,,,,,,,,,,,,,,,,,,,,,,,,,,,,,
4258,22-04-2015,,1,,,,,,,,,,,,,,,,,,,,,,,,,,,,,,,,,,,,
4259,16-12-2014,,,,,,,,,,,,,1,,,,,,,,,,,,,,,,,,,,,,,,,
4259,2011-12-14,,,,,,,,,,,,,,,,,,,1,,,,,,,,,,,,,,,,,,,
4259,24-06-2015,,,,,,,,,,,,,,,,,,,,,,,,,,,,,1,,,,,,,,,
4260,16-11-2015,1,,,,,,,,,1,,,,,,,,,,,,,,,,,,,,,,,,,,,,
4260,19-10-2015,,,,,,,,,,,,,,,,,,,,,,,,,,,,,,,,,,,,1,,
4260,30-05-2015,,,,,1,,,,,,,,,,,,,,,,,,,,,,,,,,,,,,,,,
4261,13-06-2014,1,,,,,,,,,,,,,,,,,,,,,,,,,,,,,,,,,,,,,
4261,16-02-2015,,,,,,,,,,,1,,,,,,,,,,,,,,,,,,,,,,,,,,,
4261,29-05-2014,,,,,1,,,,,,,,,,,,,,,,,,,,,,,,,,,,,,,,,
4262,17-08-2014,,,,,,,,,,,,,,,,,,,,,1,,,,,,,,,,,,,,,,,
4262,25-04-2015,1,,,,,,,,,,,,,,,,,,,,,,,,,,,,,,,,,,,,,
4264,16-03-2014,1,,,,,,,,,,,,,,,,,,,,,,,,,,,,,,,,,,,,,
4265,2006-05-14,,,,,,1,,,,,,,,,,,,,,,,,,,,,,,,,,,,,,,,
4265,2012-12-15,,,,,,,,1,,,,,,,,,,,,,,,,,,,,,,,,,,,,,,
4265,31-10-2014,,,,,,1,,,,,,,,,,,,,,,,,,,,,,,,,,,,,,,,
4266,17-06-2015,,,,,,,,,,,,,,,,,,,,,,,,,,,1,,,,,,,,,,,
4266,19-02-2014,,,,,,,,,,,,,,,,,,,,,,,,,,,,,,,,,,,1,,,
4266,29-11-2014,,,,,,,,,,,,,,,,,,,1,,,,,,,,,,,,,,,,,,,
4266,31-07-2015,,,,,,,,,,,,,,,,,,,,,,,,,,,,,,,,,,,,,,
4267,13-09-2015,,,,,,,,,,,,,,,,,,,,,,,,,,,,,,,,,,,,,,
4267,2006-09-15,,,,,,,,,,,,,,1,,,,,,,,,,,,,,,,,,,,,,,,
4267,2011-02-15,,1,,,,,,,,,,,,,,,,,,,,,,,,,,,,,,,,,,,,
4267,2012-11-14,,,,,,,,1,,,,,,,,,,,,,,,,,,,,,,,,,,,,,,
4268,14-10-2014,,,,,,,,,,,,,,,,,,,,,,,1,,,,,,,,,,,,,,,
4268,16-04-2015,,,,,,,,,,,,,,,,1,,,,,,,,,,,,,,,,,,,,,,
4268,25-04-2015,,,,,,,,1,,,,,,,,,,,,,,,,,,,,,,,1,,,,,,,
4270,2008-02-15,,,,,,,,,,,1,,,,,,,,,,,,,,,,,,,,,,,,,,,
4271,19-12-2014,,,,,,,,,1,,,,,,,,,,,,,,,,,,,,,,,,,,,,,
4271,2011-06-14,,,,,,,,,1,,,,,,,,,,,,,,,,,,,,,,,,,,,,,
4272,14-08-2014,,,,,,,,,,,,,,,,,,,,,,,,,,,,,,,,,,,,,,
4272,2006-06-15,,,,,,,,,,,,,,,,,,,,,,1,,,,,1,,,,,,,,,,,
4272,2010-05-14,,,,,,,,,,,,,,,,,,,,,1,,,,,,,,,,,,,,,,,
4272,22-03-2015,1,,,,,,,,,,,,,,,,,,,,,,,,,,,,,,,,,,,,,
4272,23-06-2014,,,,,,1,,,,,,,,,,,,,,,,,,,,,,,,,,,,,,,,
4273,14-06-2015,,,,,,1,,,,,,,,,,,,,,,,,,,,,,,,,,,,,,,,
4273,21-03-2015,,,,,,,,,,,,,,1,,,,,,,,,,,,,,,,,,,,,,,,
4273,22-01-2015,,,,,,,,1,,,,,,,,,,,,,,,,,,,,,,,,,,,,,,
4274,22-05-2014,,,,,,,,,,1,,,,,,,,,,,,,,,,,,,,,,,,,,,,
4274,23-01-2015,,,,,,,,,,,,,,,,,,,,,,,,,,,,,,,,,,,,,,
4274,31-03-2014,1,,,,,,,,,,,,,,,,,,,,,,,,,,,,,,,,,,,,,
4275,18-08-2015,1,,,,,,,,,,,,,,,,,,,,,,,,,,,,,,,,,,,,,
4275,2003-04-14,,,,,,1,,,,,,,,,,,,,,,,,,,,,,,,,,,,,,,,
4275,2011-09-15,,,,,,,,,,1,,,,,,,,,,,,,,,,,,,,,,,,,,,,
4277,18-02-2015,1,,,,,,,,,,,,1,,,,,,,,,,,,1,,,,,,,,,,,,,
4277,2003-08-14,,,,,,,,,,,,,,,,,,,1,,,,,,,,,,,,,,,,,,,
4277,2004-09-14,,,,,,,,,,,,,,,,,,,,,,,,,,,,,1,,,,,,,,,
4277,2006-12-15,,,,,,,,,,,1,,,,,,,,,,,,,,,,,,,,,,,,,,,
4277,2009-08-15,,,,,,,,,,,,,,,,,,,,,,,,,,,,,,,,,,,,,,
4277,25-11-2015,,,,,,,,,,,,,,,,,,,1,,,,,,,,,,,,,,,,,,,
4280,2001-03-14,,,,,,,,,,,,,,,,,,,,,,,,,,,,,,,,,,,,,,
4280,2006-09-14,,,,,,,,,,,,,,,,,,,,,1,,,,,,,,,,,,,,,,,
4281,14-09-2015,,,,,,,,,,,,,,,,,,,,,,,,,,,,,,,,,,,1,,,
4281,18-10-2015,,,,,,,,,,,,,,,,,,,,,,,,,,,,,,,,1,,,,,,
4281,2003-04-15,,,,,,,,1,,,,,,,,,,,,,,,,,,,,,,,,,,,,,,
4281,2009-03-14,,,,,,,,,,,,,,,,,,,1,,,,,,,,,,,,,,,,,,,
4282,23-06-2015,,,,,,,,,,1,,,,,,,,,,,,,,,,,,,,,,,,,,,,
4283,20-06-2014,,,,,,1,,,,,,,,,,,,,,,,,,,,,,,,,,,,,,,,
4284,14-10-2015,,,,,,,1,,,,,,,,,,,,,,,,,,,,,,,,,,,,,,,
4284,18-06-2014,1,,,,,,,,,,,,,,,,,,,,,,,,,,,,,,,,,,,,,
4284,2006-10-14,,,,,,,,,,,,,,,,,,,,,,,,,,,,,,,,,,,,,,
4285,13-04-2014,,,,,1,,,,,,,,,,,,,,,,,,,,,,,,,,,,,,,,,
4285,22-04-2015,,,,,,,,,,,,,,,,,,1,,,,,,,,,,,,,,,,,,,,
4285,29-12-2015,1,,,,,,,,,,,,,,,,,,,,,,,,,,,,,,,,,,,,,
4286,2006-06-15,,,,,,1,,,,,,,,,,,,,,,,,,,,,,,,,,,,,,,,
4286,2008-03-15,1,,,,,,,,,,,,,,,,,,,,,,,,,,,,1,,,,,,,,,
4286,2012-09-15,,,,,,1,,,,,,,,,,,,,,,,,,,,,,,,,,,,,,,,
4287,20-07-2014,,,,,,,,,,,,,,,,,,,,,,,,,,,1,,,,,,,,,,,
4287,2006-08-15,,,,,,,,,,,,,,,,,,,,,,,,,,,,,,,,,,,,,,
4288,24-09-2014,,,,,,,,,,,,,,,,,,,,,,,,,,,,,,,,,,,,,,
4288,26-05-2015,,,,,,,,,,,,,,,,,,,,,,,,,,,1,,,,,,,,,,,
4289,2008-09-15,,,,,,,,,,,,,,,,,,,,1,,,,,,,,,,,,,,,,,,
4289,2008-10-15,,,,,,,,,,1,,,,,,,,,,,,,1,,,,,,,,,,,,,,,
4290,26-03-2014,,,,,,,,,,,,,,,,,,,,,,,,,,,,,,,,,,,,,,
4291,2002-02-14,1,,,,,,,,,,,,,,,,,,,,,,,,,,,,,,,,,,,,,
4291,2007-08-14,,,,,,,,,,,1,,,,,,,,,,,,,,,,,,,,,,,,,,,
4291,2008-12-15,,,,,1,,,,,,,,,,,,,,,,,,,,,,,,,,,,,,,,,
4291,2009-12-15,,,,,,,,,,,,,,,,,,,,,,,,,,,,,,,,,,,,,,
4291,29-07-2015,,,,,,,,,,,,,,1,,,,,,,,,,,,,,,,,,,,,,,,
4292,18-08-2015,,,,,,,,,,,,,,1,,,,,,,,,,,,,,,,,,,,,,,,
4292,2005-12-15,,,,,,,,,,,,,,,,,,,,,,,,,,,,,,,,,,,,1,,
4292,27-03-2015,,,,,,,,,,,,,,,,,,,,,,,,,,,,,,,,,,,,,,
4293,2004-08-15,,,,,,,,,,,,,,,,,,,,,,1,,,,,,,,,,,,,,,,
4293,2005-07-15,,,,,1,,,,,,,,,,,,,,,,,,,,,,,,,,,,,,,,,
4293,23-04-2015,,,,,,1,,,,,,,,,,,,,,,,,,,,,,,,,,,,,,,,
4293,24-08-2015,,,,,,,,,,,,,,,,,,,,,,,,,,,,,,,,,,,,,,
4294,2002-03-15,,,,,,,,1,,,,,,,,,,,,,,,,,,,,,,,,,,,,,,
4294,2003-12-15,,,,,,,,1,,,,,,,,,,,,,,,,,,,,,,,,,,,,,,
4294,2008-01-15,,,,,,1,,,,,,,,,,,,,,,,,,,,,,,,,,,,,,,,
4295,24-03-2015,,,,,,,,,,,,,,,,,,,,,,,,,,,,,,,,,,,,,,
4295,26-10-2015,1,,,,,,,,,,,,,,,,,,,,,,,,,,,,,,,,,,,,,
4296,15-12-2014,,,,,,,,,,,,,,,,,,,,,,,,,,,,,,,,,,,,,,
4296,26-08-2015,1,,,,,,,,,,,,,,,,,,,,,,,,,,,,,,,,,,,,,
4296,28-07-2015,,,1,,,,,,,,,,,,,,,,,,,,,,,,,,,,,,,,,,,
4297,2002-03-14,1,,,,,,,,,,,,,,,,,,,,,,,,,,,,,,,,,,,,,
4297,24-12-2014,1,,,,,,,,,,,,,,,,,,,,,,,,,,,,,,,,,,,,,
4297,27-10-2015,1,,,,,,,,,,,,,,,,,,,,,,,,,,,,,,,,,,,,,
4297,30-05-2014,,,,,,1,,,,,,,,,,,,,,,,,,,,,,,,,,,,,,,,
4298,22-03-2014,1,,,,,,,,,,,,,,,,,,,,,,,,,,,,,,,,,,,,,
4298,25-07-2015,1,,,1,,,,,,,,,,,,,,,,,,,,,,,,,,,,,,,,,,
4299,14-08-2015,1,,,,,,,,,,,,,,,,,,,,,,,,,,,,,,,,,,,,,
4299,19-01-2014,,,,,,1,,,,,,,,,,,,,,,,,,,,,,,,,,,,,,,,
4299,2008-02-15,1,,,,,,,,,,,,,1,,,,,,,,,,,,,,,,,,,,,,,,
4300,2001-10-14,,,,,,,,,,,,,,1,,,,,,,,,,,,,,,,,,,,,,,,
4300,2004-04-15,,,,,,,,,,,,,,1,,,,,,,,,,,,,,,,,,,,,,,,
4300,28-01-2014,,,,,,,,,,,,1,,,,,,,,,,,,,,,,,,,,,,,,,,
4301,2001-05-15,,,,,,,,,,,,1,,,,,,,,,,,1,,,,,,,,,,,,,,,
4301,24-12-2014,,,,,,,1,,,,,,,,,,,,,,,,,,,,,,,,,,,,,,,
4301,30-09-2015,,,,,,,,,1,,,,,,,,,,,,,,,,,,,,,,,,,,,,,
4302,2003-08-15,,,1,,,,,,,,,,,,,,,,,,,,,,,,,,,,,,,,,,,
4302,2005-04-15,,,,,,1,,,,,,,,,,,,,,,,,,,,,,,,,,,,,,,,
4302,2005-11-15,,,,,,1,,,,,,,,,,,,,,,,,,,,,,,,,,,,,,,,
4302,2008-03-15,,,1,,,,,,,,,,,,,,,,,,,,,,,,,,,,,,,,,,,
4303,2007-12-15,,,,,,,,,,1,,,,,,,,,,,,,,,,,,,,,,,,,,,,
4303,22-02-2015,,,,,,,,,,,,,,,,,,,,,,,,,,,,,,,,,,,,,,
4303,23-08-2015,,,,,,1,,,,,,,,,,,,,,,,,,,,,,,,,,,,,,,,
4303,24-10-2014,1,,,,,,,,,,,,,,,,,,,,,,,,,,,,,,,,,,,,,
4303,25-09-2015,,,,,,,,,,,,,,,,,,,,,,,,,,,,,,,,,,,,,,
4303,25-12-2015,,,,,,,,,,,,,,,,,,,,,,,1,,,,,,,,,,,,,,,
4303,28-11-2014,,,,,1,,,,,,,,,,,,,,,,,,,,,,,,,,,,,,,,,
4304,14-02-2015,,,,,,,,,,,,,,,,,,,,,,,1,,,,,,,,,,,,,,,
4304,18-07-2014,,,,,,,,,,,,,,,,,,,,,,,,,,,,,,,,1,,,,,,
4305,2003-12-14,1,,,,,,,,,,,,,,,,,,,,,,,,,,,,,,,,,,,,,
4305,23-06-2015,1,,,,,,,,,,,,,,,,,,,,,,,,,,,,,,,,,,,,,
4305,24-07-2015,,,,,,,,,,,,,1,,,,,,,,,,,,,,,,,,,,,,,,,
4306,26-04-2015,,,,,,,,,,,,,,,,,,,,,1,,,,,,,,,,,,,,,,,
4306,28-12-2015,,,,,,,1,,,,,,,,,,,,,,,1,,,,,,,,,,,,,,,,
4307,2005-07-14,,,,,,,,,,,,,,,,,,,1,,,,,,,,,,,,,,,,,,,
4308,2005-12-15,,,,,,,,,,,,,1,,,,,,,,,,,,,,,,,,,,,,,,,
4308,2007-01-14,,,,,,,,,,,,,,,,,,,,,,,,,,,,,,,,,,,,,,
4308,2007-04-15,,,,,,,,,,1,,,,,,,,,,,,,,,,,,,,,,,,,,,,
4308,24-01-2015,1,,,,,,,,,,,,,1,,,,,,,,,,,,,,,,,,,,,,,,
4308,29-11-2014,,,,,,,,,,,,,,,,,,,,,,,,,,,,,,,,,,,,,,
4309,15-09-2015,1,,,,,,,,,,,,,,,,,,,,,,,,,,,,,,,,,,,,,
4310,2004-01-14,,,,,,,,,,,,,,,,,,,,,,,,,,,,,,,,,,,,,,1
4310,2007-07-14,,,,,,,,,,,,,,,,,,,,,,,,1,,,,,,,,,,,,,,
4310,27-02-2015,,,,,,,1,,,,,,,,,,,,,,,,,,,,,,,,,,,,,,,
4311,2006-12-14,,,,,,,,,,,,,,,,,,,,,,,,,,,,,,,,,,,,,,1
4312,14-12-2015,,,,,,,,,,,,,,,,,,,,,,,,,,,,,,,,,,,,,,
4312,19-07-2014,,,,,1,,,,,,,,,,,,,,,1,,,,,,,,,,,,,,,,,,
4312,19-10-2015,,,,,,,,,,,1,,,,,,,,,,,,,,,,,,,,,,,,,,,
4312,2002-04-14,1,,,,,,,,,,,,,,,,,,,,,,,,,,,,,,,,,,,,,
4312,22-04-2015,,,1,,,,,,,,,,,,,,,,,,,,,,,,,,,,,,,,,,,
4313,23-06-2015,,,,,,,,,,,,,,1,,,,,,,,,,,,,,,,,,,,,,,,
4314,15-06-2014,1,,,,,,,,,,,,,,,,,,,,,,,,,,,,,,,,,,,,,
4314,2002-05-15,,,,,,,,1,,,,,,,,,,,,,,,,,,,,,,,,,,,,,,
4314,2005-10-14,,,,,,,,,,,,,,,,,,,,,,,,,,,,,,,,,,,,,,
4314,2012-02-14,,,,,,1,,,,,,,,,,,,,,,,,,,,,,,,,,,,,,,,
4314,25-10-2014,,,,,,1,,,,,,,,,,,,,,,,,,,,,,,,,,,,,,,,
4315,19-04-2014,,,,,,,,1,,,,,,,,,,,,,,,,,,,,,,,,,,,,,,
4315,26-04-2015,,,,,,,,,,,,,,1,,,,,,,,,,,,,,,,,,,,,,,,
4316,17-08-2014,,,,,,,,,,,,,,1,,,,,,,,,,,,,,,,,,,,,,,,
4316,2003-05-14,,,,,,,,,,,,,,,,,,,,,,,,,,,,1,,,,,,,,,,
4316,2004-08-14,1,,,,,,,,,,,,,,,,,,,,,,,,,,,,,,,,,,,,,
4316,2011-01-15,,,,,,1,,,,,,,,,,,,,,,,,,,,,,,,,,,,,,,,
4316,28-02-2014,1,,,,,,,,,,,,,,,,,,,,,,,,,,,,,,,,,,,,,
4318,2009-08-14,,,,,,,,,,,,,,,,,,,,,1,,,,,,,,,,,,,,,,,
4318,27-03-2014,,,,,,,,,,,,,1,,,,,,,,,,,,,,,,,,,,,,,,,
4319,2008-11-15,,,,,,,,,,,,,,,,,,,,,,,,,,,,,,,,,,,,,,
4319,2010-03-14,,,,,,,,,,,,,,,,,,,,,,,,,,,,,,,,,,,1,,,
4319,21-05-2015,,,,,,,,,,,,,,,,,,,,,,,1,,,,,,,,,,,,,,,
4319,26-10-2015,1,,,,,,,,,,,,,,,,,,,,,,,,,,,,,,,,,,,,,
4319,29-09-2014,,,,,,,1,,,,,,,,,,,,,,,,,,,,,,,,,,,,,,,
4320,13-01-2015,,,,,,1,,,,,,,,,,,,,,,,,,,,,,,,,,,,,,,,
4320,18-04-2015,,,,,,,,,,,,,,,,,,,,,,,,,,,,,,,,,,,,,,
4320,2007-01-15,,,,,,,,,,,,,,,,,,,1,,,,,,,,,,,,,,,,,,,1
4320,2011-12-15,,,,,,,,,,,,,,,,,,,,,,,,,,,,,,,,,,,,,,
4321,14-01-2014,,,,,,,,,,,,,,,,,,,1,,,,,,,,,,,,,,,,,,,
4321,2008-05-15,,,,,,,,,,,,,,,,,,,,1,,,,,,,,,,,,,,,,,,
4321,2012-09-15,,,,,,,,,,,,,,,,,,,,,,,,,,,,,,,,,,,,,,
4321,27-10-2015,,,,,,,1,,,,,,,,,,1,,,,,,,,,,,,,,,,,,,,,
4321,29-01-2015,,,1,,,,,,,,,,,,,,,,,,,,,,,,,,,,,,,,,,,
4322,14-11-2015,,,,,,,,,,,,,,,,,,,,,1,,,,,,,,,,,,,,,,,
4322,2003-04-14,,,,,,,,,,,,,,,,,,,,,,,,,,,,,,1,,,,,,,,
4322,2003-12-15,,,,,,,,,,,,,,,,,,,,,,,,,,1,,,,,,,,,,,,
4322,31-10-2015,,,,,,,,,,,,,,,,,,,,,,,,,,,,,1,,,,,,,,,
4323,13-05-2015,1,,,,,,,,,,,,,,,,,,,,,,,,,,,,,,,,,,,,,
4324,20-09-2014,,,,,,,,,,,1,,,,,,,,,,,,,,,,,,,,,,,,,,,
4324,2005-01-15,,,,,,,,,,,,,,,,,,,,,,,,,,,,,,,,,,,,,,
4324,25-01-2014,,,,,,,,,,1,,,,,,,,,,,,,,,,,,,,,,,,,,,,
4325,14-10-2015,,,,,,,,,,,,,,,,,,,1,,,,,,,,,,,,,,,,,,,
4325,2003-03-14,,,,,,,,,,,,,,,,,,,,,,,,,,1,,,,,,,,,,,,
4325,2011-12-14,,,,,,,1,,,,,,,,,,,,,,,,,,,,,,,,,,,,,,,
4326,2002-05-15,,,1,,,,,,,,,,,,,,,,,,,,,,,,,,,,,,,,,,,
4326,2011-04-15,,,,,,,,,,,,,,,,,,,,,,,,,,,,,,,,,,,,,,
4326,21-01-2015,,1,,,,,,,,,,,,,,,,,,,,,,,,,,,,,,,,,,,,
4326,29-09-2015,,,,,,,,,,,,,,,,,,,,,,,1,,,,,,,,,,,,,,,
4327,2005-08-14,,,,,,,,,,,,,,,,,,,,,,1,,,,,,,,,,,,,,,,
4327,26-04-2015,,,,,,,,,,,,,,1,,,,,,,,,,,,,,,,,,,,,,,,
4328,2004-02-15,,1,,,,,,,,,,,,,,,,,,,,,1,,,,,,,,,,,,,,,
4328,21-07-2015,,1,,,,,,,,,,,,1,,,,,,,,,,,,,,,,,,,,,,,,
4328,29-08-2015,,,1,,,,,,,,,,,,,,,,,,,,,,,,,,,,,,,,,,,
4329,20-01-2014,,,,,,,,,,,,,1,,,,,,,,,,,,,,,,,,,,,,,,,
4329,23-10-2014,,,1,,,,,,,,,,,,,,,,,,,,,,,,,,,,,,,,,,,
4330,13-05-2014,,1,,,,,,,,,,,,,,,,,,,,,,,,,,,,,,,,,,,,
4330,2008-04-15,,,,,,,,,,,,,,,,,,,,,,,1,,,,,,,1,,,,,,,,
4330,24-09-2014,,,,,,,,,,,,,,,,,,,1,,,,,,,,,,,,,,,,,,,
4330,26-03-2014,,1,,,,,,,,,,,,,,,,,,,,,,,,,,,,,,,,,,,,
4331,17-08-2014,,,,,,,,,,,,,,,,,,,,,,1,,,,,,,,,,,,,,,,
4331,2010-09-15,,,,,,,,,,,,,,,,,,,,,,,,,,,,,,,,,,,,,,
4332,24-11-2015,,,,,,,,,,,,,,,,,,,,,,,1,,,,,,,,,,,,,,,
4332,25-10-2015,,,,,,,,,,,,,,,,,,,,,1,,,,,,,,,,,,,,,,,
4333,2001-07-15,,,,,,,,,,,,,,,,,,,,,,,,,,,,,,1,,,,,,,,
4334,16-03-2014,,,,,,,,,,,1,,,,,,,,,,,,,,,,,,,,,,,,,,,
4334,2010-11-15,,,,,,,,,,,,,,,,,,,,,,,,,,,1,,,,,,,,,,,
4334,2012-10-15,,,,,,,,,,,,,,1,,,,,,,,,,,,,,,,,,,,,,,,
4334,28-04-2015,,,,,,,,,,,,,,,,,,1,,,,,,,,,,,,,,,,,,,,
4335,17-07-2014,,,,,,,,1,,,,,,,,,,,,,,,,,,,,,,,,,,,,,,
4335,2001-03-14,1,,,,,,,,,,,,,,,,,,,,,,,,,,,,,,,,,,,,,
4335,2010-06-15,,,,,,,,,,,,,,,,,,,,,,,,,,,,,,,,,,,,,,
4335,2012-10-15,,,,,,,,,,,,,,1,,,,,,,,,,,,,,,,,,,,,,,,
4336,2010-09-15,,1,,,,,,,,,,,,,,,,,,,,,,,,,,,,,,,,,,,,
4336,2010-10-15,,,,,,,,,,,,,,,,,,,,,,,,,,,,,,,,,,,,,,
4336,2012-10-14,,,,,,,,,,,,,,,,,,,,,,,,,,,,,,,,,,,1,,,
4336,27-04-2015,1,,,,,,,,,,,,,,,,,,,,,,,,,,,,,,,,,,,,,
4336,28-11-2014,,,,,1,,,,,,,,,,,,,,,,,,,,,,,,,,,,,,,,,
4337,26-10-2015,,,1,,,,,,,,,,,,,,,,,,,,,,,,,,,,,,,,,,,
4337,27-04-2014,,,,,1,,,,,,,,,,,,,,,,,,,,,,,,,,,,,,,,,
4337,28-08-2014,,,,,,,,,,,,,,,,,,,,,,,,,,,,,,,,,,,,,,
4338,14-04-2014,,,1,,,,,,,,,,,,,,,,,,,,,,,,,,,,,,,,,,,
4338,2007-07-14,,,,,,,,,,,,,,,,,,,,,,,,,,,,,,,1,,,,,,,
4338,2011-10-15,,,,,,,1,,,,,,,,,,,,,,,,,,,,,,,,,,,,,,,
4338,24-06-2015,1,,,,,,,1,,,,,,,,,,,,,,,,,,,,,,,,,,,,,,
4338,25-01-2015,,,,,,,1,,,,,,,,,,,,,,,,,,,,,,,,,,,,,,,
4338,25-10-2014,,,,,,,1,,,,,,,,,,,,,,,,,,,,,,,,,,,,,,,
4339,20-11-2014,1,,,,,,,,,,,,,,,,,,,,,,,,,,,,,,,,,,,,,
4339,27-03-2014,,,,,,,,,,,,,,,,,,,,,,,,,,,1,,,,,,,,,,,
4340,2006-08-15,,,,,,,,,,,,,,,,,,,,,,,1,,,,,,,,,,,,,,,
4340,24-08-2014,,,,,,1,,,,,,,,,,,,,,,,,,,,,,,,,,,,,,,,
4340,26-01-2015,,,,,,,,,,,,,,,,,,,,,,,,,,,,,,,,,,,,,,
4341,2012-02-14,,,,,,1,,,,,,,,,,,,,,,,,,,,,,,,,,,,,,,,
4341,26-10-2014,,,,,,,,,1,,,,,,,,,,,,,,,,,,,,,,,,,,,,,
4342,15-05-2014,,,,,,,1,,,,,,,,,,,,,,,,,,,,,,,,,,,,,,,
4342,17-04-2014,1,,,,,,,,,,,,,,,,,,,,,,,,,,,,,,,,,,,,,
4342,18-03-2015,1,,,,,,,,,,,,,,,,,,,,,,,,,,,,,,,,,,,,,
4342,27-10-2014,,,,,,1,,,,,,,,,,,,,,,,,,,,,,,,,,,,,,,,
4343,21-12-2015,,,,,,,,,,,,,,,,,,,,,,,,,,,,,,,,,,,,1,,
4343,26-04-2014,,,,,,,,,,,,,1,,,,,,,,,,,,,,,,,,,,,,,,,
4344,2001-03-15,,,,,,,,,,,,,,,,,,,,,,,,,,,,,,,,,,,,,,
4344,2006-05-15,,,,,,,,,,,,,,1,,,,,,,,,,,,,,,,,,,,,,,,
4345,19-03-2014,,1,,,,,,,,,,,,,,,,,,,,,,,,,,,,,,,,,,,,
4345,28-01-2015,,,,,,,,1,,,,,,,,,,,,,,,,,,,,,,,,,,,,,,
4347,2007-03-15,,,,,,,,,,,,,,,,,,,,,,,1,,,,,,,,,,,,,,,
4347,2009-07-14,,,,,,,,,,,,,,1,,,,,,,,,,,,,,,,,,,,,,,,
4348,2004-11-14,,,,,,,,1,,,,,,,,,,,,,,,,,,,,,,,,,,,,,,
4348,2006-08-14,,,,,,,,,,,,,,1,,,,,,,,,,,,,,,,,,,,,,,,
4348,2011-04-15,,,1,,,,,,,,,,,,,,,,,,,,,,,,,,,,,,,,,,,
4349,14-03-2015,,,,,,,,,,,,,,1,,,,,,,,,,,,,,,,,,,,,,,,
4349,22-11-2014,,,,,,,,,,,,,,,,,,,,,,,,,,,,,,,,,,,,,,
4351,16-01-2015,1,,,,,,,,,,,,,,,,,,,,,,,,,,,,,,,,,,,,,
4351,21-08-2015,,,,,,1,,,,,,,,,,,,,,,,,,,,,,,,,,,,,,,,
4352,14-04-2015,,,,,,,,,,,,,,,,,,,,,,,,,,,,,,,,,,,,,,
4352,20-07-2015,,,,,,,,,,,,,,,,,,,,,,,1,,,,,,,,,,,,,,,
4352,28-11-2015,,,,,,,,,,,,,,,,,,,,,,,,,,,,,,,,,,,,,,
4352,29-12-2015,,,,,,,,,,,,,,,,,,,,,,,,,,,,,,,,,,1,,,,
4353,2012-07-14,,,1,,,,,,,,,,,,,,,,,,,,,,,,,,,,,,,,,,,
4353,24-08-2015,,,,,,,,,,1,,,,,,,,,,,,,,,,,,,,,,,,,,,,
4355,13-01-2014,1,,,,,,,,,,,,,,,,,,,,,,,,,,,,,,,,,,,,,
4355,2010-09-14,,,,,,,1,,,,,,,,,,,,,,,,,,,,,,,,,,,,,,,
4356,2001-12-15,,,1,1,,,,,,,,,,,,,,,,,,,,,,,,,,,,,,,,,,
4356,2009-01-14,,,1,,,,,,,,,,,,,,,,,,,,,,,,,,,,,,,,,,,
4356,25-06-2014,,,,,1,,,,,,,,,,,,,,,,,,,,,,,,,,,,,,,,,
4357,13-04-2015,,,,,,,,,,1,,,,,,,,,,,,,,,,,,,,,,,,,,,,
4357,2010-10-15,,,,,,,,,,,,,,,1,,,,,,,,,,,,,,,,,,,,,,,
4358,2006-11-15,,1,,,,,,,,,,,,,,,,,,,,,,,,,,,,,,,,,,,,
4358,2011-08-14,,,1,,,,,,,,,,,,,,,,,,,,,,,,,,,,,,,,,,,
4359,2003-07-14,,,,,,,,,,,,,,1,,,,,,,,,,,,,,,,,,,,,,,,
4359,24-09-2015,,,,,,,,,,,,,,,,,,,,,,,,,1,,1,,,,,,,,,,,
4360,23-02-2015,,,,,,,,,,,,,,,,,,,,,,,,,,,,,,,,,,,,1,,
4361,14-07-2014,,,,,,,,,,,,,,1,,,,,,,,,,,,,,,,,,,,,,,,
4361,18-02-2015,,,,,,,,,,,,,,,,,,,,,1,,,,,,,,,,,,,,,,,
4361,2005-09-15,,,,,,,,,,,,1,,,,,,,,,,,,,,,,,,,,,,,,,,
4361,27-01-2015,,,,,,1,,,,,,,,,,,,,,,,,,,,,,,,,,,,,,,,
4362,14-01-2014,,,,,,,,,,,,,,,,,,,1,,,,,,,,,,,,,,,,,,,
4362,2002-03-15,,,,,,,,,,1,,,,,,,,,,,,,,,,,,,,,,,,,,,,
4362,2011-07-15,,,,,,,,,,,,,,,,,,,,,,,,,,,1,,,,,,,,,,,
4363,2001-07-15,1,,,,,,,,,,,,,,,,,,,,,,,,,,,,,,,,,,,,,
4364,17-01-2015,,,,,,,,,,,,,,,,,,,,,,,,,1,,,,,,,,,,,,,
4364,2001-02-14,,,,,,,,,,,,,,,,,,,,,,,,,,,,,1,,,,,,,,,
4364,2005-09-15,,,,,,,,,,,,,,,,,,,,,,,,,,,,,,,,,,,,,,
4364,2007-06-14,1,,,,,,,,,,,,,,,,,,,,,,,,,,,,,,,,,,,,,
4364,24-12-2015,,,,,,1,,,,,,,,,,,,,,,,,,,,,,,,,,,,,,,,
4364,25-05-2015,,,,,,,,,,1,,,,,,,,,,,,,,,,,,,,,,,,,,,,
4365,20-02-2015,1,,,,,,,,,,,,,,,,,,,,,,,,,,,,,,,,,,,,,
4365,23-01-2014,,,,,,1,,,,,,,,,,,,,,,,,,,,,,,,,,,,,,,,
4366,13-08-2015,,,,,,,,,,,,,,,,,,,,,,,,,,,,,,,,,,,,,,
4367,2003-10-14,,,,,,,,,,,,,,,,,,,,,,,,,,,,,,,,1,,,,,,
4367,2007-01-14,,,,,,,,,,,,,,,,,,,,,1,,,,,,,,,,,,,,,,,
4367,22-08-2014,,,,,,,,1,,,,,,,,,,,,,,,,,,,,,,,,,,,,,,
4367,28-09-2014,,,,,1,,,,,,,,,,,,,,,,,,,,,,,,,,,,,,,,,
4368,2012-10-15,,,,,,,,,,,,,,,,,,,,,,,,,,,,,,,,,,,,,,
4368,22-05-2014,,,,,,,,,,,,,,,,,,,,,,1,,,,,,,,,,,,,,,,
4369,2001-02-15,,,,,,,,,,,,,,,,,,,,,,,,,,,,,,,,,,,,,,
4369,27-10-2014,,,,1,,,,,,,,,,,,,,,,,,,,,,,,,,,,,,,,,,
4370,2012-02-14,,,,,,1,,,,,,,,,,,,,,,,,,,,,,,,,,,,,,,,
4370,27-05-2014,,,,,,,,,,,,,,,,,,,1,,,,,,,,,,,,,,,,,,,
4372,17-04-2014,1,,,,,,,,,,,,,,,,,,,,,,,,,,,,,,,,,,,,,
4372,2011-09-14,1,,,,,,,,,,,,,,,,,,,,,,,,,,,,,,,,,,,,,
4372,30-07-2015,,,,,,1,,,,,,,,,,,,,,,,,1,,,,,,,,,,,,,,,
4373,2007-07-14,,,,,,,,,,,,,,,,,,,,,,,1,,,,,,,,,,,,,,,
4373,2012-08-15,,1,,,,,,,,,,,,,,,,,,,,,,,,,,,,,,,,,,,,
4375,2005-10-15,,,,,,,,,,,,,,,,,,,,,,,,,,,,,,,,,,,,,,
4375,29-04-2015,,,1,,,,,,,,,,,,,,,,,,,,,,,,,,,,,,,,,,,
4376,15-02-2014,,,,,,1,,,,,,,,,,,,,,,,,,,,,,,,,,,,,,,,
4376,16-07-2015,1,,,,,,,1,,,,,,,,,,,,,,,,,,,,,,,,,,,,,,
4376,2007-12-14,,,,,,1,,,,,,,,,,,,,,,,,,,,,,,,,,,,,,,,
4376,22-07-2015,,,,,,,,,,1,,,,,,,,,,,,,,,,,,,,,,,,,,,,
4376,22-11-2015,,,,,,,,,,,,,,,,,,,,,,,1,,,,,,,,,,,,,,,
4376,23-07-2014,,,,,,,,,,,,,,,,,,,1,,,,,,,,,,,,,,,,,,,
4376,25-05-2014,,,,,,,,,,,,,,,,,,1,,,,,,,,,,,,,,,,,,,,
4377,2006-05-14,1,,,,,,,,,,,,,,,,,,,,,,,,,,,,,,,,,,,,,
4377,23-02-2015,,,,,,,1,,,,,,,,,,,,,,,,,,,,1,,,,,,,,,,,
4379,26-08-2014,,,,,,,,1,,,,,,,,,,,,,,,,,,,,,,,,,,,,,,
4380,2003-11-15,,,,,1,,,,,,,,,,,,,,,,,,,,,,1,,,,,,,,,,,
4381,25-08-2014,,,,,,,,,,,,,,,,,,,,,,,,1,,,,,,,,,,,,,,
4382,13-11-2015,,1,,,,,,,,,,,,,,,,,,,,,,,,,,,,,,,,,,,,
4382,2001-03-14,,,,,,,,,,,,,,,,,,1,,,,,,,,,,,,,,,,,,,,
4383,2002-12-14,,,,,,,,,,,,,,,,,,,,,,,,,,1,,,,,,,,,,,,
4383,2003-06-14,1,,,,,,,,,,,,,,,,,,,,,,,,,,,,,,,,,,,,,
4384,2006-09-14,,,,,,1,,,,,,,,,,,,,,,,,,,,,,,,,,,,,,,,
4384,22-09-2015,,,,,,,,,,,,,,1,,,,,,,,,,,,,,,,,,,,,,,,
4384,22-10-2014,,,,,,,,,,,1,,,,,,,,,,,,,,,,,,,,,,,,,,,
4384,25-05-2015,1,,,,,,,,,1,,,,1,,,,,,,,,,,,,,,,,,,,,,,,
4386,2008-09-15,,,,,,,,,,,,,,1,,,,,,,,,,,,,,,,,,,,,,,,
4387,14-02-2014,,,,,,,,,,,,,,,,,,,,,,,,,,,,,,,,,,,,,,
4387,16-09-2015,1,,,,,,,,,,,,,,,,,,,,,,,,,,,,,,,,,,,,,
4387,2006-09-14,,,,,,,,,,,,,,,,1,,,,,,,,,,,,,,,,,,,,,,
4387,2008-05-15,1,,,,,,,,,,,,,,,,,,,,,,,,,,,,,,,,,,,,,
4387,2010-02-15,,,,,1,,,,,,,,,,,,,,,,,,,,,,,,,,,,,,,,,
4388,18-02-2014,,,1,,,,,,,,,,,,,,,,,,,,,,,,,,,,,,,,,,,
4388,19-02-2015,,,,,,,,,,,,,,1,,,,,,,,,,,,,,,,,,,,,,,,
4388,20-03-2015,,,,,,,,,,,,,,,,,,,,,,,,,,,,,,,,,,,,,,
4389,17-12-2015,,,,,,,,,,,,,,,,,,,,,,,,,,,,,,1,,,,,,,,
4389,20-10-2015,,,1,,,,,,,,,,,,,,,,,,,,,,,,,,,,,,,,,,,
4389,2007-10-14,,,,,,,,,,,,,,,,,,,,,,,,,,,,1,,,,,,,,,,
4389,22-04-2014,,,,,,,,,,1,,,,,,,,,,,,,,,,,,,,,,,,,,,,
4389,27-08-2015,,,,,,,,,,,,,,,,,,,,,,,1,,,,,,,,,,,,,,,
4390,20-01-2015,1,,,,,,,,,,,,,,,,,,,,,,,,,,,,,,,,,,,,,
4391,19-10-2014,1,,,,,,,,,,,,,,,,,,,,,,,,,,,,,,,,,,,,,
4391,2004-06-14,,,,1,,,,,,,,,,,,,,,,,,,,,,,,,,,,,,,,,,
4391,26-03-2015,,,,,,,,,,,,1,,,,,,,,,,,,,,,,,,,,,,,,,,
4392,16-08-2015,,,,,,1,,,,,,,,,,,,,,,,,,,,,,,,,,,,,,,,
4392,17-01-2014,,,,,,,,,,,,,,,,,,,,,,,1,,,,,,,,,,,,,,,
4393,2005-02-14,1,,,,,,,,,,,,,,,,,,,,,,,,,,,,,,,,,,,,,
4393,24-11-2015,,,,,,,,,,,,,,,,,,1,,,,,,,,,,,,,,,,,,,,
4394,13-11-2014,,,,,,,,,,,,,,,,,,,,1,,,,,,,,,,,,,,,,,,
4394,14-02-2014,,,,,,1,,,,,,,,,,,,,,,,,,,,,,,,,,,,,,,,
4394,18-07-2014,,,,,,,,,,,,,,,,,,,,,,,1,,,,,,,,,,,,,,,
4394,27-05-2014,,,,,,,,,,,,,1,,,,,,,,,,,,,,,,,,,,,,,,,
4395,2008-06-15,,1,,,,,,,,,,,,,,,,,,,,,,,,,,,,,,,,,,,,
4395,25-06-2015,1,,,,,,,,,,,,,,,,,,,,,,,,,,,,,,,,,,,,,
4396,2012-06-15,,1,,,,,,,,,,,,,,,,,,,,,,,,,,,,,,,,,,,,
4397,2003-04-15,,,,,,,,,,,,,1,,,,,,,,,,,,,,,,,,,,,,,,,
4397,27-06-2015,,,,,,,,,1,,,,,,,,,,,,,,,,,,,,,,,,,,,,,
4397,27-12-2014,,,,,,,,1,,,,,,,,,,,,,,,,,,,,,,,,,,,,,,
4397,28-08-2014,,,,,1,,,,,,,,,,,,,,,,,,,,,,,,,,,,,,,,,
4398,2009-11-15,,,,,,1,,,,,,,,,,,,,,,,,,,,,,,,,,,,,,,,
4398,2012-03-14,,,,,,,,,,,,,,,,,,,,,,,,1,,,,,,,,,,,,,,
4400,21-01-2014,,,,,,,,1,,,,,,,,,,,,,,,,,,,,,,,,,,,,,,
4401,18-03-2014,,,,,,,,,,,,,,,,,,,,,,,,,,,,,,,,,,,,,,
4401,30-04-2014,,,,1,,,,,,,,,,,,,,,,,,,,,,,,,,,,,,,,,,
4403,2011-01-14,,,,1,,,,,,,,,,,,,,,,,,,,,,,,,,,,,,,,,,
4403,24-06-2014,,,1,,,,,,,,,,,,,,,,,,,,,,,,,,,,,,,,,,,
4403,30-04-2014,,,1,,,,,,,,,,,,,,,,,,,,,,,,,,,,,,,,,,,
4404,13-03-2014,,,,,,1,,,,,,,,,,,,,,,,,,,,,,,,,,,,,,,,
4404,2010-10-14,,,,,,,,,,,,,,,,,,,,,,,,,,,,,,,,,,,,,,1
4405,2006-01-15,,,,,,,,,,,1,,,,,,,,,,,,,,,,,,,,,,,,,,,
4406,20-01-2014,,,,,,,,,,,,,,,,,,,,,,,1,,,,,,,,,,,,,,,
4406,2001-02-15,,,,,,,,,,,,,,,,,,,,,1,,,,,,,,,,,,,,,,,
4406,2011-07-14,,,,,,,1,,,,,,,,,,,,,,,,,,,,,,,,,,,,,,,
4406,27-05-2015,,,1,,,,,,,,,,,,,,,,,,,,,,,,,,,,,,,,,,,
4407,19-02-2015,,,,,,,,,,,,,,,,,,,,,,,,,,,1,,,,,,,,,,,
4407,25-12-2014,,,,,,,,,,,,,,,,,,,,,,,,,,,,,,,,,,,,,,
4408,13-03-2015,1,,,,,,,,,,,,,,,,,,,,,,,,,,,,,,,,,,,,,
4408,20-04-2015,,,,,,,,,,,,,,,,,,,,,,,1,,,,,,,,,,,,,,,
4408,2001-02-14,,,,,,,1,,,,,,,,,,,,,,,,,,,,,,,,,,,,,,,
4408,2002-07-14,,,,,,,,,,,,,,,,,,,,,,,,,,,,,,,,1,,,,,,
4409,15-01-2015,1,,,,,,,,,,,,,,,,,,,,,,,,,,,,,,,,,,,,,
4409,2006-05-14,,,,,,,,,,,,,,,,,,,,,1,,,,,,,,,,,,,,,,,
4410,2012-10-15,,,,,,,,,,,,,,,,,,,,,,,,,,1,,,,,,,,,,,,
4410,24-05-2014,,,,,,,,1,,,,,,,,,,,,,,,,,,,,,,,,,,,,,,
4410,24-11-2014,1,,,,,,,,,,,,,,,,,,,,,,,,,,,,,,,,,,,,,
4411,17-04-2015,,,,,,,1,,,,,,,,,,,,,,,,,,,,,,,,,,,,,,,
4412,20-12-2015,,,,,,,,,,,,,,,,,,,,,,,,,,,,,,,,,,,,,,
4412,2004-05-15,,,,,,,,,,,,,,,,,,,,,,,,,,,,,,,,,,,,,,
4412,30-07-2014,,,,,,,,,,,,,,,,,,,,,,,,,,,,,,,,,,,,1,,
4413,2011-10-15,,,,,,,,,,,,1,,,,,,,,,,,,,,,,,,,,,,,,,,
4414,15-10-2014,,,,,,,,,1,,,,,,,,,,,,,,,,,,,,,,,,,,,,,
4414,17-02-2014,,,,,,,,1,,,,,,,,,,,,,,,,,,,,,,,,,,,,,,
4414,23-01-2015,,,,,,,,,,,,,,,,,,,,,,,,,,,,,,,,,,,,,,
4415,14-07-2014,,,,,,,1,,,,,,,,,,,,,,,,,,,,,,,,,,,,,,,
4415,2006-03-14,,,1,,,,,,,,,,,,,,,,,,,,,,,,,,,,,,,,,,,
4415,22-08-2014,,,,,,,,,,,1,,,,,,,,,,,,,,,,,,,,,,,,,,,
4415,27-01-2015,,,,,,1,,,,,,,,,,,,,,,,,,,,,,,,,,,,,,,,
4416,2002-10-14,,,,,,1,,,,,,,,,,,,,,,,,,,,,,,,,,,,,,,,
4416,2003-03-14,1,,,,,,,,,,,,,,,,,,,,,,,,,,,,,,,,,,,,,
4416,2003-09-14,,,,,,,,,,,,,,,,,,,,,,,,,,,,,,,,,,,,,,1
4416,25-02-2014,,,,,,1,,,,,,,,,,,,,,,,,,,,,,,,,,,,,,,,
4416,29-10-2015,,,,,,,,,,,,,1,,,,,,,,,,,,,,,,,,,,,,,,,
4417,18-05-2015,,,,,,,,,,,,,,,,,,,,,,,,,,,,,,,,,,,,,,
4417,19-03-2015,,,,,,,,,,1,,,,,,,,,,,,,,,,,,,,,,,,,,,,
4418,2004-10-15,,,,,,,,,1,,,,,,,,,,,,,,,,,,,,,,,,,,,,,
4418,2012-09-14,1,,,,,,,,,,,,,,,,,,,,,,,,,,,,,,,,,,,,,
4419,23-12-2015,,,,,,1,,,,,,,,,,,,,,,,,,,,,,,,,,,,,,,,
4420,25-02-2015,,,,,,,,1,,,,,,,,,,,,,,,,,,,,,,,,,,,,,,
4420,26-09-2014,1,,,,,,,,,,,,,,,,,,,,,,,,,,,,,,,,,,,,,
4422,19-10-2014,,,,,,,1,,,,,,,,,,,,,,,,,,,,,,,,,,,,,,,
4422,24-03-2014,,,,,,,,,,,,,,,,,,,,,,,,,,,1,,,,,,,,,,,
4423,25-02-2014,,,,,,,1,,,,,,,,,,,,,,,,,,,,,,,,,,,,,,,
4424,16-10-2015,,1,,,,,,,,,,,,,,,,,,,,,,,,,,,,,,,,,,,,
4424,22-08-2015,,,,,,,,,,,,,,,,,,,,,,,,,,,,,,,,,,,1,,,
4426,18-05-2015,,,1,,,,,,,,,,,,,,,,,,,,,,,,,,,,,,,,,,,
4426,2001-12-14,,,,,,,,,,,,,,,,,,,,,,,,,,,1,,,,,,,,,,,
4426,2005-01-14,,,,,,,1,,,,,,,,,,,,,,,,,,,,,,,,,,,,,,,
4426,24-04-2014,1,,,,,,,,,,,,,,,,,,,,,,,,,,,,,,,,,,,,,
4426,30-10-2014,,,,,,,,,,,,,,,,,,,,,,1,,,,,,,,,,,,,,,,
4427,14-01-2015,,,1,,,,,,,,,,,,,,,,,,,,,,,,,,,,,,,,,,,
4428,23-08-2015,,,,,,,,,,,,,,,,,,,,,,,1,,,,,,,,,,,,,,,
4428,28-06-2015,,,,,,,,,,,,,,,,,,,,,,,,,,,,,,,,,,,,,,
4430,17-02-2014,,,,,,,,1,,,,,,,,,,,,,,,,,,,,,,,,,,,,,,
4430,2002-12-15,,,,,,,,1,,,,,,,,,,,,,,,,,,,,,,,,,,,,,,
4430,2003-10-14,,,,,,,,,,,,,,,,,,,,,,,,,,,,,,,,,,,,,,
4430,21-05-2014,,,,,,,,,,,,,,1,,,,,,,,,,,,,,,,,,,,,,,,
4431,16-03-2014,,,,,,,,,,,,,,,,,1,,,,,,,,,,,,,,,,,,,,,
4431,2010-05-14,,,,,,,,,,,,,,,,,,,,,,,,,,,,,1,,,,,,,,,
4431,2012-06-14,1,,,,,,,,,,,,,,,,,,,,,,,,,,,,,,,,,,,,,
4431,21-08-2015,1,,,,,,,,,1,,,,,,,,,,,,,,,,,,,,,,,,,,,,
4432,2001-09-14,,,,,1,,,,,,,,,,,,,,,,,,,,,,,,,,,,,,,,,
4432,2004-09-14,,,1,,,,,,,,,,,,,,,,,,,,,,,,,,,,,,,,,,,
4432,2004-12-14,,,,,,,,,,,,,,,,,,,,,,,,,,,,,,,,,,,,,,
4432,28-05-2015,1,,,,,,,,,,,,,,,,,,,,,,,,,,,,,,,,,,,,,
4433,19-10-2014,1,,,,,,,,,,,,,,,,,,,,,,,,,,,,,,,,,,,,,
4433,25-03-2015,,,,,,,,,,,,,,,,,,,,,,,,,,,,,,,,,,,,,,
4433,25-05-2015,,,,,,1,,,,,,,,,,,,,1,,,,,,,,,,,,,,,,,,,
4434,21-09-2015,,1,,,,,,,,,,,,,,,,,,,,,,,,,,,,,,,,,,,,
4434,23-02-2015,,,,,,1,,,,,,,,,,,,,,,,,,,,,,,,,,,,,,,,
4434,30-01-2014,,,,,,,,,,,,,,,,,,,,,1,,,,,,,,,,,,,,,,,
4434,31-08-2014,,1,,,,,,,,,,,,,,,,,,,,,,,,,,,,,,,,,,,,
4435,27-01-2014,,,,,1,,,,,,,,,,,,,,,,,,,,,,,,,,,,,,,,,
4435,28-10-2014,,,,,,,,,,,,,,,,1,,,,,,,,,,,,,,,,,,,,,,
4436,23-12-2015,,,,,,1,,,,,,,,,,,,,,,,,,,,,,,,,,,,,,,,
4437,13-06-2015,,,,,,,,,,,,1,,,,,,,,,,,,,,,,,,,,,,,,,,
4437,20-10-2015,,,,,,,,,,,,1,,,,,,,,,,,,,,,,,,,,,,,,,,
4437,2007-08-15,,,,,,,,,,,,,1,,,,,,,,,,,,,,,,,,,,,,,,,
4437,2009-10-15,,,,,,,,,,,,,,,,,,,,,,,1,,,,,,,,,,,,,,,
4437,28-07-2015,,,,,,,,,,,,,,,,,,,,,,,1,,,,,,,,,,,,,,,
4437,29-11-2015,,,,,,,,,,,,,,,,,,,,,1,,,,,,,,,,,,,,,,,
4439,18-03-2015,1,,,,,,,,,,,,,,,,,,,,,,,,,,,,,,,,,,,,,
4439,2001-01-15,,,,1,,,,,,,,,,,,,,,,,,,,,,,,,,,,,,,,,,
4439,21-08-2015,,,,,,,,1,,,,,,,,,,,,,,,,,,,,,,,,,,,,,,
4440,2011-04-15,,,,,,,,,,1,,,,,,,,,,,,,,,,,,,,,,,,,,,,
4440,21-09-2015,,,,,,,,1,,,,,,,,,,,,,,,,,,,,,,,,,,,,,,
4441,18-02-2015,,,,,,,,,,,,,,,,,,,,,,,,,,,,,,,,,,,,,,
4441,2009-11-15,,,,,,,,,,,,,,1,,,,,,,,,,,,,,,,,,,,,,,,
4441,2012-12-14,,,,,,,,,,,,,,,,,,,,,,,,,,,,,,,,,,,1,,,
4442,2005-01-14,,,,,,,,,,,,,,1,,,,,,,,,,,,,,,,,,,,,,,,
4442,2008-04-14,,,,,,,,,,,,,1,,,,,,,,,,,,,,,,,,,,,,,,,
4442,2010-06-15,,,,,,1,,,,,,,,,,,,,,,,,,,,,1,,,,,,,,,,,
4442,24-03-2014,,,,,,,,,,,,,,,,,,,,,,,1,,,,,,,,,,,,,,,
4442,28-11-2015,1,,,,,,,,,,,,,,,,,,,,,,,,,,,,,,,,,,,,,
4443,2010-11-14,,,,,,1,,,,,,,,,,,,,,,,,,,,,,,,,,,,,,,,
4444,2006-10-15,,,,,,,,,,,,,,,,,,,,,,,,,,,,,,,,,,,,,,
4444,2009-07-14,,,,,,,,,,,1,,,,,,,,,,,,,,,,,,,,,,,,,,,
4444,22-07-2015,,,,,,,,1,,,,,,,,,,,,,,,,,,,,,,,,,,,,,,
4444,25-04-2014,,,,,,1,,,,,,,,,,,,,,,,,,,,,,,,,,,,,,,,
4445,20-05-2015,,,,,,,,,,,,,,,,,,,,,,,,,,,,,,,,,,,,,,
4445,2001-12-15,,,,,,,,,,,,,,,,,,,,,,,,,,,1,,,,,,,,,,,
4445,2007-11-14,,,,,,,,,,,,,,,,,,,1,,,,,,,,,,,,,,,,,,,
4445,25-04-2014,,,,,,,,1,,,,,,,,,,,,,,,,,,,,,,,,,,,,,,
4447,2001-05-15,,,,,,,,1,,,,,,,,,,,,,,,,,,,,,,,,,,,,,,
4448,2011-12-14,1,,,,,,,,,,,,,,,,,,,,,,,,,,,,,,,,,,,,,
4448,21-02-2014,,,,,,1,,,,,,,,,,,,,,,,,,,,,,,,,,,,,,,,
4449,2011-12-14,,,,,,,,,,,,,,,,,,,,1,,,,,,,,,,,,,,,,,,
4449,30-03-2015,,,,,,,,,,,,,,1,,,,,,,,,,,,,,,,,,,,,,,,
4450,2001-02-14,,1,,,,,,,,,,,,,,,,,,,,,,,,,,,,,,,,,,,,
4452,17-06-2015,,,,,,,,,,,,,1,,,,,,,,,,,,,,,,,,,,,,,,,
4452,23-11-2015,,,,,,,,,,,,,,,,,,,,,,,1,,,,,,,,,,,,,,,
4453,20-03-2014,,,,,,,1,,,,,,,,,,,,,,,,,,,,,,,,,,,,,,,
4453,2002-08-15,,,,,,,,,,,,,,,,,,,,,,,,,,,,,,,,,,,,,,
4453,2007-11-14,1,,,,,,,,,,,,,,,,,,,,,,,,,,,,,,,,,,,,,
4453,22-05-2015,,,,,,,,,,,,,,,,,,,,,,,1,,,,,,,,,,,,,,,
4453,23-08-2015,,,,,,,,,,,,,,,,,,,1,,,,,,,,,,,,,,,,,,,
4453,26-01-2014,,,,,,,,,,,,1,,,,,,,,,,,,,,,,,,,,,,,,,,
4453,27-07-2015,,,,,,,,,,1,,,,,,,,,,,,,,,,,,,,,,,,,,,,
4455,18-06-2014,,,,,1,,,,,,,,,,,,,,,,,,,,,,,,,,,,,,,,,
4455,2004-01-15,,,,,,,,,,,,,,1,,,,,,,,,,,,,,,,,,,,,,,,
4455,2009-09-15,,,,,,,,,,,,,,,,,,,,,,,,,,,,,,,,1,,,,,,
4455,24-10-2015,,,,,,,,,,,,,,,,,,,1,,,,,,,,,,,,,,,,,,,
4455,26-12-2015,,,,,,,,,,,,,,,,,,,,,,,,,,,,,,,,,,,,,,
4456,16-05-2015,,,,,,,,,,,1,,,,,,,,,,,,,,,,,,,,,,,,,,,
4456,17-04-2015,,,,,,,,,,,,,,,,,,,,,,,,,,,,,,,,,,,,,,
4457,2003-09-15,,,,,,,,1,,,,,,,,,,1,,,,,,,,1,,,,,,,,,,,,
4457,21-06-2014,,,,,,,,,,,,,,,,,,,,,,,1,,,,,,,,,,,,,,,
4458,27-01-2014,,,,,,,1,,,,,,,,,,,,,,,,,,,,,,,,,,,,,,,
4459,18-12-2015,,,,,,,,,,,1,,,,,,,,,,,,,,,,,,,,,,,,,,,
4459,2008-02-15,,,,,,,,,,,,,,,,,,,,,,,,,,,,,,,,,,,,,,
4459,2012-08-14,,,,,,,,,,,,,,,,,,,1,,,,,,,,,,,,,,,,,,,
4459,21-11-2014,1,,,,,,,,,,,,,,,,,,,,,,,,,,,,,,,,,,,,,
4459,26-04-2015,,,1,,,,,,,,,,,,,,,,,,,,,,,,,,,,,,,,,,,
4460,2012-07-15,,,,,1,,,,,,,,,,,,,,,,,,,,,,,,,,,,,,,,,
4460,28-05-2015,,,,,,,,,,,,,1,,,,,,,,,,,,,,,,,,,,,,,,,
4461,13-02-2015,,,1,,,,,,,,,,,,,,,,,,,,,,,,,,,,,,,,,,,
4461,16-11-2014,,,,,,,,,,,,,,,,,,,,,,,,,,,,,,,,,,,1,,,
4461,30-03-2014,,,1,,,,,,,,,,,,,,,,,,,,,,,,,,,,,,,,,,,
4462,2002-04-15,,,,,,,,,,,1,,,,,,,,1,,,,,,,,,,,,,,,,,,,
4462,2007-06-15,,,,,,,,,,,,,,,,,,,,,1,,,,,,,,,,,,,,,,,
4463,2003-05-14,,1,,,,,,,,,,,,,,,,,,,,,,,,,,,,,,,,,,,,
4463,2003-11-15,,,,,,,,,,,,,,,,,,,,,,,1,,,,,,,,,,,,,,,
4463,2008-06-14,,,,,,,1,,,,,,,,,,,,,,,,,,,,,,,,,,,,,,,
4464,18-02-2014,,,,,,,,,,,,,,,,,,,,,,,,,,,,,,,,,,,,,,
4464,19-05-2014,,,,,,1,,,,,,,,,,,,,,,,,,,,,,,,,,,,,,,,
4464,2004-03-15,,,,,,,,,,,,,1,,,,,,,,,,,,,,,,,,,,,,,,,
4464,21-10-2015,,,,,,,,,,,,,,,,,,,,,,,,,,,,,,,,,,,,,,
4464,26-08-2014,,,,,,,,,,,,,,,,,,,,,,,,,,,,,,,,,,,,,,1
4465,2004-01-14,,,,,,,,,,,,,,,,,,,,,,,,1,,,,,,,,,,,,,,
4466,14-07-2014,1,,,,,,,,,,,,,,,,,,,,,,,,,,,,,,,,,,,,,
4466,20-08-2015,1,,,,,,,,,,,,,,,,,,1,,,,,,,,,,,,,,,,,,,
4466,2003-09-15,,,,,,,,,,,,,,1,,,,,,,,,,,,,,,,,,,,,,,,
4467,2011-01-14,,,,,,,,,,,,,,,,1,,,,,,,,,,,,,,,,,,,,,,
4467,22-11-2015,,,,,,,,,,,,,,,,,,,,,,,,,,,1,,,,,,,,,1,,
4467,23-04-2015,,,,,,1,,,,,,,,,,,,,,,,,,,,,,,,,,,,,,,,
4468,15-06-2015,,,,,,,,,,,,,,,,,,,,,,,1,,,,,,,,,,,,,,,
4468,2002-05-14,,,,,,,,,,,1,,,,,,,,,,,,,,,,,,,,,,,,,,,
4468,24-03-2015,,,,,,,,,,,,,,,,,,,,,,,,,,,,,,,,,,,,,,
4469,29-11-2014,,,,,1,,,,,,,,,,,,,,,,,,,,,,,,,,,,,,,,,
4470,13-06-2014,,,1,,,,,,,,,,,,,,,,,,,,,,,,,,,,,,,,,,,
4470,2008-02-14,,,,,,,,,,,,,,,,,,,,,,,,,,,,,1,,,,,,,,,
4470,31-03-2015,1,,,,,,,,,,,,,,,,,,,,,,,,,,,,,,,,,,,,,
4471,2008-10-14,1,,,,,,,,,,,,,,,,,,,,,,,,,,,,,,,,,,,,,
4471,28-02-2015,,,,,,,,,,,,,,,,,,,,,,1,,,,,,,,,,,,,,,,
4473,2007-09-15,,,,,,,,,,,,,,,,,,,,,,,1,,,,,,,,,,,,,,,
4473,26-06-2015,,,1,,,,,,,,,1,,,,,,,,,,,,,,,,,,,,,,,,,,
4474,18-07-2014,,,,,,,,,,,1,,,,,,,,,,,,,,,,,,,,,,,,,,,
4474,2010-11-15,,,,,,,,,,,,,1,,,,,,,,,,,,,,,,,,,,,,,,,
4474,2010-12-15,1,,,,,,,,,,,,,,,,,,,,,,,,,,,,,,,,,,,,,
4475,2003-04-15,,,,,,1,,,,,,,,,,,,,,,,,,,,,,,,,,,,,,,,
4477,14-10-2014,,,,,,1,,,,,,,,,,,,,,,,,,,,,,,,,,,,,,,,
4477,15-02-2015,,,,,,,,,,,,1,,,,,,,,,,,,,,,,,,,,,,,,,,
4478,2004-12-15,,,,,,,,,,,,,,,,,,,,,,,,,,,,,,,,,,,,,,
4479,2002-07-14,,,,,,,,,,,,,,,,,,,,,,,,,,,,,1,,,,,,,,,
4479,2010-02-15,,,,,,,,,,,,,,,,,,,,,,,,,,,,,,,1,,,,,,,
4479,25-11-2014,,,,,,,,1,,,,,,,,,,,,,,,,,,,,,,,,,,,,,,
4481,19-09-2014,,,,,,,,,,,,,,,,,,,,,,,,,,,,,1,,,,,,,,,
4482,2007-08-15,,,,,,,,,,,,,,,,,,,,,,,,,,,,,,,,1,,,,,,
4482,30-11-2015,1,,,,,,,,,,,1,,,,,,,,,,,,,,,,,,,,,,,,,,
4483,2003-07-14,,,,,,1,,,,,,,,,,,,,,,,,,,,,,,,,,,,,,,,
4484,27-11-2015,,,,,,,,1,,,,,,,,,,,,,,,,,,,,,,,,,,,,,,
4485,13-11-2014,,1,,,,,,,,,,,,,,,,,,,,,,,,,,,,,,,,,,,,
4485,25-07-2015,,1,,,1,,,,,,,,,,,,,,,,,,,,,,,,,,,,,,,,,
4485,27-01-2014,,,,,,,,,,,,,,,,,,,,,,,,,1,,,,,,,,,,,,,
4486,2006-11-15,,,,,,,,,,,,,,,,,,,,,,,,,,,1,,,,,,,,,,,
4486,2007-07-14,,,,,,,,,,,,,,,,,,,1,,,,,,,,,,,,,,,,,,,
4486,2009-11-15,,,,,,,,,,,,,,1,,,,,,,,,,,,,,,,,,,,,,1,,
4486,23-10-2015,,,,,,,,,,,,,,,,,,,,,,,1,,,,,,,,,,,,,,,
4487,18-08-2014,,,,,,,,,,,,,,,,,,,,,,,,,,,,,,,,,1,,,,,
4487,2010-07-15,,,,,,,,,,,,,,,,,,,,,,,,,,,,,,,,,,,,,,
4487,22-01-2015,,,,,,1,,,,,,,,,,,,,,1,,,,,,,,,,,,,,,,,,
4488,16-12-2014,,,,,,1,,,,,,,,,,,,,,,,,,,,,,,,,,,,,,,,
4489,19-11-2015,,,,,,,,,,,,,,,,,,,,,,,,,,,,,,,,1,,,,,,
4489,2004-03-15,,,,,,1,,,,,,,,,,,,,,,,,,,,,,,,,,,,,,,,
4489,24-05-2014,,,,,,,,,,,,,,,,,,,,1,,,,,,,,,,,,,,,,,,
4490,21-01-2014,,,,,,,,,,,,,,,,,,,,,1,,,,,,,,,,,,,,,,,
4491,18-09-2014,,,1,,,,,,,,,,,,,,,,,,,,,,,,,,,,,,,,,,,
4492,14-06-2015,,,,,,,,,,,,,,,,,,,,,,,,,,,,,,,,,,,,,,
4493,2005-05-14,,,,,,1,,,,,,,,,,,,,,,,,,,,,,,,,,,,,,,,
4494,2002-11-15,,,,,,,,,,1,,,,,,,,,,,,,,,,,,,,,,,,,,,,
4494,2006-01-15,,,,,,,,,,,,,,,,,,,,,,,,,,1,,,,,,,,,,,,
4494,2006-08-15,,1,,,,,,,,,,,,,,,,,,,,,,,,,,,,,,,,,,,,
4494,2008-11-14,,,,,,,,,,,,,,,,,,,,,,,1,,,,,,,,,,,,,,,
4494,2011-06-14,,,,,,,,,,,,,,,,,,,,,,,,,,,1,,,,,,,,,,,
4494,24-04-2014,,1,,,,,,,,,,,,,,,,,,,,,,,,,,,,,,,,,,,,
4494,26-05-2014,,,,,,,,,,1,,,,,,,,,,,,,,,,,,,,,,,,,,,,
4494,27-01-2014,,,,,1,,,,,,,,,,,,,,,,,,,,,,,,,,,,,,,,,
4495,16-12-2015,,,,,,,,,,,,,,,,,,,,,,,,,,,,,,,,,,,,,,
4495,20-06-2015,,,,,,,,,,,,,,,,,,,,,,1,,,,,,,,,,,,,,,,
4495,2006-03-15,,,,,,,,,,,,,,1,,,,,,,,,,,,,,,,,,,,,,,,
4495,23-10-2014,1,,,,,,,,,,,,,,,,,,,,,,,,,,,,,,,,,,,,,
4495,24-08-2015,,,,,,1,,,,,,,,,,,,,,,,,,,,,,,,,,,,,,,,
4495,25-05-2014,,,,,,,,,,,,,,,,,,,,,,,,,,,,1,,,,,,,,,,
4497,20-02-2015,,,,1,,,,,,,,,,,,,,,,,,,,,,,,,,,,,,,,,,
4497,2007-06-15,1,,,,,,,,,,,,,,,,,,,,,,,,,,,,,,,,,,,,,
4498,19-04-2015,,,,,,1,,,,,,,,,,,,,,,,,,,,,,,,,,,,,,,,
4498,2007-04-15,,,,,,,,,,,,,1,,,,,,,,,,,,,,,,,,,,,,,,,
4498,22-07-2014,,,,1,,,,,,,,,,,,,,,,,,,,,,,,,,,,,,,,,,
4499,20-12-2014,,,,,,,,,,,,,,,,,,1,,,,,,,,,,,,,,,,,,,,
4499,2006-05-15,,1,,,,,,,,,,,,,,,,,,,,,,,,,,,,,,,,,,,,
4499,23-08-2015,,,,,,,1,,,,,,,,,,,,,,,,,,,,,,,,,,,,,,,
4499,25-06-2014,,,,,,,,,,,,,,,,,,,,,,,,,,,,,,,,,,,,,,
4499,29-10-2015,,,,,1,,,,,,,,,,,,,,,,,,,,,,,,,,,,,,,,,
4500,15-11-2014,,,,,,,,1,,,,,,,,,,,,,,,,,,,,,,,,,,,,,,
4500,2008-06-15,1,,,,,,,,,,,,,,,,,,,,,,,,,,,,,,,,,,,,,
4500,25-10-2014,,,,,,,,,,,,,,,,,,,,1,,,,,,,,,,,,,,,,,,
4501,15-06-2015,,,1,,,1,,,,,,,,,,,,,,,,,,,,,,,,,,,,,,,,
4501,2001-10-14,,,,,,,,,,,,,,,,,,,,,,,,,,,,,1,,,,,,,,,
4501,2008-05-15,,,,,,1,,,,,,,,,,,,,,,,,,,,,,,,,,,,,,,,
4501,2008-09-14,,,,,,,,,,1,,,,,,,,,,,,,,,,,,,,,,,,,,,,
4502,13-09-2014,1,,,,,,,,,,,,,,,,,,,,,,,,,,,,,,,,,,,,,
4502,2004-06-14,,,,,,,1,,,,,,,,,,,,,,,,,,,,,,,,,,,,,,,
4502,22-11-2015,,,,,1,,,,,,,,,,,,,,,,,,,,,,,,,,,,,,,,,
4502,27-07-2014,,,,,,,,,,,,1,,,,,,,,,,,,,,,,,,,,,,,,,,
4503,17-02-2015,,,,,,,,,,,,,,,,,,,1,,,,,,,,,,,,,,,,,,,
4503,19-12-2015,,,1,,,,,,,,,,,,,,,,,,,,,,,,,,,,,,,,,,,
4503,2009-08-15,1,,,,,,,,,,,,,,,,,,,,,,,,,,,,,,,,,,,,,
4503,22-03-2015,,,,,,,,1,,,,,,,,,,,,,,,,,,,,,,,,,,,,,,
4503,26-11-2015,,,,,,,,,,,,,1,,,,,,,,,,,,,,,,,,,,,,,,,
4504,2004-09-15,,,,,1,,,,,,,,,,,,,,,,,,,,,,,,,,,,,,,,,
4504,21-01-2014,,,,,,,,,,,,,,,,,,,,,,,,,,,,,,1,,,,,,,,
4504,24-09-2014,,,,,,,,,,,,,,,,,,,,,,,,,,,,,,,,,,,,,,
4505,17-04-2015,,,1,,,,,,,,,,,,,,,,,,,,,,,,,,,,,,,,,,,
4505,18-01-2014,,,1,,,,,,,,,,,,,,,,,,,,,,,,,,,,,,,,,,,
4505,24-06-2014,,,,,,1,,,,,,,,,,,,,,,,,,,,,,,,,,,,,,,,
4506,2011-08-15,,,,,,,,,,,,,,,,,,,,,,,1,,,,,,,,,,,,,,,
4507,15-08-2015,,,1,,,,,,,,,,,,,,,,,,,,,,,,,,,,,,,,,,,
4507,18-06-2015,,,,,,,,,,,,,,1,,,,,,,,,,,,,,,,,,,,,,,,
4508,14-06-2014,,,,,,,,,,,,,,,,,,,,,,,,,,,,,,,,,,,1,,,
4508,15-06-2015,,,,,,,,,,,,,,,,,,,,,,,,,,,,,,,,,,,,,,
4508,22-08-2014,1,,,,,,,,,,,,,,,,,,,,,,,,,,,,,,,,,,,,,
4508,22-11-2014,,,,,,,,1,,,,,,,,,,,,,,,,,,,,,,,,,,,,,,
4508,29-11-2014,,,1,,,,,,,,,,,,,,,,,,,,,,,,,,,,,,,,,,,
4509,14-06-2015,,,,,,,,,,,,,,,,,,,,,,,1,,,,,,,,,,,,,,,
4509,23-07-2015,,,,,,,,,,,,,,,,,,,,,,,,,,,,,,,,,,,,,,
4509,29-11-2015,,,1,,,,,,,,,,,,,,,,,,,,,,,,1,,,,,,,,,,,
4510,2003-09-15,1,,,,,,,,,,,,,,,,,,,,,,,,,,,,,,,,,,,,,
4510,2004-12-14,,,,,,1,,,,,,,,,,,,,,,,,,,,,,,,,,,,,,,,
4510,2005-04-15,,,1,,,,,,,,,,,,,,,,,,,,,,,,,,,,,,,,,,,
4510,2012-03-14,,,,,,,,,,,,,,1,,,,,,,,,,,,,,,,,,,,,,,,
4510,26-03-2015,,,,,,,,,,,,,,,,,,,,,,,,,,1,,,,,,,,,,,,
4511,18-08-2014,,,,,,,,,,,,,,,,,,,,,,,1,,,,,,,,,,,,,,,
4511,29-06-2015,,1,,,,,,,,,,,,,,,,,,,,,,,,,,,,,,,,,,,,
4512,13-06-2014,,,1,,,,,,,,,,,,,,,,,,,,,,,,,,,,,,,,,,,
4512,2008-11-15,,,,,,1,,,,,,,,,,,,,,,,,,,,,,,,,,,,,,,,
4512,2012-08-14,,,,,1,,,,,,,,,,,,,,,,,,,,,,,,,,,,,,,,,
4512,21-12-2015,,,,,,,,,,,1,,,,,,,,,,,,,,,,,,,,,,,,,,,
4512,28-05-2014,,,,,,,1,,,,,,,,,,,,,,,,,,,,,,,,,,,,,,,
4513,30-01-2014,,,,,,,,,,,,,,,,,,,,,,,,,1,,,,,,,,,,,,,
4515,15-06-2015,,,,,,,,,,,,,,,,,,,,,,,,,,,,,,,,,,,,,,
4515,2006-03-14,,,,,1,,,,,,,,,,,,,,,,,,,,,,,,,,,,,,,,,
4515,2010-05-15,,,,,,1,,,,,,,,,,,,,,,,,,,,,,,,,,,,,,,,
4515,2011-01-15,1,,,,,,,,,,,,,,,,,,,,,,,,,,,,,,,,,,,,,
4515,24-04-2014,,,,,,1,,,,,,,,,,,,,,,,,,,,,,,,,,,,,,,,
4516,2007-12-15,,,,,1,,,,,,,,,,,,,,,,,,,,,,,,,,,,,,,,,
4516,29-03-2015,,,,,,,,,,,,,,,,,,,1,,,,,,,,,,,,,,,,,,,
4518,20-07-2015,,,,,,,,,,,,,,,,,,,1,,,,,,,,,,,,,,,,,,,
4518,31-08-2014,,,,,,1,,,,,,,,,,,,,,,,,,,,,,,,,,,,,,,,
4519,2002-09-15,,,,,,,,,,,,,,,,,,,,,,,,,,,,,,,,,,,,,,
4520,2011-02-14,1,,,,,,,,,,,,,,,,,,,,,,,,,,,,,,,,,,,,,
4522,27-05-2014,,,,,,1,,,,,,,,,,,,,,,,,,,,,,,,,,,,,,,,
4523,2006-08-14,,,,,,,,,,,,,,,,,,,,,,,,,,,,,,,,,,,1,,,
4524,17-04-2014,,,,,,1,,,,,,,,,,,,,,,,,,,,,,,,,,,,,,,,
4524,2002-05-15,,,,,,,,,,,,,,,,,,,,,,,,,,,,,,,,,1,,,,,
4524,2010-12-15,1,,,,,,,,,,,,,,,,,,,,,,,,,,,,,,,,,,,,,
4524,22-04-2015,1,,,,,,,,,,,,,,,,,,,,,,,,,1,,,,,,,,,,,,
4524,26-04-2015,,,,,,,,,,,,,,1,,,,,,,,,,,,,,,,,,,,,,,,
4524,26-08-2015,1,,,,,,,,,,,,,,,,,,,,,,,,,,,,,,,,,,,,,
4525,2007-10-15,,,,,,1,,,,,,,,,,,,,,,,,,,,,,,,,,,,,,,,
4525,21-07-2014,,,,,,,,,,,,,,1,,,,,,,,,,,,,,,,,,,,,,,,
4525,28-09-2015,1,,,,,,,,,,,,,,,,,,,,,,,,,,,,,,,,,,,,,
4526,18-01-2015,,,,,,1,,,,,,,,,,,,,,,,,,,,,,,,,,,,,,,,
4526,2008-06-15,,,,,,,,,,,,,,1,,,,,,,,,,,,,,,,,,,,,,,,
4526,28-10-2014,,,,,,,,,,,,,,,,,,,,,,,,,,1,,,,,,,,,,,,
4526,31-08-2014,,,,,,,,,,,,1,,,,,,,,,,,,,,,,,,,,,,,,,,
4527,14-10-2014,,,,,,,,,,,,,,1,,,,,,,,,,,,,,,,,,,,,,,,
4527,18-10-2015,,,,,,,,,,,,,,,,,,,,,,,,,,,,,,,,,,,,,,
4527,2002-01-14,,,,,,,,,,,,,,,,,,,,,,,,,,,,,1,,,,,,,,,
4527,22-03-2014,,,,,,,,,,,,,,,,,,,,,,,,,,,,,,,,,,,1,,,
4528,13-10-2015,1,,,,,,,,,,,,,,,,,,,,,,,,,,,,,,,,,,,,,
4529,2003-01-15,1,,1,,,,,,,,,,,,,,,,,,,,,,,,,,,,,,,,,,,
4529,2010-05-15,,,1,,,,,,,,,,,,,,,,,,,,,,,,,,,,,,,,,,,
4530,2012-09-15,,,,,,,,,,,,,,,,,,,,,1,,,,,,,,,,,,,,,,,
4531,16-10-2015,,,,,,,,,,,1,,,,,,,,,,,,,,,,,,,,,,,,,,,
4531,2011-10-14,,,,,,,,,,,,,1,,,,,,,,,,,,,,,,,,,,,,,,,
4531,29-09-2015,,,,,,,,,,,,,,,,,,,,,,,1,,,,,,,,,,,,,,,
4532,13-11-2014,,,,,,,1,,,,,,,,,,,,,,,,,,,,,,,,,,,,,,,
4533,17-10-2014,,,,,1,,,,,,,,,,,,,,,,,,,,,,,,,,,,,,,,,
4534,15-10-2014,,,,,,,,,,,,,,,,,,,,,,,,,,,,,,,,,,,,,,
4534,28-08-2014,,,1,,,,,,,,,,,,,,,,,,,,,,,,,,,,,,,,,,,
4535,2005-12-15,,,,,,,,,,,,,1,,,,,,,,,,,,,,,,,,,,,,,,,
4535,2009-07-14,,,,,,,,,,,,,,,,,,,1,,,,,,,,,,,,,,,,,,,
4535,31-08-2014,1,,,,,,,,,,,,,,,,,,,,,,,,,,,,,,,,,,,,,
4536,13-09-2015,,,,,,,,,,,,1,,,,,,,,,,,,,,,,,,,,,,,,,,
4536,2006-04-15,,,1,,,,,,,,,,,,,,,,,,,,,,,,,,,,,,,,,,,
4536,24-02-2015,,,,,,,,,,,,,,1,,,,,,,,,,,,,,,,,,,,,,,,
4537,20-12-2015,,,,,,1,,,,,,,,,,,,,,,,,,,,,,,,,,,,,,,,
4537,2009-04-15,,,,,,,,,,,,,,,,,,,,,,,,,,,,,,,,,,,,,,
4537,22-01-2015,,,,,,,,,,,,,,,,,,,,,,,,,1,,,,,,,,,,,,,
4537,27-10-2015,,,,,,,,,,,,,,,,,,,,,,,1,,,,,,,,,,,,,,,
4538,19-08-2014,,,,,,1,,,,,,,,,,,,,,,,,,,,,,,,,,,,,,,,
4538,28-11-2015,,,,,,,,,,,,,,,,,,,,,,,,,,,,,,,,,,,,,,
4539,2009-03-15,1,,,,,,,,,,,,,,,,,,,,,,,,,,,,,,,,1,,,,,
4540,20-10-2015,,,,,,,,,,,,,,,,,,,1,,,,,,,,,,,,,,,,,,,
4540,23-08-2014,,1,,,,,,,,,,,,,,,,,,,,,,,,,,,,,,,,,,,,
4540,24-02-2015,,,,1,,,,,,,,,,,,,,,,,,,,,,,,,,,,,,,,,,
4540,26-12-2014,,,,,,,,,,,,,,,,,,,,,,,,,,,,,,,,,,,,1,,
4541,18-04-2015,,,,,,,,,,,,,,,,,,,,,,1,,,,,,,,,,,,,,,,
4541,2003-04-14,,,,,1,,,,,,,,,,,,,,,,,,,,,,,,,,,,,,,,,
4541,2007-10-14,,,,,,,,1,,,,,,,,,,,,,,,,,,,,,,,,,,,,,,
4542,18-01-2015,,,,,,,,,1,,,,,,,,,,,,,,,,,,,,,,,,,,,,,
4542,2005-12-14,,,,,,1,,,,,,,,,,,,,,,,,,,,,,,,,,,,,,,,
4543,2011-05-14,,,,,,,,,,,,,1,,,,,,,,,,,,,,,,,,,,,,,,,
4543,23-10-2015,,,,,,,,1,,,,,,,,,,,,,,,,,,,,,,,,,,,,,,
4544,15-05-2014,,,,,,,,,,,1,,,,,,,,,,,,,,,,,,,,,,,,,,,
4544,2008-12-14,,,,,,,,,,,,,,,,,,,,,,1,,,,,,,,,,,,,,,,
4544,21-01-2015,,,,,,,,,,,,,,,,,,,,,,,,,,,,,,,,,,,,,,
4546,2003-09-15,,,1,,,,,,,1,,,,,,,,,,,,,,,,,,,,,,,,,,,,
4546,2009-04-15,,1,,,,,,,,,,,,,,,,,,,,,,,,,,,,,,,,,,,,
4547,18-01-2015,1,,,,,,,,,,,,,,,,,,,,,,,,,,,,,,,,,,,,,
4548,20-10-2014,,,,,,,,,,,,,,,,,,,,,,,1,,,,,,,,,,,,,,,
4548,2002-01-14,1,,,,,,,,,,,,,,,,,,,,,,,,,,,,,,,,,,,,,
4548,30-05-2015,1,,,,,,,,,,,,,,,,,,,,,,,,,,,,,,,,,,,,,
4548,30-07-2015,,,,,,,,,,,,,,,,,,,,,,,,,,,,,,,,,,,,,,
4550,14-01-2014,,,,,,,,,,1,,,,,,,,,,,,,,,,,,,,,,,,,,,,
4550,2002-03-15,,,,,,,,1,,,,,,,,,,,,,,,,,,,,,,,,,,,,,,
4550,2009-11-15,,,,,1,,,,,,,,,,,,,,,,,,,,,,,,,,,,,,,,,
4551,28-07-2015,,,,,,,,,,1,,,,,,,,,,,,,,,,,,,,,,,,,,,,
4552,13-08-2015,,,,,,1,,,,,,,,,,,,,,,,,,,,,,,,,,,,,,,,
4552,17-10-2015,1,,,,,,,,,,,,,,,,,,,,,,,,,,,,,,,,,,,,,
4552,19-06-2015,,,,,,,,,,,,,,,,,,,,,,,1,,,,,,,,,,,,,,,
4553,13-06-2015,,,,,,,,,,,,,,,,,,,,1,,,,,,,,,,,,,,,,,,
4553,2004-11-14,,,,,,1,,,,,,,,,,,,,,,,,,,,,,,,,,,,,,,,
4554,16-07-2015,,,1,,,,,,,,,,,,,,,,,,,,,,,,,,,,,,,,,,,
4554,18-07-2014,,,,,,,,,,,,,,,,1,,,,,,,,,,,,,,,,,,,,,,
4554,27-08-2015,1,,,,,,,,,,,,,,,,,,,,,,,,,,,,,,,,,,,,,
4555,19-12-2014,,,,,,,,,,,,,,,,,,,,,,,,,,,,,,,,,,1,,,,
4555,2007-11-15,1,,,,,,,,,,,,,1,,,,,,,,,,,,,,,,,,,,,,,,
4555,2009-07-15,,,,,,,,,,,,,,1,,,,,,,,,,,,,,,,,,,,,,,,
4555,23-07-2015,,,1,,,,1,,,,,,,,,,,,,,,,,,,,,,,,,,,,,,,
4555,31-03-2015,,,,,,,,,,,,,,,,,,,,,,,,1,,,,,,,,,,,,,,
4556,2010-01-15,,,,,,,1,,,,,,,,,,,,,,,,,,,,,,,,,,,,,,,
4557,2011-01-14,,,1,,,,,,,,,,,,,,,,,,,,,,,,,,,,,,,,,,,
4558,2003-04-15,,,,,,,,,,,,,,,,,,,,,,,1,,,,,,,,,,,,,,,
4558,2005-04-15,,,,,,,,,1,,,,,,,,,,,,,,,,,,,,,,,,,,,,,
4558,27-08-2014,,,,,,1,,,,,,,,,,,,,,,,,,,,,,,,,,,,,,,,
4559,16-03-2015,1,,,,,,,,,,,,,,,,,,,,,,,,,,,,,,,,,,,,,
4559,2001-09-14,,,,,,,,1,,,,,,,,,,,,,,,,,,,,,,,,,,,,,,
4559,2007-02-15,,,,,,,,,,,,,,,,,,,,,,,,,,1,,,,,,,,,,,,
4561,18-06-2014,1,,,,,,,,,,,,,,,,,,,,,,,,,,,,,,,,,,,,,
4561,2004-09-14,,,1,,,,,,,,,,,,,,,,,,,,,,,,,,,,,,,,,,,
4561,25-02-2014,,,,,,,,1,,,,,,,,,,,,,,,,,,,,,,,,,,,,,,
4561,27-01-2014,,,,,,,,,,,,,1,,,,,,,,,,,,,,,,,,,,,,,,,
4563,16-05-2015,,,,,,,,,,,,,,,,,,,,,,,1,,,,,,,,,,,,,,,
4563,20-05-2014,,,,,1,,,,,,,,,,,,,,,,,,,,,,,,,,,,,,,,,
4563,27-06-2015,,,,,,,1,,,,,,,,,,,,,,,,,,,,,,,,,,,,,,,
4564,2004-11-15,,,,,,,,,,,,,,,,,,,,,,,,,,1,,,,,,,,,,,,
4564,2008-07-15,,,,,,,,1,,,,,,,,,,,,,,,,,,,,,,,,,,,,,,
4564,2011-10-14,,,,,,,,,,,,1,,,,,,,,,,,,,,,,,,,,,,,,,,
4564,29-01-2014,,,,,,,,,,,,,,,,,,,,,,,,,,,,,,,,1,,,,,,
4566,16-09-2014,,,1,,,,,,,,,,,,,,,,,,,,,,,,,,,,,,,,,,,
4566,30-08-2015,,,,,,,,,1,,,,,,,,,,,,,,,,,,,,,,,,,,,,,
4567,16-03-2014,,,,,,,,,,,,,,,,,,,,,,,,1,,,,,,,,,,,,,,
4567,2001-05-14,,,,,,,,,1,,,,,,,,,,,,,,,,,,,,,,,,,,,,,
4567,2002-10-15,,,,,,,,,,,,1,,,,,,,,,,,,,,,,,,,,,,,,,,
4567,2010-09-15,,,1,,,,,,,,,,,,,,,,,,,,,,,,,,,,,,,,,,,
4569,24-12-2014,,,,,,1,,,,,,,,,,,,,,,,,,,,,,,,,,,,,,,,
4569,27-07-2015,,,,,,,,,,,,,,,,,,,,,,,,,,,,,,,,,,,,,,
4569,28-07-2014,,,,,,,,,,,,1,,,,,,,,,,,,,,,,,,,,,,,,,,
4570,22-08-2015,,,,,,,,,,1,,,,,,,,,,,,,,,,,,,,,,,,,,,,
4571,2003-03-15,,,,,,,,,,,1,,,,,,,,,,,,,,,,,,,,,,,,,,,
4571,2005-04-15,,,,,,,,,,,,,,1,,,,,,,,,,,,,,,,,,,,,,,,
4572,19-08-2015,1,,,,,,,,,,,,,,,,,,,,,,,,,,,,,,,,,,,,,
4572,29-10-2015,1,,,,,,,,,,,,,,,,,,,,,,,,,,,,,,,,,,,,,
4572,30-10-2014,,,,,,1,,,,,,,,,,,,,,,,,,,,,,,,,,,,,,,,
4573,2008-06-14,1,,,,,,,,,,,,,,,,,,,,,,,,,,,,,,,,,,,,,
4573,23-12-2015,,,,,,,,,,,,,,,,,,,,,,,,,,,,,,,,,,,,,,
4573,25-01-2015,,,,,,,,,,,,,,,,,,,,,,,1,,,,,,,,,,,,,,,
4574,2003-10-15,,,,,,,,,,,,,,,,,,,,,,,,,,,,,,,,,,,,1,,
4574,30-11-2015,,,,,,,,,,,,,,,,,,,,,,,,,,,,,,,,,,,,,,
4575,2003-05-14,,,,,,,,1,,,,,,,,,,,,,,,,,,,,,,,,,,,,,,
4575,2006-01-14,,,,,,,,,,,,,,,,,,,,,,,,,,,,,,,,,,,,,,
4575,2008-04-14,1,,,,,,,,,,,,,,,,,,,,,,,,,,,,,,,,,,,,,
4575,2010-12-15,,,,,,,,,,,,,,,,,,,,,,,,,,1,,,,,,,,,,,,
4576,2005-08-15,1,,,,1,,,,,,,,,,,,,,,,,,,,,,,,,,,,,,,,,
4577,2004-11-15,,,,,,,,,,,,,,,,,,,,,1,,,,,,,,,,,,,,,,,
4578,2008-09-14,,,,,,,,1,,,,,,,,,,,,,,,,,,,,,,,,,,,,,,
4578,2012-08-14,,,,,,,,,,,,,,,,,,,1,,,,,,,,,,,,,,,,,,,
4579,19-01-2014,1,,,,,,,,,,,,,,,,,,,,,,,,,,,,,,,,,,,,,
4579,2009-01-15,,,,,,,1,,,,,,,,,,,,,,,,,,,,,,,,,,,,,,,
4579,28-02-2014,1,,,,,,,,,,,,,,,,,,,,,,,,,,,,,,,,,,,,,
4579,29-10-2015,,,,,,1,,,,,,,,,,,,,,,,,,,,,,,,1,,,,,,,,
4581,2003-04-15,,,1,,,,,,,,,,,,,,,,,,,,1,,,,,,,,,,,,,,,
4581,2005-08-14,,,,,,,,,,,,,,,,,,,,,,1,,,,,,,,,,,,,,,,
4582,13-11-2015,,,,,,,,,,,,,,,,,,1,,,,,,,,,,,,,,,,,,,,
4582,22-06-2014,,,,,,,,,,,,,,,,,,,,,,,1,,,,,,,,,,,,,,,
4583,2006-06-14,,,1,,,,,,,,,,,,,,,,,,,,,,,,,,,,,,,,,,,
4583,23-02-2015,,,,,,,1,,,,,,,,,,,,,1,,,1,,,,,,,,,,,,,,,
4584,2002-12-15,,1,,,,,,,,,,,,,,,,,,,,,,,,,,,,,,,,,,,,
4584,2009-10-15,,1,,,,,,,,,,,,,,,,,,,,,,,,,,,,,,,,,,,,
4584,22-04-2014,,,,,,1,,,,,,,,,,,,,,,,,,,,,,,,,,,,,,,,
4584,25-10-2015,,,,,,,,,,1,,,,,,,,,,,,,,,,,,,,,,,,,,,,
4584,29-08-2014,,,,,,,,,,,,,,1,,,,,,,,,,,,,,,,,,,,,,,,
4585,16-07-2015,,,,,,,,,1,,,,,,,,,,,,,,,,,,,,,,,,,,,,,
4585,18-05-2014,,,,,,,,,,,,,,,,,,,,,,,,,,,,,,,,1,,,,,,
4585,2001-05-15,,1,,,,1,,,,,,,,,,,,,,,,,,,,,,,,,,,,,,,,
4585,28-09-2015,,,,,,,,,,,,,,,,,,,,,,,1,,,,,,,,,,,,,,,
4586,16-08-2014,,,,,,,,1,,,,,,,,,,,,,,,,,,,,,,,,,,,,,,
4586,17-05-2014,,,,,,,,1,,,,,,,,,,,,,,,,,,,,,,,,,,,,,,
4586,26-09-2014,1,,,,,,,,,,,,,,,,,,,,,,,,,,,,,,,,,,,,,
4588,2002-09-14,,,,,,1,,,,,,,,,,,,,,,,,,,,,,,,,,,,,,,,
4588,2008-11-15,,,,1,,,,,,,,,,,,,,,,,,1,,,,,,,,,,,,,,,,
4588,30-04-2015,1,,1,,,,,,,,,,,,,,,,,,,,,,,,,,,,,,,,1,,,
4588,30-06-2015,,,,,,,,1,,,,,,,,,,,,,,,,,,,,,,,,,,,,,,
4589,2008-10-15,,,,,,,,,,,,,,,,,,,,,,,,,,,,,,,,,,,,,,
4589,2008-12-15,,,,,,,,,,,,,,,,,,,,,,,,,,,,,,,,,,,,,,
4589,2010-07-15,,,,,,,,,,,,,,,,1,,,,,,,,,,,,,,,,,,,,,,
4589,24-01-2014,,,,,,,,,,,,,,,,,,,,,,,1,,,,,,,,,,,,,,,
4591,15-05-2015,,,,,,,1,,,,,,1,,,,,,,,,,,,,,,,,,,,,,,,,
4591,2011-07-14,,,,,,,,,,,,,,,,,,,,,,,,,,,1,,,,,,,,,,,
4592,13-07-2015,,,,,,,,,,,,,1,1,,,,,,,,,,,,,,,,,,,,,,,,
4592,2007-08-15,,,,,,,,,,,,,,,,,,,,,1,,,,,,,,,,,,,,,,,
4592,2008-12-15,,,,,,,,,,,,,,1,,,,,,,,,,,,,,,,,,,,,,,,
4592,22-06-2015,1,,,,,,,,,,,,,,,,,,,,,,,,,,,,,,,,,,,,,
4592,28-03-2014,,,1,,,,,,,,,,,,,,,,,,,,,,,,,,,,,,,,,,,
4593,2007-04-15,,,,,,1,,,,,,,,,,,,,,,,,,,,,,,,,,,,,,,,
4594,2001-07-14,,,,,,1,,,,,,,,,,,,,,,,,,,,,,,,,,,,,,,,
4594,2002-05-15,,,,,,,,,1,,,,,,,,,,,,,,,,,,,,,,,,,,,,,
4594,23-06-2015,,,,,,,,,,,,,,,,,,,,,,,1,,,,,,,,,,,,,,,
4594,24-12-2014,1,,,,,,,,,,,,,,,,,,,,,,,,,,,,,,,,,,,,,
4594,28-05-2014,1,,,,,,,,,,,,,,,,,,,,,,,,,,,,,,,,,,,,,
4594,28-11-2014,,,,,,,,,,,,,,,,,,,,,,,,,,,,,,,,,,1,,,,
4595,2007-08-15,,,,,,,,,,,,,,,,,,,1,,,,,,,,,,,,,,,,,,,
4596,2005-06-15,,,,,,,,,,,,,,,,,,,,,,,,,,,,,,,,,,,,,,
4596,2008-04-15,,,,,,,,,,,,1,,,,,,,,,,,,,,,,,,,,,,,,,,
4597,15-04-2014,,,,,,,,,,,,,,,,,,,,,,,,,,1,,,,,,,,,,,,
4598,18-03-2015,,,,,,,,,,,,,,,,,,,,1,,,,,,,,,,,,,,,,,,
4598,18-11-2015,1,,,,1,,,,,,,,,,,,,,,,,,,,,,,,,,,,,,,,,
4598,2005-09-14,,,,,,,,,,,,,,1,,,,,,,,,,,,,,,,,,,,,,,,
4598,2005-11-14,,,,,1,,,,,,,,,,,,,,,,,,,,,,,,,,,,,,,,,
4599,23-04-2014,,,,,,,,,,,,,1,,,,,,,,,,,,,,,,,,,,,,,,,
4600,14-07-2015,,1,,,,,,,,,,,,,,,1,,,,,,,,,,,,,,,,,,,,,
4600,2012-02-15,,,,,1,,,,,,,,,,,,,,,,,,,,,,,,,,,,,,,,,
4601,2004-01-15,,,,,,,1,,,,,,,,,,,,,,,,,,,,,,,,,,,,,,,
4601,22-07-2015,,,,,,,,,,,,,,,,,,,,,,,1,,,,,,,,,,,,,,,
4601,27-03-2014,,,,,,,,,,,,,,,,,,,,,,,,,,,,,,,,,,,,,,
4602,26-08-2015,,1,,,,,,,,,,,,,,,,,,,,,,,,,,,,,,,,,,,,
4603,17-11-2014,1,,,,,,,,,,,,,,,,,,,,,,,,,,,,,,,,,,,,,
4603,2012-02-14,,,,,,,,,,,,,,,,,,,,,,,,,,,,,1,,,,,,,,,
4603,21-01-2015,,,,,,,,,,,,,,,,,,,,,,,1,,,,,,,,,,,,,,,
4604,19-12-2014,,,,,,,,,,,,,,,,,,,,,,,,1,,,,,,,,,,,,,,
4604,2009-12-15,,,,,,1,,,,,,,,,,,,,,,,,,,,,,,,,,,,,,,,
4605,13-08-2015,,,,,,,,,,,1,,,,,,,,,,,,,,,,,,,,,,,,,,,
4605,28-05-2015,,,,,,,,,,,,,,,,,,,,,,,1,,,,,,,,,,,,,,,
4606,13-03-2015,,,,,,,,1,,,,,,,,,,,,,,,,,,,,,,,,,,,,,,
4606,15-05-2015,1,,,,,,,,,,,,,,,,,,,,,,,,,,,,,,,,,,,,,
4606,30-03-2015,,,,,,,,,,,,,1,,,,,,,,,,,,,,,,,,,,,,,,,
4607,15-12-2015,,,,,,,,,,,,,,,,,,,,,,,,,,1,,,,,,,,,,,,
4607,2009-06-14,,,,,,,,,,,,,1,,,,,,,,,,,,,,,,,,,,,,,,,
4608,2005-01-15,1,,,,,,,,,,,1,,,,,,,,,,,,,,,,,,,,,,,,,,
4608,25-11-2015,,,,,,,,,,,,,,,,,,1,,,,,,,,,,,,,,,,,,,,
4609,2001-05-14,,1,,,,,,,,,,,,,,,,,,,,,,,,,,,,,,,,,,,,
4609,2007-11-15,1,,,,,,,,,,,,,,,,,,,,,,,,,,,,,,,,,,,,,
4610,19-04-2015,,,,,,,1,,,,,1,,,,,,,,,,,,,,,,,,,,,,,,,,
4610,19-07-2015,,,,,,,1,,,,,,,,,,,,,,,,,,,,,,,,,,,,,,,
4610,22-01-2015,,,,,,,,,,,,,,,,,,,1,,,,,,,,,,,,,,,,,,,
4611,2008-03-15,,,,,,1,,,,,,,,,,,,,,,,,,,,,,,,,,,,,,,,
4612,2008-09-14,,,,1,,,,,,,,,,,,,,,,,,,,,,,,,,,,,,,,,,
4612,30-04-2015,,,,,,,,,,,,,,,,,,,,,,,,,,,,,,,,,,,,,,
4613,17-05-2015,,,,,,,,,,,,,,,,,,,,,,,1,,,,,,,,,,,,,,,
4613,2004-10-14,,,,,,,,,,,,,,,,,,,,,,,,,,,,1,,,,,,,,,,
4614,2001-12-14,,,,,,,,,,,,,,,,,,,,,,,,,,,,,,,,,,,,,,
4614,2007-06-15,,,,,,,1,,,,,,,,,,,,,,,,,,,,,,,,,,,,,,,
4614,23-02-2015,,,,,1,,,,,,,,,,,,,,,,,,,,,,,,,,,,,,,,,
4614,25-12-2014,,,,,,,,,,,,,,,,,1,,,,,,,,,,,,,,,,,,,,,
4615,29-10-2014,1,,,,,,,,,,,,,,,,,,,,,,,,,,,,,,,,,,,,,
4616,14-02-2015,,,,,,1,,,,,,,,,,,,,,,,,,,,,,,,,,,,,,,,
4616,16-10-2014,,,,,1,,,,,,,,,,,,,,,,,,,,,,,,,,,,,,,,,
4617,18-11-2014,,,,,,,,,,,,,,,,,,,1,,,,,,,,,,,,,,,,,,,
4617,2003-11-14,,,,,,,,,,,,,,,,,,,,,,,,,,,,,,,,,,,1,,,
4617,24-11-2014,1,,,,,,,,,,,,,,,,,,,,,,,,,,,,,,,,,,,,,
4618,28-02-2014,,,,,,,,,,,,,,,,,,,,,,,,,,,,,,,,,,,1,,,
4619,16-06-2015,,,,,,,,,,1,,,,,,,,,,,,,,,,,,,,,,,,,,,,
4619,27-05-2015,,,1,,,,,,,,,,,,,,,,,,,,,,,,,,,,,,,,,,,
4620,16-03-2014,,,,,1,,,,,,,,,,,,,,,,,,,,,,,,,,,,,,,,,
4620,2011-03-15,1,,,,,,,,,,,,,,,,,,,,,,,,,,,,,,,,,,,,,
4621,28-03-2014,,,,,,,,,,1,,,,,,,,,,,,,,,,,,,,,,,,,,,,
4622,18-05-2014,,,,,,,,,,,,,,,,,,,,,,,,,,,,,1,,,,,,,,,
4622,2012-06-14,,,,,,,,,,1,,,,,,,,,,,,,,,,,,,,,,,,,,,,
4622,30-05-2014,,,,,,,,,,,,,,1,,,,,,,,,,,,,,,,,,,,,,,,
4624,13-08-2014,,,,,,,,,,,,,,,,,,,,,,1,,,,,,,,,,,,,,,,
4624,18-05-2015,,,,,,,1,,,,,,,,,,,,,,,,,,,,,,,,,,,,,,,
4624,2006-06-14,,,,,,,,,,,,,,,,,,,,,,,,,,,,,,,,,,,,,,
4624,2012-06-14,,,1,,,,,,,,,,,,,,,,,,,,,,,,,,,,,,,,,,,
4624,21-08-2014,,,,,,,,,,,,,,,,,,1,,,,,,,,,,,,,,,,,,,,
4624,22-04-2014,,,,,,,,,,,,,,,,,,,,,,,,,,,,,,,,,,,,1,,
4624,27-11-2015,,,,,,,,,,,,,,,,,,,,,,,1,,,,,,,,,,,,,,,
4625,2003-01-14,,,,,,,,,,,,,,,,1,,,,,,,,,,,,,,,,,,,,,,
4625,2007-04-15,,,,,,,,,,,,,,,,,,,,,,,,,,,,,,,,,,,,,,
4628,2001-05-14,1,,,,,,,,,,,,,,,,,,,,,,,,,,,,,,,,,,,,,
4628,2002-07-14,,,,,,,,,,,1,,,,,,,,,,,,,,,,,,,,,,,,,,,
4628,2010-12-15,,,,,,,,,,,,,,,,,,,,,,,,,,,,,,,,,,,,,,
4628,28-11-2014,,,,1,,,,,,,,,,,,,,,,,,,,,,,,,,,,,,,,,,
4628,29-11-2015,,,,,,,,,,,,,,1,,,1,,,,,,,,,,,,,,,,,,,,,
4629,16-11-2015,,,,,,,,,,,,,,1,,,,,,,,,,,,,,,,,,,,,,,,
4631,25-02-2014,,,,,,,1,,,,,,,,,,,,,,,,,,,,,,,,,,,,,,,
4632,18-09-2014,,,,,1,,,,,,,,,,,,,,,,,,,,,,,,,,,,,,,,,
4632,2004-10-15,,,,,,,,,,,,,,,,,,,,,,,1,,,,,,,,,,,,,,,
4633,14-04-2015,,,,,,,,,,,1,,,,,,,,,,,,,,,,,,,,,,,,,,,
4633,17-08-2015,,,,,,,,,,1,,,,,,,,,,,,,,,,,,,,,,,,,,,,
4633,26-04-2015,,,1,,,,,,,,,,,1,,,,,,,,,,,,,,,,,,,,,,,,
4634,2010-05-14,,,,,,,,,,,,,,1,,,,,,,,,,,,,,,,,,,,,,,,
4634,26-02-2015,,,,,,,1,,,,,,,,,,,,,,,,,,,,,,,,,,,,,,,
4635,16-10-2015,,,,1,,,,,,,,,,,,,,,,,,,,,,,,,,,,,,,,,,
4635,17-10-2014,,,,,,,,,,,,,,,,,,,1,,,,,,,,,,,,,,,,,,,
4635,2008-05-14,1,,,,,,,,,,,,,,,,,,,,,,,,,,,,,,,,,,,,,
4636,2005-01-15,,,,,,,,,,,,,,,,,,,1,,,,,,,,,,,,,,,,,,,
4636,2010-04-15,,,1,,,,,,,,,,,,,,,,,,,,,,,,,,,1,,,,,,,,
4636,26-03-2014,,,,,,,,,,,,,,1,,,,,,,,,,,,,,,,,,,,,,,,
4636,28-07-2014,,,,,,,,,,,,,,,,,,,,,,,,,,,,,,,,,,,,,,
4637,14-05-2015,1,,,,,,,,,,,,,,,,,,,,,,,,,,,,,,,,,,,,,
4637,2006-12-14,,,,,,,,,,1,,,,,,,,,,,,,,,,,,,,,,,,,,,,
4637,2007-04-14,,,,,,,,,,,,,1,,,,,,,,,,,,,,,,,,,,,,,,,
4637,2008-12-14,,,,,,,,,,,1,,,,,,,,,,,,,,,,,,,,,,,,,,,
4638,19-02-2014,,,,,1,,,,,,,,,,,,,,,,,,,,,,,,,,,,,,,,,
4638,2011-08-14,,,,,1,,,,,,,,,,,,,,,,,,,,,,,,,,,,,,,,,
4640,2003-11-14,,,,,,,,1,,,,,,,,,,,,,,,,,,,,,,,,,,,,,,
4640,25-09-2015,,,,,1,,,,,,,,,,,,,,,,,,,,,,,,,,,,,,,,,
4640,31-01-2015,,,,,,,,,,,,,,,,,,,,,1,,,,,,,,,,,,,,,,,
4641,16-03-2014,,,,,1,,,,,,,,,,,,,,,,,,,,,,,,,,,,,,,,,
4641,2011-05-14,,,,,,,,,,,1,,,,,,,,,,,,,,,,,,,,,,,,,,,
4642,17-12-2014,,,,,,,,,,,,,,,,,,,,,,,,,,,,,,,,,,,1,,,
4642,2003-12-15,,,,,,,,1,,,,,,,,,,,,,,,,,,,,,,,,,,,,,,
4643,2002-12-15,,,,,,,,,,,,,,,,,,,,,,,,,,,,,,,,,,,,,,
4643,2009-03-14,,,,,,1,,,,,,,,,,,,,,,,,,,,,,,,,,,,,,,,
4643,2010-08-15,,,,,,,,,,,,,,,,,,,,,,,,,,1,,,,,,,,,,,,
4643,2012-03-15,,,,,,1,,,,,,,,,,,,,,,,,,,,,,,,,,,,,,,,
4643,25-01-2015,1,,,,,,,,,,,,,,,,,,,,,,,,,,,,,,,,,,,,,
4644,2002-07-15,,,,,,,,,,,,,,,,,,,,,,,,,,,,,,1,,,,,,,,
4645,13-12-2014,,,,,,1,,,,,,,,,,,,,,,,,,,,,,,,,,,,,,,,
4645,2004-12-14,,,,,,,,,,,,,,,,1,,,,,,,,,,,,,,,,,,,,,,
4645,2006-12-15,,,1,,,,,,,,,,,,,,,,,,,,,,,,,,,,,,,,,,,
4645,2010-11-14,,,,,,,,,,,,,,,,,,,1,,,,,,,,,,,,,,,,,,,
4645,25-07-2015,,,,,,,,,,,,,,,,,,,,,1,,,,,,,,,,,,,,,,,
4646,16-01-2014,1,,,,,,,,,,,,,,,,,,,,,,,,,,,,,,,,,,,,,
4646,31-07-2015,,,,,,1,,,,,,,,,,,,,,,,,,,,,,,,,,,,,,,,
4647,17-02-2015,,,,,,,,,,,,,,,,,,,,,,,,,,,,,,,,,,,,,,
4648,2003-08-15,,,,,,,,,,,,,,,,,,,,,,,,,,,,,1,,,,,,,,,
4648,2008-10-15,1,,,,,,,,,,,,,,,,,,,,,,,,,,,,,,,,,,,,,
4650,14-12-2014,,,,,,,,,,,,,,,,,,,,1,,,,,,,,,,,,,,,,,,
4651,2010-01-14,,,,,,,,1,,,,,,,,,,,,,,,,,,,,,,,,,,,,,,
4651,21-06-2015,,,1,,,,,,,,,,,,,,,,,,,,,,,,,,,,,,,,,,,
4652,2011-09-14,,,,,,,,,,,,1,,,,,,,,,,,,,,,,,,,,,,,,,,
4652,26-08-2014,,,,,,,,,,,,,,,,,,,1,,,,,,,,,,,,,,,,,,,
4653,2005-09-14,,,,,,,,,,,,,,,,,,1,,,,,,,,,,,,,,,,,,,,
4653,2009-11-14,,,,,,,,,,,,,,,,,,,,,,,,,,1,,,,,,,,,,,,
4654,2003-08-14,,,,,1,,,,,,,,,,,,,,,,,,,,,,,,,,,,,,,,,
4654,2006-05-14,,,,,,,,1,,,,,,,,,,,,,,,,,,,,,,,,,,,,,,
4655,14-11-2014,,1,,,,,,,,,,,,,,,,,,,,,,,,,,,,,,,,,,,,
4655,2002-08-15,,,,,,1,,,,,,,,,,,,,,,,,,,,,,,,,,,,,,,,
4655,21-03-2015,,,,,,,,,,,,,,1,,,,,,,,,,,,,,,,,,,,,,,,
4655,31-03-2015,1,,,,,,,,,,,,,,,,,,,,,,,,,,,,,,,,,,,,,
4656,18-10-2014,,,,,,,,,,,,,,,,,,,,1,,,,,,,,,,,,,,,,,,
4656,2002-03-14,,,,,,,,,,,,1,,,,,,,,,,,,,,,,,,,,,,,,,,
4656,24-05-2014,,,,,,,,1,,,,,,,,,,,,,,,,,,,,,,,,,,,,,,
4656,25-12-2015,,,,,,,1,,,,,,,,,,,,,,,,,,,,,,,,,,,,,,,
4657,14-01-2015,,,,,,,,,,,,,,,,,,,,,,,,,,,,,,,,,,,,,,
4657,15-08-2015,,1,,,,1,,,,,,,,,,,,,,,,,1,,,,,,,,,,,,,,,
4657,2003-04-14,,,,,,,,,,,,,,,,,,,,,,,,,,,,,,,,,,1,,,,
4657,21-09-2014,,,,,,,,,,,,,,,1,,,,,,,,,,,,,,,,,,,,,,,
4658,14-07-2015,,,,,,,,,,,,,,,,,,,,,,,,,,,,,,,,,,,,,,
4658,26-07-2014,,,,,,1,,,,,,,,,,,,,,,,,,,,,,,,,,,,,,,,
4660,2010-07-15,,,,,,,,,,,,,,,,,,,,,,,,,,,,,,,,,,,,1,,
4660,23-01-2014,,,,,,,,,,,,,,,,,,,,,,,1,,,,,,,,,,,,,,,
4661,16-08-2014,,,,,,,,,,,,1,,,,,,,,,,,,,,,,,,,,,,,,,,
4661,18-04-2015,,,,,,,,,,1,,,,,,,,,,,,,,,,,,,,,,,,,,,,
4661,2009-06-14,1,,,,,,,,,,,,,,,,,,,,,,,,,,,,,,,,,,,,,
4661,2010-05-15,,,,,,1,,,,,,,,,,,,,,,,,,,,,,,,,,,,,,,,
4661,30-05-2014,,,,,,,,,1,,,,,,,,,,,,,,,,,,,,,,,,,,,,,
4662,17-11-2015,,,,,,,,1,,,,,,,,,,,,,,,,,,,,,,,,,,,,,,
4662,19-10-2015,,,,,,,,,,,,,1,,,,,,,,,,,,,,,,,,,,,,,,,
4662,25-08-2015,,,,,,,,1,,,,,,,,,,,,,,,,,,,,,,,,,,,,,,
4662,27-06-2015,,,,,,,1,,,,,,,,,,,,,,,,,,,,,,,,,,,,,,,
4663,24-02-2014,,,,,,,,,,,,,,,,,,1,,,,,,,,,,,,,,,,,,,,
4664,2002-09-14,,,,,,,,,,,,,,1,,,,,,,,,,,,,,,,,,,,,,,,
4664,2003-01-14,,1,,,,,,,,,,,,,,,,,,,,,,,,,,,,,,,,,,,,
4664,26-05-2015,,,,,,,,1,,,,,,,,,,,,,,,,,,,,,,,,,,,,,,
4665,2003-12-14,1,,,,,,,,,,,,,,,,,,,,,,,,,,,,,,,,,,,,,
4665,2012-01-14,,,,,,,,,,,,,,,,,,,,,,,,,,,,,,,,,,,,,,
4665,26-02-2015,,,,,,,,,,,,,,,,,,,,,,,,,,,,,,,,,,,,,,
4666,19-10-2015,,,,,,,,,1,,,,,,,,,,,,,,,,,,,,,,,,,,,,,
4666,2001-02-14,,,,,,,,,,,,,,,,,,,,,,,,,,,,,,,,,,,,1,,
4666,2002-12-15,,,,,1,,,,,,,,,,,,,,,,,,,,,,,,,,,,,,,,,
4666,27-09-2014,,,,,,,,,,,,,,,,,,,1,,,,,,,,,,,,,,,,,,,
4667,2007-05-15,,1,,,,,,,,,,,,,,,,,,,,,,,,,,,,,,,,,,,,
4667,2012-01-15,,,,,1,,,,,,,,,,,,,,,,,,,,,,,,,,,,,,,,,
4667,23-02-2015,,,,,,,,,,,,,,,,,,,,,,,,,,,,,,,,,,,,,,
4667,25-08-2015,,,,,,,,1,,,,,,,,,,,,,,,,,,,,,,,,,,,,,,
4667,31-08-2014,,,,,,,,,,,,,,,,,,,,,,,,,,,,,,,,,,,,,,
4668,2001-02-15,,,,,,1,,,,,,,,,,,,,,,,,,,,,,,,,,,,,,,,
4668,2004-05-14,,,,,,,,,,1,,,,,,,,,,,,,,,,,,,,,,,,,,,,
4669,13-04-2014,,,1,,,,,,,,,,,,,,,,,,,,,,,,,,,,,,,,,,,
4669,25-06-2015,1,,,,,,,,,,,,,,,,,,,,,,,,,,,,,,,,,,,,,
4669,27-05-2015,1,,,,,,,,,,,,,,,,,,,,,,,,,,,,,,,,,,,,,
4670,2011-10-15,,,,,,,,,,,,,,,,,,,,,,,,,,,,,,,,,,,,,,
4670,31-08-2015,1,,,,,,,,,,,,,,,,,,,,,,,,,,,,,,,,,,,,,
4671,20-01-2014,,,,,,,,,,,,,,,,,,,,,,,,,,,,,,,,,,,,,,
4671,2001-08-15,,,,,,,,,,,,,,,,,,,,,,,,,,,,,,,,,,,,,,
4671,30-05-2015,,,,,,,,,,,,1,,,,,,,,,,,,,,,,,,,,,,,,,,
4672,13-02-2015,1,,,,,,,,,,,,,,,,,,,,,,,,,,,,,,,,,,,,,
4673,20-08-2014,1,,,,,,,,,,,,,,,,,,,,,,,,,,,,,,,,,,,,,
4673,23-06-2014,,,,,,,,,,,,,,,,,,,,1,,,,,,,,,,,,,,,,,,
4675,14-09-2015,,,,,,,,,,,,,,1,,,,,,,,1,,,,,,,,,,,,,,,,
4675,16-01-2015,,,,,,,,,,,,,,,,,,,1,,,,,,,,,,,,,,,,,,,
4675,2009-07-14,,,,,,,,,,,,,,,,,,,,,,1,,,,,,,,,,,,,,,,
4675,31-10-2015,,,,,,,1,,,,,,,,,,,,,,,,,,,,,,,,,,,,,,,
4676,13-11-2014,,,,,,,,,,,,,,,,,,,,,1,,,,,,,,,,,,,,,,,
4676,15-01-2015,,,,,,,,,,,,,,,,,,,,,,,,,,,,,,,,,,,,,,
4677,24-01-2015,,,,1,,,,,,,,,,,,,,,,,,,,,,,,,,,,,,,,,,
4678,13-03-2014,,,,,,,,,,,,,,1,,,,,,,,,,,,,,,,,,,,,,,,
4678,31-03-2015,,,,,,,1,,,,,,,,,,,,,,,,,,,,,,,,,,,,,,,
4679,13-06-2014,,,,,,,,,,,,,,,,,1,,,,,,,,,,,,,,,,,,,,,
4679,16-05-2015,,,,,,,,,,,,,,,,,,,,,,,1,,,,,,,,,,,,,,,
4679,2002-02-14,,1,,,,,,,,,,,,,,,,,,,,,,,,,,,,,,,,,,,,
4679,2010-11-15,,,,,,,,,,1,,,,,,,,,,,,,,,,,,,,,,,,,,,,
4680,22-08-2015,,,,,1,,,,,,,,,,,,,,,,,,,,,,,,,,,,,,,,,
4681,2011-09-15,1,,,,,,,,,,,,,1,,,,,,,,,,,,,,,,,,,,,,,,
4681,28-02-2015,,,,,,,,,,,,,,,,,,,,,,,,,,,,,,,,,,,,,,
4682,17-05-2015,,,,,,,,,,,,,,,,,,,,,,,,,,,,,,,,,,,,,,
4682,19-03-2015,,,,,,,,,,,,,,,,,,,,,,1,,,,,,,,,,,,,,,,
4682,21-04-2014,,,,,,,,,,,,,,1,,,,,,,,,,,,,,,,,,,,,,,,
4683,2009-05-14,,,,,,,,,,1,,,,,,,,,,,,,,,,,,,,,,,,,,,,
4683,23-09-2015,,,,,,,,,1,,,,,,,,,,,,,,,,,,,,,,,,,,,,,
4684,2007-02-14,,,,,,,,,,,,,,1,,,,,,,,,,,,,,,,,,,,,,,,
4684,21-11-2014,,,,,,,,,,,,,,,,,,,,,,,,1,,,,,,,,,,,,,,
4684,31-08-2014,1,,,,,,,,,,,,,,,,,,,,,,,,,,,,,,,,,,,,,
4685,19-07-2015,,,,,,,,,,,,,,,,,,,,,,,,,,,1,,,,,,,,,,,
4685,2004-11-15,,,,,,,,,,,,,,,,,,,1,,,,,,,,,,,,,,,,,,,
4685,27-08-2015,,,1,,,,,,,,,,,,,,,,,,,,,,,,,,,,,,,,,,,
4686,14-09-2015,,,1,,,,,,,,,,,,,,,,,,,,,,,,,,,,,,,,,,,
4686,19-08-2015,,,,,,,,,,,,,,,,,,,,,,,,,,,,,,,,,,,,,,
4686,2008-10-15,,,,,,,,,,,,,,,,,,,,,,,,,,,,,,,,,,,,,,
4686,2012-11-15,,,,,,,,,,,,,,,,,,,,,,,,,,,,,,,,,,1,,,,
4686,27-06-2014,1,,,,,,,,,,,,,,,,,,,,,,,,,,,,,,,,,,,,,
4687,13-01-2015,,,,,,,,,,,1,,,,,,,,,,,,,,,,,,,,,,,,,,,
4687,23-09-2015,,,,,,,,,,,,,,,,,,,,,,,,,,,,,,,,,,,,,,
4688,2001-08-15,,,,,1,,,,,,,,,,,,,,,,,,,,,,,,,,,,,,,,,
4688,2002-10-15,,,,,,,,,,,,,,,,,,,1,,,,,,,,,,,,,,,,,,,
4688,2003-08-15,,,,,,,1,,,,,,,,,,,,,,,,,,,,,,,,,,,,,,,
4688,2008-05-15,,,,,,,,,,1,,,,,,,,,,,,,,,,,,,,,,,,,,,,
4690,17-12-2014,,,,,,,,1,,,,,,,,,,,,,,,,,,,,,,,,,,,,,,
4690,20-12-2014,,,,,,,,,,,,,,,,,1,,,,,,,,,,,,,,,,,,,,,
4690,2002-03-14,,,,,,,,,,1,,,,,,,,,,,,,,,,,,,,,,,,,,,,
4690,2006-03-14,1,,,,,,,,,,,,,,,,,,,,,,,,,,,,,,,,,,,,,
4691,2008-01-15,,,,,,,,,,,,,,,,,,,,,,,,,,,,,,,,1,,,,,,
4692,2010-08-14,,,,,,,,,,,,,,,,,,,,1,,,,,,,,,,,,,,,,,,
4692,27-10-2015,,,1,,,,,,,,,,,1,,,,,,,,,,,,,,,,,,,,,,,,
4692,29-08-2014,,,,,,,,,,,,,,1,,,,,,,,,,,,,,,,,,,,,,,,
4693,13-03-2015,,,,,,,,,,,,,,,,,,1,,,,,,,,,,,,,,,,,,,,
4693,2001-07-15,1,,,,,,,,,,,,,,,,,,,,,,,,,,,,,,,,,,,,,
4694,18-11-2015,,,,,,,,,,,,1,,,,,,,,,,,,,,,,,,,,,,,,,,
4694,2001-06-14,,,1,,,,,,,,,,,,,,,,,,,,,,,,,,,,,,,,,,,
4694,2007-07-15,,,,,,,,1,,,,,,,,,,,,,,,,,,,,,,,,,,,,,,
4694,25-01-2015,,,,,,,,,,,,,,1,,,,,,,,,,,,,,,,,,,,,,,,
4694,29-07-2015,,,,,,,,,,,,,,,,,,,,,,,,,,1,,,,,,,,,,,,
4695,13-10-2015,,,1,,,,,,,,,,,,,,,,,,,,,,,,,,,,,,,,,,,
4695,2005-01-15,,,,,1,,,,,,,,,,,,,,1,,,,,,,,,,,,,,,,,,,
4695,2009-09-15,,,,,,,,,,,,,,,,,,,,,,,1,,,,,,,,,,,,,,,
4695,2011-05-14,,,,,,1,,,,,,,,,,,,,,,,,,,,,,,,,,,,,,,,
4695,22-07-2015,,,,,,,,,,,,,,,,,,,1,,,,,,,,,,,,,,,,,,,
4695,22-12-2014,,1,,,,,,,,,,,,,,,,,,,,,,,,,,,,,,,,,,,,
4695,26-09-2014,,,,,,,,,,,,,,,,,,,,,,,1,,,,,,,,,,,,,,,
4696,2008-09-14,,,,,1,,,,,,,,,,,,,,,,,,,,,,,,,,,,,,,,,
4697,2007-05-14,,,,,,,,,,,,,,,,,,,,,,,,,,,,,,,1,,,,,,,
4697,2009-01-15,,,,,,1,,,,,,,,,,,,,,,,,,,,,,,,,,,,,,,,
4697,2010-02-15,,,,,,,,,,,,1,,,,,,,,,,,,,,,,,,,,,,,,,,
4698,25-10-2015,,,,,,,,,,,,,,,,,,,,,,,,,,,,,,,,,,,1,,,
4699,16-03-2014,,,,,,,,,,,,,,,,,,,,,,,,,,,,,,,,,,,,,,
4699,2001-08-15,1,,,,,,,,,,,,,,,,,,,,,,,,,,,,,,,,,,,,,
4699,2008-02-15,,,,,,,,,,,,,,,,,,,,,,,,,,,,,,,,,,,,,,
4699,29-03-2015,,,,,,,,,,,,1,,,,,,,,,,,,,,,,,,,,,,,,,,
4700,2004-03-15,,,,,,,,,,,1,,,,,,,,,,,,,,,,,,,,,,,,,,,
4700,2006-02-14,1,,,,,,,,,,,,,,,,,,,,,,,,,,,,,,,,,,,,,
4700,2006-06-15,1,,,,,,,,,,,,,,,,,,,,,,,,,,,,,,,,,,,,,
4700,27-06-2015,,,,,,,,,,,,,,,,,,,,,,1,,,,,,,,,,,,,,,,
4701,30-04-2015,,,,,,,1,,,,,,,,,,,,,,,,,,,,,,,,,,,,,,,
4702,2003-08-15,1,,,,,,,,,,,,,,,,,,,,,,,,,,,,,,,,,,,,,
4704,19-08-2015,,,,,,,1,,,,,,,,,,,,,,,,,,,,,,,,,,,,,,,
4704,2007-11-14,,,,,,,,,,,,,,,,,,,,,,,,,,,1,,,,,,,,,,,
4704,21-08-2015,,,1,,,,,,,,,,,,,,,,,,,,,,,,,,,,,,,,,,,
4705,20-06-2014,,,,,,,,1,,,,,,,,,,,,,,,,,,,,,,,,,,,,,,
4705,22-05-2015,,,,,,,,,,,,,,,,,,,,,,,,,,,,,,,,,,,,,,
4706,23-11-2015,,,,,,,,,,,,,,,,,,,,,,,,,,,,,,,,,,,,,,
4707,2010-06-14,1,,,,,,,,,,,,,,,,,,,,,,,,,,,,,,,,,,,,,
4707,2011-02-15,,,,,,,,,,,,,,,,,,,,,,,,,,,,,,,,,,,,,,
4708,20-03-2015,,,,,,,,,,,,,,1,,,,,,,,,,,,,,,,,,,,,,,,
4708,2002-10-15,,,,,,,,,,,,,,,,,,,,,,,1,,,,,,,,,,,,,,,
4708,2009-11-14,,,,,,,,,,,,,1,,,,,,,,,,,,,,,,,,,,,,,,,
4709,2008-08-14,,,,,,1,,,,,,,,,,,,,,,,,,,,,,,,,,,,,,,,
4709,24-05-2014,,,,,,,,,,,,,,1,,,,,,,,,,,,,,,,,,,,,,,,
4710,17-02-2014,,,,,,1,,,,,,,,,,,,,,,,,,,,,,,,,,,,,,,,
4710,2008-04-14,,,,,,,,,,,,,,,,,,,,,,,1,,,,,,,,,,,,,,,
4710,2009-05-15,,,,,,,,,,,,,,,,,,,,,,,1,,,,,,,,,,,,,,,
4711,19-06-2014,,,,,,,,,,,,,,,,,,,1,,,,,,,,,,,,,,,,,,,
4711,19-06-2015,,,,,,,,,,,,,1,,,,,,,,,,,,,,,,,,,,,,,,,
4712,19-03-2014,1,,,,,,,,,,,,,,,,,,,,,,,,,,,,,,,,,,,,,
4712,2003-11-14,,,,,,,,,,,,,,,,,,,,,,,1,,,,,,,,,,,,,,,
4712,21-09-2014,1,,,,,,,,,,,,,,,,,,,,,,,,,,,,,,,,,,,,,
4713,27-06-2014,,,,,,,,,,,1,,,,,,,,,,,,,,,,,,,,,,,,,,,
4713,28-01-2015,,1,,,,,,,,,,,,,,,,,,,,,,,,,,,,,,,,,,,,
4714,20-06-2014,,,,,,,,,,,,,,,,,,,,,,,,,,,,,,1,,,,,,,,
4714,30-08-2015,,,,,,,,,,,,,1,,,,,,,,,,,,,,,,,,,,,,,,,
4715,2010-11-14,,,,,1,,,,,,,,,,,,,,,,,,,,,,,,,,,,,,,,,
4715,2010-12-14,,,,,,,,,,,,,,,,,,,,,,,,,,,,,,,,,,,,,,
4715,31-01-2014,,,,,,,,,,,,,,,,,,,,,,,,,,,,,,,,,,,,,,
4716,2001-03-15,,,,,,,,,,,,,,,,,,,,,,,,,,,,,,,,,,,,,,
4717,2003-03-14,,,,,,,,,,,,,,,,,,,,,,,,,,,,,,,,,,,,,,
4717,2003-05-15,,,,,,,1,,,,,,,,,,,,,,,,,,,,,,,,,,,,,,,
4717,2010-04-15,,,1,,,,,,,,,,,,,,,,,,,,,,,,,,,,,,,,,,,
4717,23-06-2014,,,,,,,,,,,,,,,,,,,,,,,,,,,,,,,,,,,1,,,
4718,2004-09-15,,,,,,,,,,,1,,,,,,,,,,,,,,,,,,,,,,,,,,,
4718,2012-06-15,,,,,,1,,,,,,,,,,,,,,,,,1,,,,,,,,,,,,,,,
4719,2001-06-15,,,1,,,,,,,,,,,,,,,,,,,,,,,,,,,,,,,,,,,
4719,2004-10-15,,,,,,,,,,,,,,,,,,,,,,,,,,,,,,,,,,1,,,,
4719,2012-02-14,1,,,,,,,,,,,,,,,,,,,,,,,,,,,,,,,,,,,,,
4719,26-09-2015,,,1,,,,,,,,,,,,,,,,,,,,,,,,,,,,,,,,,,,
4719,28-09-2014,1,,,,,,,,,,,,,,,,,,,,,,,,,,,,,,,,,,,,,
4719,28-12-2015,,,,,,1,,,,,,,,,,,,,,,,,,,,,,,,,,,,,,,,
4720,2012-02-15,,,,,,,,,,,,,,,,,,,,,,,,,,,,,,,,,,,,,,
4721,15-06-2015,,,,,,,,,,,,,,,,,,,,,,,,,,,,,,,,,,,,,,
4721,16-06-2014,,,,,,,,,,,,,1,,,,,,,,,,,,,,,,,,,,,,,,,
4721,2006-07-15,,,,,,,,,,,1,,,,,,,,,,,,,,,,,,,,,,,,,,,
4721,23-05-2015,,,,,,,,,,,,,,,,,,,,,,,,,,,,,,,,,,,,,,
4721,24-06-2014,,,,,,,,1,,,,,,,,,,,,,,,,,,,,,,,,,,,,,,
4721,26-01-2014,,,,,,,,,,,,,,,,,,1,,,,,,,,,,,,,,,,,,,,
4722,13-10-2015,,,,,,,,,,,,,,,,,,,,,,,,,,,,,,,,,,,,,,
4722,16-12-2015,1,,,,,,,,,,,,,,,,,,,,,,,,,,,,,,,,,,,,,
4722,2008-07-14,,,1,,,,,,,,,,,,,,,,,,,,,,,,,,,,,,,,,,,
4723,2007-11-14,,,,,,1,,,,,,,,,,,,,,,,,,,,,,,,,,,,,,,,
4723,22-05-2015,,,1,,,,,,,,,,,,,,,,,,,,,,,,,,,,,,,,,,,
4723,28-08-2014,,,,,1,,,,,,,,,,,,,,,,,,,,,,,,,,,,,,,,,
4724,2003-09-15,,,,,,,,,,,,,,1,,,,,,,,,,,,,,,,,,,,,,,,
4724,2012-02-15,,,,,,,,,,,,,,,,,,,,,,,,,,,,,,,,,,,,,,
4725,19-12-2014,,,,,,,,,,,,,,,,,,,,,,,,,,,,,1,,,,,,,,,
4725,2001-09-15,,,,,,,,1,,,,,,,,,,,,,,,,,,,,,,,,,,,,,,
4725,31-08-2014,,,,,,1,,,,,,,,,,,,,,,,,,,,,,,,,,,,,,,,
4726,2001-03-15,1,,,,,,,,,,,,,,,,,,,,,,,,,,,,,,,,,,,,,
4726,2001-04-14,,,,,,,,1,,,,,,,,,,,,,,,,,,,,,,,,,,,,,,
4726,2006-02-15,1,,,,,,,,,,,,,,,,,,,,,,,,,,,,,,,,,,,,,
4726,2008-07-15,,,,,,1,,,,,,,,,,,,,,,,,,,,,,,,,,,,,,,,
4727,2006-10-15,,,,,,,,,,,1,,,,,,,,,,,,,,,,,,,,,,,,,,,
4727,2011-04-15,,,,,,,,1,,,,,,,,,,,,,,,,,,,,,,,,,,,,,,
4727,2012-04-14,,,,,,1,,,,,,,,,,,,,,,,,,,,,,,,,,,,,,,,
4728,15-02-2015,,,,,,,,,,,,,,,,1,,,,,,,,,,,,,,,,,,,,,,
4728,2006-09-15,,,,,,1,,,,,,,,,,,,,,,,,,,,,,,,,,,,,,,,
4728,2011-06-14,,,,,,,,,,,,,1,,,,,,,,,,,,,,,,,,,,,,,,,
4728,25-04-2015,,1,,,,,,,,,,,,,,,,,,,,,,,,,,,,,,,,,,,,
4729,22-03-2014,1,,,,,,,,,,,,,,,,,,,,,,,,,,,,,,,,,,,,,
4730,26-09-2014,1,,,,,,,,,,,,,,,,,,,,,,,,,,,,,,,,,,,,,
4730,26-11-2014,,,,,,1,,,,,,,,,,,,,,,,,,,,,,,,,,,,,,,,
4731,2004-04-15,,,,,,,,1,,,,,,,,,,,,,,,,,,,,,,,,,,,,,,
4733,19-01-2015,,,,,,,1,,,,,,,,,,,,,,,,,,,,,,,,,,,,,,,
4733,2009-03-15,,,,,,,,,,,,,,,,,,,,,,,,,,,,,,,,,,,,,,
4734,2010-02-15,,,,,,,,,,,,,,,,,,,,,,,1,,,,,,,,,,,,,,,
4734,2012-07-15,1,,,,,,,,,,,,,,,,,,,,,,,,,,,,,,,,,,,,,
4734,22-11-2015,,,1,,,,,,,,,,,,,,,,,,,,,,,,,,,,,,,,,,,
4735,2001-04-15,,,,,,,,,,,,,,,,,,,,1,,,,,,,,,,,,,,,,,,
4735,2010-10-14,,,,,,,,,,,,,,,,,,,,,,,,1,,,,,,,,,,,,,,
4735,27-03-2014,,,,,,,,,,,,,,,,,,,,,,,,,,,,,1,,,,,,,,,
4736,2003-04-15,,1,,,,,,,,,,,,,,,,,,,,,,,,,,,,,,,,,,,,
4736,21-07-2015,,,,1,,1,,,,,,,,,,,,,,,,,,,,,,,,,,,,,,,,
4736,25-04-2014,,,,,,,,,,,,,1,,,,,,,,,,,,,,,,,,,,,,,,,
4737,19-09-2015,,,,,,,,,,,,,,,,,,,,,,,1,,,,,,,,,,,,,,,
4738,15-08-2015,,,,,,1,,,,,,,,,,,,,,,,,,,,,,,,,,,,,,,,
4740,2002-10-15,,,,,,,,,,,1,,,,,,,,,,,,,,,,,,,,,,,,,,,
4740,2003-09-14,,,,,,,,,,,,,,,,,,,,,,,,,1,,,,,,,,,,,,,
4740,2010-07-15,,,,,,1,,,,,,,,,,,,,,,,1,,,,,,,,,,,,,,,,
4741,13-04-2014,,,,,,,,,,,,,,,,,,,,,,,,,,1,,,,,,,,,,,,
4741,2008-09-15,,1,,,,,,,,,,,,,,,,,,,,,,,,,,,,,,,,,,,,
4741,2010-12-14,,,,,,,,,,,,,,,,,,,,,,,,,,,,,,,,,,,,,,
4741,25-02-2015,1,,,,,,,,,1,,,,,,,,,,,,,,,,,,,,,,,,,,,,
4741,25-09-2015,,,,,,1,,,,,,,,,,,,,,,,,,,,,,,,,,,,,,,,
4742,22-06-2015,,,,,,,,,,,,,1,,,,,,,,,,,,,,,,,,,,,,,,,
4743,2004-07-15,1,,,,,,,,,,,,,,,,,,,,,,,,,,,,,,,,,,,,,
4743,24-01-2015,,,,,,,,,,,,,1,,,,,,,,,,,,,,,,,,,,,,,,,
4744,20-01-2015,,,,,,,,,,,,1,,,,,,,,,,,,,,,,,,,,,,,,,,
4744,23-12-2014,,,,,,1,,,,,,,,,,,,,,,,,,,,,,,,,,,,,,,,
4744,28-10-2015,,,,,,,,,,,,,,1,,,,,,,,,,,,,,,,,,,,,,,,
4745,14-08-2014,,,,,,,1,,,,,,,,,,,,,,,,,,,,,,,,,,,,,,,
4745,24-12-2015,,,,,,,,,,,,,1,,,,,,,,,,,,,,,,,,,,,,,,,
4746,2008-07-14,,,,,,,,,,,,,,,,,,,,,,,,,,,,,,,,,,,,,,
4746,2009-12-15,,,,,,,,,,,,,,,,,,,,,,,,,,,,,,,,,,,,1,,
4747,2001-05-14,,,1,,,,,,,,,,,,,,,,,,,,,,,,,,,,,,,,,,,
4747,2002-04-14,,,,,,,1,,,,,,,,,,,,,,,,,,,,,,,,,,,,,,,
4747,2008-06-15,,,,,,1,,,,,,,,,,,,,,,,,,,,,,,,,,,,,,,,
4747,2011-05-14,,,,,1,,,,,,,,,,,,,,,,,,,,,,,,,,,,,,,,,
4748,15-12-2015,,,,,,,,,,,,,,,,,,,,,,,,,,,,,,,,,,,,,,
4748,19-04-2014,,,,,,1,,,,,,,,,,,,,,,,,,,,,,,,,,,,,,,,
4748,2007-05-15,,,,,,,,1,,,,,,,,,,,,,,,,,,,,,,,,,,,,,,
4748,23-03-2015,,,,,,,,,,,,,,,,,,,,,,,1,,,,,,,,,,,,,,,
4748,24-03-2015,,,,,,,,,,1,,,,,,,,,,,,,,,,,,,,,,,,,,,,
4749,15-02-2015,,,1,,,,,,,,,,,,,,,,,,,,,,,,,,,,,,,,,,,
4749,2011-09-14,,,,,1,,,,,,,,,,,,,,,,,,,,,,,,,,,,,,,,,
4749,30-10-2014,,,1,,,,,,,,,,,,,,,,,,,,,,,,,,,,,,,,,,,
4750,2003-05-14,,,,,,,,,,,,,,,,,,,1,,,,,,,,,,,,,,,,,,,
4750,2004-08-15,,,,,,,,,,,,,,,,,,,1,,,,,,,,,,,,,,,,,,,
4750,2011-04-14,,,,,,,,,,,,,,,,,,,,,,,1,,,,,,,,,,,,,,,
4750,21-09-2015,,,,,,,,,,,,,,,,,,,,,,,1,,,,,,,,,,,,,,,
4751,19-11-2015,,,,,,,,,,1,,,,,,,,,,,,,,,,,,,,,,,,,,,,
4752,2011-02-15,,,,,,,,,,,,,,,,,,,1,,,,,,,,,,,,,,,,,,,
4753,2001-12-14,1,,,,,,,,,,,,,,,,,,,,,,,,,,,,,,,,,,,,,
4753,2008-11-15,,,,,,1,,,,,,,,,,,,,,,,,,,,,,,,,,,,,,,,
4753,21-06-2015,1,,,,,,,,,,,,,1,,,,,,,,,,,,,,,,,,,,,,,,
4753,31-08-2014,,,,,1,,,,,,,,,,,,,,,,,,,,,,,,,,,,,,,,,
4756,18-09-2015,,,1,,,,,,,,,,,,,,,,,,,,,,,,,,,,,,,,,,,
4756,2005-07-14,,1,,,,,,,,,,,,,,,,,,,,,,,,,,,,,,,,,,,,
4756,2009-05-14,,,,,,,,,1,,,,,,,,,,,,,,,,,,,,,,,,,,,,,
4756,2010-11-14,,,,,,,,,,,,,,,,,,1,,,,,,,,,,,,,,,,,,,,
4756,2010-12-14,,,1,,,,,,,,,,,,,,,,,,,,,,,,,,,,,,,,,,,
4756,29-03-2015,,,,,,1,,,,,,,,,,,,,,,,,,,,,,,,,,,,,,,,
4757,16-06-2015,,,,,,,,,,,,,,,,,,,,,,,,,,,,,,1,,,,,,,,
4757,2009-01-15,,,,,,,,,,,,,,,,,,,,,,,,,,,,,,,,,,,,,,
4758,2001-04-14,,,,,,,,1,,,,,,,,,,,,,,,,,,,,,,,,,,,,,,
4758,2008-05-14,,,,,,,1,,,,,,,,,,,,,,,,,,,,,,,,,,,,,,,
4759,20-02-2015,,1,,,,,,,,,,,,,,,,,,,,,,,,,,,,,,,,,,,,
4760,16-10-2014,,,,,,,,,,,,,,,,,,,,,,,,,1,,,,,,,,,,,,,
4760,2002-04-15,,,1,1,,,,1,,,,,,,,,1,,,,,,,,,,,,,,,,,,,,,
4761,2008-09-15,,,,,,,,,,,,,,,,,,,,,,,,,,,,,,,,,,,,,,
4761,24-11-2014,,,,,,,1,,,,,,,,,,,,,,,,,,,,,,,,,,,,,,,
4762,15-01-2014,,,,,,,1,,,,,,,,,,,,,,,,,,,,,,,,,,,,,,,
4762,25-06-2014,,,,,,,1,,,,,,,,,,,,,,,,,,,,,,,,,,,,,,,
4762,30-10-2015,,,,,,,,1,,,,,,,,,,,,,,,,,,,,,,,,,,,,,,
4763,27-02-2014,1,,,,,,,,,,,,,,,,,,,,,,,,,,,,,,,,,,,,,
4763,28-10-2015,,,,,,,,,,,,,,1,,,,,,,,,,,,,,,,,,,,,,,,
4763,29-09-2014,,,,,,1,,,,,,,,,,,,,,,,,,,,,,,,,,,,,,,,
4764,27-09-2015,,,,,,,,,,,,,,,,,,,,,,,,,,,,,,,,,,,,,,
4764,28-08-2014,,,1,,,,,,,,,,,,,,,,,,,,,,,,,,,,,,,,,,,
4765,2008-01-14,,1,,,,,,,,,,,,,,,,,,,,,,,,,,,,,,,,,,,,
4766,2003-01-15,,,,,1,,,,,,,,,,,,,,,,,,,,,,,,,,,,,,,,,
4766,25-09-2014,,,,,,,,,,,,,,,,,,,,,,,,,,,,,,,,,,,,,,
4766,29-09-2015,1,,,,,,,,,,,,,,,,,,,,,,,1,,,,,,,,,,,,,,
4768,13-03-2015,,,,,,,,,,,,1,,,,,,,,,,,1,,,,,,,,,,,,,,,
4769,20-09-2015,,,,,,,,,,,,,,,,,,,,,,,,,,,,,,,,,,,,,,
4769,22-08-2015,,,,,,,,,,,,,,1,,,,,,,,,,,,,,,,,,,,,,,,
4770,15-05-2014,,,,,1,,,,,,,,,,,,,,,,,,,,,,,,,,,,,,,,,
4770,17-02-2014,,,,,,,,,,1,,,,,,,,,,,,,,,,,,,,,,,,,,,,
4770,22-02-2014,,,,1,,,,,,,,,,,,,,,,,,,,,,,,,,,,,,,,,,
4771,2006-03-14,,,,,,,,,,,,,,,,,,,,,,1,,,,,,,,,,,,,,,,
4771,26-12-2014,,,,,,1,,,,,,,,,,,,,,,,,,,,,,,,,,,,,,,,
4772,19-12-2014,,,1,,,,,,,,,,,,,,,,,,,,,,,,,,,,,,,,,,,
4772,2008-06-14,,,,,,,,,,,,,,,,,,,1,,,,,,,,,,,,,,,,,,,
4773,2009-11-15,,,1,,,,,,,,,,,,,,,,,,,,,,,,,,,,,,,,,,,
4773,2012-08-14,,,,,1,,,,,,,,,,,,,,,,,,,,,,,,,,,,,,,,,
4773,23-06-2014,,,,,,1,,,,,,,,,,,,,,,,,,,,,,,,,,,,,,,,
4773,31-10-2015,,,,,,1,,,,,,,,,,,1,,,,,,,,,,,,,,,,,,,,,
4774,16-07-2015,,,,,,,,,,,,,,1,,,,,,,,,,,,,,,,,,,,,,,,
4774,24-07-2014,,,,,,,,,,,,,,,,,,,,,,,,,,,,,,,,,,,,,,
4775,29-03-2014,1,,,,,,,,,,,,,,,,,,,,,,,,,,,,,,,,,,,,,
4776,2008-02-15,,,,,,,,,,,,,,,,,,,,,,,,,,,,,,,,,,,,,,
4776,2008-08-15,,,,,,1,1,,,,,,,1,,,,,,,,,1,,,,,,,,,,,,,,,
4776,25-10-2015,1,,,,,,,,,,,,,,,,,,,,,,,,,,,,,,,,,,,,,
4778,24-08-2015,,,,,,,,,,,,,,1,,,,,,,,,,,,,,,,,,,,,,,,
4778,26-03-2015,,,,,,,,,,,,,,,,,,,,,,,,,,,,,,,,,,,,,,
4778,26-04-2015,,,,,,,,,,,,,,,,,,,,,,,,,,,,,,,,,,,,,,
4779,15-06-2014,,,,,,,,,,,,,,1,,,,,,,,,,,,,,,,,,,,,,,,
4779,2007-05-14,,,,,,,1,,,,,,,,,,,,,,,,,,,,,,,,,,,,,,,
4779,2009-11-15,,,,,,,,,,,,,,,,,,,,,,,,,,,,,,,,,,,,,,
4779,24-02-2014,,,,,1,,,,,,,,,,,,,,,,,,,,,,,,,,,,,,,,,
4779,24-10-2015,,,,,,,,,1,,,,,,,,,,,,,,,,,,,,,,,,,,,,,
4780,14-08-2014,,,,,1,,,,,,,,,,,,,,,,,,,,,,,,,,,,,,,,,
4780,16-08-2014,,,,,,,,,,,,,,,,,,,,,,,,,,,,,,,,1,,,,,,
4780,19-09-2015,,,,,,,,,,,,,,,,,,,,,,,,,,,,,,,,,,,,,,
4780,2003-07-15,,,,,,,,,,,,,,,,,,,,,,,,,,,,,,,,,,,,,,
4780,2009-06-15,,,,,,,,,,,,,,1,,,,,,,,,,,,,,,,,,,,,,,,
4781,25-01-2015,,,,,,,,,,,,,,,,,,,,,,,,,,,,,,,,,,,,,,
4782,16-08-2015,,,,,,,,1,,,,,,,,,,,,,,,,,,,,,,,,,,,,,,
4782,17-04-2014,,,,,,,,,,,,,,,1,,,,,,,,,,,,,,,,,,,,,,,
4782,2012-10-14,1,,,,,,,,,,,,,,,,,,,,,,,,,,,,,,,,,,,,,
4783,2001-06-15,,,,,,,,1,,,,,,,,,,,,,,,,,,,,,,,,,,,,,,
4783,2010-05-14,,,,,,1,,,,,,,,,,,,,,,,,,,,,,,,,,,,,,,,
4783,22-10-2015,,1,,,,,,,,,,1,,,,,,,,,,,,,,,,,,,,,,,,,,
4783,25-07-2014,,,,,,1,,,,,,,,,,,,,,,,,,,,,,,,,,,,,,,,
4783,27-01-2015,,,,,,,,,,,,,,,,,,,,,,,,,,,,,,,,,,,,,,
4784,2011-09-15,,,,,1,,,,,,,,,,,,,,,,,,,,,,,,,,,,,,,,,
4785,14-08-2014,,,,,,,,,,,,,,,,,,,,,,,,,,,,,,,,,,1,,,,
4785,16-09-2014,,,,,,,,,,,,,,,,,,,,,,,,,,,,,,,,,,,,,,
4785,2004-04-15,,,1,,,,,,,,,,,,,,,,,,,,,,,,,,,,,,,,,,,
4785,30-04-2014,,,,,,,,,,,,,,,,,,,,,,,,,,,,,,,,1,,,,,,
4786,13-07-2014,,,,,,,,,,,,,,,,,,,,,,,,,,,,,,,,,,1,,,,
4786,2004-05-14,,,,,,,,,,,,,1,,,,,,,,,,,,,,,,,,,,,,,,,
4787,17-05-2015,,,,,,,,,,,,,,,,,,,,,,,,,,,,,,,,,,,,,,
4787,2001-08-15,,1,,,,,,,,,,,,,,,,,,,,,,,,,,,,,,,,,,,,
4787,2012-08-15,,,,,,,,,,,,,,,,,,,,,,,,,,,,,,,,,,,,,,
4787,25-05-2015,,,,,,,,,,,,,,,,,,,,,,,1,,,,,,,,,,,,,,,
4788,17-02-2014,,,,,,1,,,,,,,,,,,,,,,,,,,,,,,,,,,,,,,,
4788,2010-02-14,,,,,,1,,,,,,,,,,,,,,,,,,,,,,,,,,,,,,,,
4788,28-04-2015,,1,,,,,,,,,,,,,,,,,,,,,,,,,,,,,,,,,,,,
4789,2002-05-15,,,,,,,,,,,,,,,,,,,,,,,,,,1,,,,,,,,,,,,
4789,2009-04-15,,1,,,,,,,,,,,,,,,,,,,,,,,,,,,,,,,,,,,,
4789,2011-09-15,1,,,,,,,,,,,,,,,,,,,,,,,,,,,,,,,,,,,,,
4789,2012-08-14,,,,,,,,,,,,,,,,,,,,1,,,,,,,,,,,,,,,,,,
4790,16-05-2015,,,,,1,,1,,,,,,,,,,,,,,,,,,,,,,,,,,,,,,,
4791,2004-02-14,,,,,,,,,,,,,,,,,,,,,,,,,,,,,,,,,,,,,,
4791,27-02-2014,,,,,,,,,,,,,,,,,,,,,,,,,,,,,,,,,,,,,,
4793,14-12-2014,,,,,,,,,,,,,,,,,,,,,,,1,,,,,,,,,,,,,,,
4793,2004-11-15,,,,,,,,,,,,,,,,,,,,,,,,,,,,,,,,,,,,,,
4793,24-02-2015,,,,,,,,,,,,,,,,,,,,,,,,,,,,,,,,,,,,,,
4793,24-11-2015,,,,,1,,,,,,,,,,,,,,,,,,,,,,,,,,,,,,,,,
4794,2002-10-14,,,,,1,,,,,,,,,,,,,,,,,,,,,,,,,,,,,,,,,
4794,2006-09-15,,,,,,,,,,,,,,,,,,,,,,,,,,,,,,,,,,,,,,
4795,30-07-2015,,,,,,,,,,,,,,,,,,,,,,,,,,,,,,,,,,,,,,
4796,2002-03-14,,,,,,,,1,,,,,,,,,,,,,,,,,,,,,,,,,,,,,,
4796,2010-06-15,,,,,,,,,,,,,,,,,,,,,,,,,,,,,,,,,,,,,,
4796,25-08-2015,,,,,,,,,,,,,,,,1,,,,,,,,,,,,,,,,,,,,,,
4796,29-06-2015,,,,,,,,,,1,,,,,,,,,,,,,,,,,,,,,,,,,,,,
4797,2004-07-15,,,,,,,,,,,,,,,,,,,,,,,,,,,,,,,,,,,,,,
4797,2011-02-14,,,,,,,,,,,,,,1,,,,,,,,,,,,,,,,,,,,,,,,
4797,27-01-2014,1,,,,,,,,,,,,,,,,,,,,,,,,,,,,,,,,,,,,,
4798,19-05-2014,,,,,,,1,,,,,,,,,,,,,,,,,,,,,,,,,,,,,,,
4798,21-11-2015,,,,,,,1,,,,,,,,,,,,,,,,,,,,,,,,,,,,,,,
4798,24-08-2015,,,,,,,,1,,,,,,,,,,,,,,,,,,,,,,,,,,,,,,
4799,2001-04-14,,,,,,,,,,,,,,,,,,,,,,,,,1,,,,,,,,,,,,,
4799,22-04-2015,,,,,,,,,,,,,,1,,,,,,,,,,,,,,,,,,,,,,,,
4800,27-10-2014,,,1,,,,,,,,,,,,,,,,,,,,,,,,,,,,,,,,,,,
4800,29-12-2014,,,,,,,,,,,,,,,,,,,,,,,,,,,1,,,,,,,,,,,
4801,2004-08-15,1,,,,,,,,,,,,,,,,,,,,,,,,,,,,,,,,,,,,,
4802,2010-08-14,,,1,,,,,,,,,,,,,,,,,,,,,,,,,,,,,,,,,,,
4803,16-01-2014,1,,,,,,,,,,,,,,,,,,,,,,,,,,,,,,,,,,,,,
4803,2012-01-14,,,,,1,,,,,,,,,,,,,,,,,,,,,,,,,,,,,,,,,
4803,30-12-2014,,,,,,,,,,,1,,,,,,,,,,,,,,,,,,,,,,,,,,,
4804,14-07-2015,1,,,,,,,,,,,,,,,,,,,,,,,,,,,,,,,,,,,,,
4804,19-11-2015,,,,,,,,,,,,,,,,,,,,,,,1,,,,,,,,,,,,,,,
4804,2010-08-14,,,1,,,,,,,,,,,,,,,,,,,,,,,,,,,,,,,,,,,
4804,27-12-2015,,,1,,,1,,,,,,,,,,,,,,,,,,,,,,,,,,,,,,,,
4805,13-10-2015,,,,,,1,,,,,,,,,,,,,,,,,,,,,,,,,,,,,,,,
4805,2004-05-15,1,,,,,,,,,,,,,,,,,,,,,,,,,,,,,,,,,,,,,
4806,13-09-2014,,,,,,,,,,,,,,1,,,,,,,,,,,,,,,,,,,,,,,,
4806,24-11-2015,,,1,,,,,,,,,,,,,,,,,,,,,,,,,,,,,,,,,,,
4806,27-10-2015,,,,,,,,,,,,,,,,,,,,,,,,,,,,,,,,,,,,,,
4807,18-06-2015,,,,1,,,,,,,,,,,,,,,,,,,,,,,,,,,,,,,,,,
4807,2008-04-15,,,1,,,,,,,,,,,,,,,,,,,,,,,,,,,,,,,,,,,
4807,21-05-2014,,,,,,,,,,,,,,,,,,,,1,,,,,,,,,,,,,,,,,,
4807,27-01-2015,,1,,,,,,,,,,,,,,,,,,,,,,,,,,,,,,,,,,,,
4808,20-08-2015,1,,,,,,,,,,,,,,,,,,,,,,,,,,,,,,,,,,,,,
4809,2004-02-15,,,,,,,,,,1,,,,,,,,,,,,,,,,,,,,,,,,,,,,
4809,21-06-2014,,,,,,,,,,,,,,,,,,,,,,,,,,,,,1,,,,,,,,,
4809,28-05-2014,,,,,,,,,,1,,,,,,,,,,,,,,,,,,,,,,,,,,,,
4809,28-09-2015,1,,,,,,,,,,,,,,,,,,,,,,,,,,,,,,,,,,,,,
4810,15-08-2015,,,,,,,,,,1,,,,,,,,,,,,,,,,,,,,,,,,,,,,
4812,17-03-2015,,,,,,,,,,,,,,,,,,,,,,,,,,,,,,,,,,,,,,
4812,2009-06-14,,,,,,,,,,,,,,,,,,,1,,,,,,,,,,,,,,,,,,,
4812,22-01-2014,,,1,,,,,,,,,,,,,,,,,,,,,,,,,,,,,,,,,,,
4812,27-05-2015,,,,,,,,,,,,,,,,,,,,,,,,,,,,,,,,,,,,,,
4813,15-05-2014,,,,,,,,,,,,,,,,,,,,,,,,,,,,,,,,,,,,,,
4813,20-11-2014,,,,,,,,,,,1,,,,,,,,,,,,,,,,,,,,,,,,,,,
4813,2004-08-15,,,,,,,,,,,,,,1,,,,,,,,,,,,,,,,,,,,,,,,
4814,13-09-2015,1,,,,,,,,,,,,,,,,,,,,,,,,,,,,,,,,,,,,,
4814,2001-12-14,,,,,,,1,,,,,,,,,,,,,,,,,,,,,,,,,,,,,,,
4814,2008-01-14,,,,,,,,,,,,,,,,1,,,,,,,,,,,,,,,,,,,,,,
4814,2012-02-15,,,,,1,,,,,,,,,,,,,,,,,,,,,,,,,,,,,,,,,
4816,31-07-2015,,,,,,1,,,,,,,,,,,,,,,,,,,,,,,,,,,,,,,,
4817,14-05-2014,1,,,,,,,,,,,,,,,,,,,,,,,,,,,,,,,,,,,,,
4817,20-12-2015,,,,,,,,1,,,,,,,,,,,,,,,,,,,,,,,,,,,,,,
4818,20-03-2015,,,,,,1,,,,,,,,,,,,,,,,,,,,,,,,,,,,,,,,
4818,2007-01-14,,,,,,,1,,,,,,,,,,,,,,,,,,,,,,,,,,,,,,,
4819,20-08-2014,1,,,,,,,,,,,,,,,,,,,,,,,,,,,,,,,,,,,,,
4819,20-09-2015,,,,,,,,,,,,,,,,,,,,,,,,,,,,,,,,,,,,,,
4819,2001-10-15,,,,,,,,,,,,,,,,,,,,,,,,,,1,,,,,,,,,,,,
4819,2004-03-15,,,,,,,,,,,,,1,,,,,,,,,,,,,,,,,,,,,,,,,
4820,18-01-2015,,,,,,,,,,,,,,1,,,,,,,,,,,,,,,,,,,,,,,,
4820,2001-05-15,,,,,,,1,,,,,,1,,,,,,,,,,,,,,,,,,,,,,,,,
4820,2002-07-14,,,,,,1,,,,,,,,,,,,,,,,,,,,,,,,,,,,,,,,
4820,23-07-2015,1,,,,,,,,,,,,,,,,,,,,,,,,,,,,,,,,,,,,,
4820,28-10-2014,,,,,,,,,,,,,1,,,,,,,,,,,,,,,,,,,,,,,,,
4821,2002-09-14,,,,,,,,1,,,,,,,,,,,,,,,,,,,,,,,,,,,,,,
4821,28-11-2015,1,,1,,,,,,,,,,,,,,,,,,,,,,,,,,,,,,,,,,,
4822,2002-07-14,,,,,,,,1,,,,,,,,,,,,,,,,,,,,,,,,,,,,,,
4822,2003-01-14,,,,,,,,,,,,,,,,,,,,,,,,,,1,,,,,,,,,,,,
4822,2004-07-15,,,,,,,1,,,,,,,,,,,,,,,,,,,,,,,,,,,,,,,
4822,2010-02-15,,,,,,,,,,,1,,,,,,,,,,,,,,,,,,,,,,,,,,,
4822,21-08-2014,1,,,,,,,,,,,,,,,,,,,,,,,,,,,,,,,,,,,,,
4822,26-02-2015,,,,,,,,,,,,,,,,,,,,,,,,,,,,,1,,,,,,,,,
4823,2006-04-14,,,,,1,,,,,,,,,,,,,,,,,,,,,,,,,,,,,,,,,
4823,22-02-2014,1,,,,,,,,,,,,,,,,,,,,,,,,,,,,,,,,,,,,,
4825,2005-09-15,,,,,,,1,,,,,,,,,,,,,,,,,,,,,,,,,,,,,,,
4825,2008-01-15,,1,,,,,,,,,,,,,,,,,,,,,,,,,,,,,,,,,,,,
4825,2009-06-15,,,1,,,,,,,,,,,,,,,,,,,,,,,,,,,,,,,,,,,
4825,23-04-2014,,,,,,,,,,,,,,,,,,,,,,,,,,,,,,,,,,,,,,
4826,14-04-2014,,,,,,,,,,,,1,,,,,,,,,,,,,,,,,,,,,,,,,,
4826,15-06-2015,,,,,,,,,,,,,,,,,,,,,,,1,,,,,,,,,,,,,,,
4826,17-01-2015,,,,,,,,1,,,,,,,,,,,,,,,,,,,,,,,,,,,,,,
4826,2002-03-14,1,,,,,,,,,,,,,,,,,,,,,,,,,,,,,,,,,,,,,
4826,25-01-2015,,,1,,,,,,,,,,,,,,,,,,,,,,,,,,,,,,,,,,,
4827,2003-10-15,,,,,1,,,,,,,,,,,,,,,,,,,,,,,,,,,,,,,,,
4827,27-01-2015,,,,,,,,,,,,,,,1,,,,,1,,,,,,,,,,,,,,,,,,
4828,14-05-2015,1,,,,,,,,,,,,,,,,,,,,,,,,,,,,,,,,,,,,,
4828,2008-05-14,,1,,,,,,,,,,,,,,,,,,,,,,,,,,,,,,,,,,,,
4828,2008-08-15,1,,,,,,,,,,,,,,,,,,,,,,,,,,,,,,,,,,,,,
4828,2011-10-15,,,,,,,,1,,,,,,,,,,,,,,,1,,,,,,,,,,,,,,,
4828,26-08-2014,,,,,,,,,,,,,,,,,,,,,,,,,,,,,,,,,,,,1,,
4828,30-11-2014,,,,,1,,,,,,,,,,,,,,,,,,,,,,,,,,,,,,,,,
4829,2003-11-15,,,1,,,,,,,,,,,,,,,,1,,,,,,,,,,,,,,,,,,,
4830,20-11-2014,,,,,,,,,,,,,,1,,,,,,,,,,,,,,,,,,,,,,,,
4831,13-11-2015,1,1,1,,,,,,,,,,,,,,,,,,,,,,,,,,,,,,,,,,,
4831,19-02-2015,,,,,,,,1,,,,,,,,,,,1,,,,,,,,,,,,,,,,,,,
4831,2006-04-15,1,,,,,,,,,,,,,,,,,,,,,,,,,,,,,,,,,,,,,
4831,2012-04-15,,,,,,,,,,,,,,,,,,,,,,,,,,,,,1,,,,,,,,,
4831,27-02-2015,,,,,,,,1,,,,,,,,,,,,,,,,,,,,,,,,,,,,,,
4832,2003-12-15,,,,,,1,,,,,,,,,,,,,,,,,,,,,,,,,,,,,,,,
4833,17-08-2014,,,,,,,,,,,,,,,,,,,,,1,,,,,,,,,,,,,,,,,
4833,27-04-2014,1,,,,,,,,,,,,,,,,,,,,,,,,,,,,,,,,,,,,,
4835,19-02-2015,,,,,,,,,,,,1,,,,,,,,,,,,,,,,,,,,,,,,,,
4835,2005-12-14,,,,,,,,,,,,,,,,,,,,,,,,,,,,,,,,1,,,,,,
4835,2009-12-15,1,,,,,,,,,,,,,,,,,,,,,,,,,,,,,,,,,,,,,
4835,22-05-2015,,,,,,,,,,,,,,,,,,,,1,,,,,,,,,,,,,,,,,,
4835,28-10-2015,,,,,,,1,,,,,,,,,,,,,,,,,,,,,,,,,,,,,,,
4836,13-01-2014,,,,,,,,,1,,,,,,,,,,,,,,,,,,,,,,,,,,,,,
4836,13-11-2015,,,,,,,,,,,,,,,,,,,,,,,,,,,,,,,,,,,,,,
4836,17-08-2015,,,,,,,,,,,,,,,,,,,,,,,1,,,,,,,,,,,,,,,
4836,2003-07-15,,,,,,,,,,,,,,,,,,,,,,,,,,,,,,,,,,,1,,,
4836,28-05-2014,,,,,,,,,,,,,,,,,,,,,,,,,,,,,,,,,,1,,,,
4837,17-12-2014,1,,,,,,,,,,,,,,,,,,,,,,,,,,,,,,,,,,,,,
4837,2002-12-15,,,,,,,,,,,,,,1,,,,,,,,,,,,,,,,,,,,,,,,
4837,2004-12-14,,,,,,,,,,,,,,,,,,,,,,,1,,,,,,,,,,,,,,,
4837,2007-07-14,,,,,,1,,,,,,,,,,,,,,,,,,,,,,,,,,,,,,,,
4838,2007-09-14,,,,,,,,,,,,,,,,,,,,,,,,,,,,,,,,,,,,,,
4839,19-12-2015,1,,,,,,,,,,,,,,,,,,,,,,,,,,,,,,,,,,,,,
4839,2003-06-14,,,,,,,,,,,,,,,,,,,,,,,,,,,,,,,,,,,,,,
4839,2003-06-15,,,,,,,,,,,,,1,,,,,,,,,,,,,,,,,,,,,,,,,
4840,2005-06-15,1,,,,,,,,,,,,,,,,,,,,,,,,,,,,,,,,,,,,,
4841,13-09-2015,,,,,,,,,,1,,,,,,,,,,,,,,,,,,,,,,,,,,,,
4841,17-12-2015,,,,,,,,,,,,,,,,,,,,,,,,,,,,,,1,,,,,,,,
4841,2002-05-15,1,,,,,,,,,,,,,,,,,,,,,,,,,,,,,,,,,,,,,
4842,19-10-2014,,,,,,,,,,,,,,,,,,,,,1,,,,,,,,,,,,,,,,,
4842,2008-12-15,,,,,,,,,,1,,,,,,,,,,,,,,,,,,,,,,,,,,,,
4842,23-05-2014,,,,,,,,,,,,,,,,,,,,,,,,,,,,,,,,,,,,,,
4842,30-06-2014,,,,,,,1,,,,,,,,,,,,,,,,,,,,,,,,,,,,,,,
4843,13-05-2015,1,,,,,,,,,,,,,,,,,,,,,,1,,,,,,,,,,,,,,,
4843,2002-03-15,,,,,,,1,,,,,,,,,,,,,,,,,,,,,,,,,,,,,,,
4844,23-02-2015,,,,,,,,,,,,,,,,,,,,,,,1,,,,,,,,,,,,,,,
4845,2010-07-14,,,,1,,,,,,,,,,,,,,,,,,,,,,,,,,,,,,,,,,
4845,28-08-2015,,,,,,,,,,,1,,,,,,,,,,,,,,,,,,,,,,,,,,,
4846,28-10-2014,1,,,,,,,,,,,,,,,,,,,,,,,,,,,,,,,,,,,,,
4848,14-10-2015,,,,,,,,1,,,,,,,,,,,,,,,,,,,,,,,,,,,,,,
4848,2007-07-15,,,1,,,,,,,,,,,,,,,,,,,,,,,,,,,,,,,,,,,
4848,23-06-2015,,,,,,,,,,,,,,,,,,,,,,,1,,,,,,,,,,,,,,,
4849,14-04-2014,,,,,,,,,,,,,,,,,,,,,,,,,,,,,,,,1,,,,,,
4849,17-05-2015,,,,,,,,,,,,,,1,,,,,,,,,,,,,,,,,,,,,,,,
4850,15-07-2015,,,,,,1,,,,,,,,,,,,,,,,,,,,,,,,,,,,,,,,
4851,20-05-2014,,,,,,,,,,,,,,,,,,,,,,,,,,,,,,,,,,,,,,
4851,20-12-2015,,,,,,,,,,,,,,,,,,,,,,1,,,,,,,,,,,,,,,,
4851,2008-11-14,1,,,,,,,,,,,,,,,,,,,,,,,,,,,,,,,,,,,,,
4852,17-06-2015,1,,,,,,,,,,,,,,,,,,,,,,,,,,,,,,,,,,,,,
4852,28-04-2015,,,,,,,,,,,,,,,,,,,1,,,,,,,,,,,,,,,,,,,
4853,17-09-2015,,,,,,,1,,,,,,,,,,,,1,,,,,,,,,,,,,,,,,,,
4853,20-07-2014,,,,,,,,,,,,,,,,,,,,,,,,,,,,,,1,,,,,,,,
4854,2012-01-14,,,1,,,,,,,,,,,,,,,,,,,,,,,,,,,,,,,,,,,
4854,23-12-2014,,,,,1,,,,,,,,,,,,,,,,,,,,,,,,,,,,,,,,,
4855,27-08-2014,1,,,,,,,,,,,,,,,,,,,,,,,,,,,,,,,,,,,,,
4856,18-01-2015,,,,,1,,,,,,,,,,,,,,,,,,,,,,,,,,,,,,,,,
4856,2008-07-14,,,1,,,,,,,,,,,,,,,,,,,,,,,,,,,,,,,,,,,
4857,2003-03-14,1,,,,,,,,,,,,,,,,,,,,,,,,,,,,,,,,,,,,,
4857,28-07-2015,,,,,,,,,,,,,,1,,,,,,,,,,,,,,,,,,,,,,,,
4858,15-02-2015,,,,,,,,,,,,,,1,,,,,,,,,,,,,,,,,,,,,,,,
4858,17-08-2014,,,,,,1,,,,,,,,,,,,,,,,,,,,,,,,,,,,,,,,
4859,2007-06-14,,,,,,1,,,,,,,,,,,,,,,,,,,,,,,,,,,,,,,,
4859,2007-07-15,,,,,,,,,,,,,,,,,,,,,,,1,,,,,,,,,,,,,,,
4859,2009-09-15,,,,,,,,,1,,,,,,,,,,,,,,,,,,,,,,,,,,,,,
4859,2010-05-15,,1,,,,,,,,,,,,,,,,,,,,,,,,,,,,,,,,,,,,
4860,13-01-2014,,,,,,,,,,,,,1,,,,,,,,,,,,,,,,,,,,,,,,,
4860,14-11-2014,,,,,,,,1,,,,,,,,,,,,,,,,,,,,,,,,,,,,,,
4860,22-02-2014,,,,,,,,1,,,,,,,,,,,,,,,,,,,,,,,,,,,,,,
4860,25-06-2014,,,,,,,,,,,,,,1,,,,,,,,,,,,,,,,,,,,,,,,
4860,30-05-2014,,,,,,,,,,,1,,,,,,,,,,,,,,,,,,,,,,,,,,,
4861,13-09-2015,,,,,,1,,,,,,,,,,,,,,,,,,,,,,,,,,,,,,,,
4861,23-03-2014,,,,,,,,,,,,1,,,,,,,,,,,,,,,,,,,,,,,,,,
4861,28-03-2015,,,,,,,,,,,,,,,,,,,,,,,,,,,,,1,,,,,,,,,
4862,15-05-2015,,,,,1,,,,,,,,,,,,,,,,,,,,,,,,,,,,,,,,,
4862,2008-06-14,,,,,,,,,,,,,,,,,,,1,,,,,,,,,,,,,,,,,,,
4862,2012-10-14,,1,,,,,,,,,,,,,,,,,,,,,,,,,,,,,,,,,,,,
4863,30-12-2015,,,,,,,,,,,,,,,,,,,,,,,,,1,,,,,,,,,,,,,
4864,14-11-2015,,,,,,,1,,,,,,,,,,,,,,,,,,,,,,,,,,,,,,,
4864,16-06-2014,,,,,,,,,,,,,,,,,,,,,,,,,,,,,,,,,,,,,,
4864,2001-12-15,,,,,,,,,,,,,,,,,,,,,,,,,,1,,,,,,,,,,,,
4864,2003-12-14,1,,,,,,,,,,,,,,,,,,,,,,,,,,,,,,,,,,,,,
4864,2004-12-15,1,,,,,,,,,,,,,,,,,,,,,,,,,,,,,,,,,,,,,
4864,2005-07-15,,,,,,,,,,,,,,,,,,,,,,,,,,,,,,,,,,,,,,
4864,2005-11-15,1,,,,,,,,,,,,,,,,,,,,,,,,,,,,,,,,,,,,,
4864,27-03-2015,1,,,,,,,,,,,,,,,,,,,,,,,,,,,,,,,,,,,,,
4865,17-11-2014,,,,,,,,,,,,,,,,,,,,,,,,,,,1,,,,,,,,,,,
4865,20-05-2014,,,,,,,,,,,,,,,,,,,,,,,,,,,,,,,,,,1,,,,
4866,16-09-2014,,,,,,,,,,,,,,,,,,,,,,,,,,,,,,,,,,,,,,
4866,21-08-2015,,,,,,,,,,,,,,,,,,,,,,,,,,,,,,,,,,,,,,
4866,29-06-2014,,,,,,,,,,,,,,1,,,,,,,,,,,,,,,,,,,,,,,,
4867,2003-01-15,,,,,,,,,,,,,,,,,,,,,,,,,,,1,,,,,,,,,,,
4867,2005-05-14,,,,,,,,,,,,,,,,,,,,,,,,,,,1,,,,,,,,,,,
4867,29-10-2015,,,,,,,,1,,,,,,,,,,,,,,,,,,,,,,,,,,,,,,
4867,30-09-2014,,,,1,,,,,,,,,,,,,,,,,,,,,,,,,,,,,,,,,,
4868,14-06-2014,,,,,,1,,,,,,,,,,,,,,,,,,,,,,,,,,,,,,,,
4868,24-12-2014,,,,,1,,,,,,,,,,,,,,,,,,,,,,,,,,,,,,,,,
4869,2003-04-15,,,,,,,,,,,,,,,,,,,,,,,,,,,,,,,,,,,,,,
4869,2006-02-15,,,,,,,,,,1,,,,,,,,,,,,,,,,,,,,,,,,,,,,
4869,21-09-2014,,,,,,,,1,,,,,,,,,,,,,,,,,,,,,,,,,,,,,,
4870,2001-07-14,,,,,,,,,,,,,,,,,,,,,,,,,,,,,,,,,,,,,,
4870,21-02-2014,,,,,,,,,,,,1,,,,,,,,,,,,,,,,,,,,,,,,,,
4871,19-09-2015,,,,,,,,,,,,,,,,,,,,,,,,,,,,,,,,1,,,,,,
4871,2007-07-14,,,,,,,,,,,,,,,,,,,,,,,,,,,,,,,,,,1,,,,
4872,13-02-2014,,,,,,,,,,,,,,,,,,,,,,,,,,,,,,,,,,,1,,,
4872,20-10-2014,,,,,,,,,,,,,,,,,,,1,,,,,,,,,,,,,,,,,,,
4872,2001-06-14,1,,,,,,,,,,,,,,,,,,,,,,,,,,,,,,,,,,,,,
4873,22-03-2014,,,,,,1,,,,,,,,,,,,,,,,,,,,,,,,,,,,,,,,
4873,27-04-2015,,,,,,,,1,,,,,,,,,,,,,,,,,,,,,,,,,,,,,,
4874,21-02-2014,,1,,,,,,,,,,,,,,,,,,,,,,,,,,,,,,,,,,,,
4875,15-04-2014,,,,,,,,1,,,,,,,,,,,,,,,,,,,,,,,,,,,,,,
4875,2003-10-15,,,1,,,,,,,,,,,,,,,,,,,,,,,,,,,,,,,,,,,
4875,2005-06-14,,,,,,,1,,,,,,,,,,,,,,,,,,,,,,,,,,,,,,,
4875,2011-06-15,,,,,,,,,,,,,,1,,,,,,,,,,,,,,,,,,,,,,,,
4875,22-08-2015,,,,,,,,,,,,,1,,,,,,,,,,,,,,,,,,,,,,,,,
4875,26-10-2015,,,,,,,,,,,1,,,,,,,,,,,,,,,,,,,,,,,,,,,
4876,14-05-2014,,,,,,,,,,,,,,,,,,,1,,,,,,,,,,,,,,,,,,,
4876,21-02-2015,,1,,,,,,,,,,,,,,,,,,,,,,,,,,,,,,,,,,,,
4877,14-06-2015,,,,,,,,,,,,,,,,,,,,,,,,,,,,,,,,,,,,,,
4877,20-06-2015,,,,,1,,,,,,,,,,,,,,,,,,,,,,,,,,,,,,,,,
4877,2006-11-15,1,,,,,,,,,,,,,,,,,,,,,,,,,,,,,,,,,,,,,
4877,27-08-2014,,,,,1,,,,,,,,,,,,,,,,,,,,,,,,,,,,,,,,,
4878,18-04-2015,,,,,,,,,,,,,,1,,,,,,,,,,,,,,,,,,,,,,,,
4878,21-09-2015,,,,,,,,,,,,,,,,,,,,,,1,,,,,,,,,,,,,,,,
4879,2012-10-15,,,,,,1,,,,,,,,,,,,,,,,,,,,,,,,,,,,,,,,
4880,16-03-2014,1,,,,,,,,,,,,,,,,,,,,,,,,,,,,,,,,,,,,,
4880,2011-09-14,,,,,,,,,1,,,,,,,,,,,,,,,,,,,,,,,,,,,,,
4881,26-03-2015,,,,,,,,1,,,,,,,,,,,,,,,,,,,,,,,,,,,,,,
4881,28-07-2015,,,,,,,,,,,,,,,,,,,1,,,,,,,,,,,,,,,,,,,
4881,30-12-2014,,,,,,,,,,,,,,1,,,,,,,,,,,,,,,,,,,,,,,,
4882,2008-10-14,,,,,,,,,1,,,,,,,,,,,,,,,,,,,,,,,,,,,,,
4882,31-10-2015,,,1,,,,,,,,,,,,,,,,,,,,,,,,,,,,,,,,,,,
4883,16-01-2015,,,,,,1,,,,,,,,,,,,,,,,,,,,,,,,,,,,,,,,
4883,16-05-2015,,,,,,,,,,,,,,,,,,,,,,,,,,1,,,,,,,,,,,,
4883,2010-01-15,,,,,,,,,,,,,,,,,,,,,,,,,,,1,,,,,,,,,,,
4884,30-01-2014,,,,,,1,,,,,,,,,,,,,,,,,,,,,,,,,,,,,,,,
4885,16-10-2015,1,,,,,,,,,,,,,,,,,,,,,,,,,,,,,,,,,,,,,
4887,2002-01-14,,,,,,,,,,,,,,,,,,,,,,,,,,,,1,,,,,,,,,,
4887,30-03-2014,,,,,,,,,,,,,,,,,,,,,,,,,,,,,,,,,,,,,,
4889,2003-02-15,,,,,,,,1,,,,,,,,,,,,,,,,,,,,,,,,,,,,,,
4890,22-04-2015,,,,,,,,1,,,,,,,,,,,,,,,,,,,,,,,,,,,,,,
4890,30-11-2014,1,,,,,,,,,,,,,,,,,,,,,,,,,,,,,,,,,,,,,
4891,2005-09-15,1,,,,,,,,,,,,,,,,,,,,,,,,,,,,,,,,,,,,,
4891,2006-10-15,,,,,,,,,,1,,,,,,,,,,,,,,,,,,,,,,,,,,,,
4891,2009-01-15,,,,,,,,,,,,,,,,,,,,,,,,,,,,,,,,,,,,,,
4892,13-04-2015,,,,,,,,,,,,,,1,,,,,,,,,,,,,,,,,,,,,,,,
4892,2009-01-15,,,,,,1,,,,,,,,1,,,,,,,,,,,,,,,,,,,,,,,,
4892,27-12-2014,,,,,,1,,,,,,,,,,,,,,,,,,,,,,,,,,,,,,,,
4893,2001-03-15,,,,,,,,,,,,,,,,,,,,,,,,,,,1,,,,,,,,,,,
4893,27-06-2014,,,,,,,,,,,,,,,,,,,,1,,,,,,,,,,,,,,,,,,
4895,2001-06-15,,,1,,,,,,,,,,,,,,,,,,,,,,,,,,,,,,,,,,,
4895,2007-09-15,,,,,,,,,,,,,,,,,,,,,,,,,,,,,,,,,,,,,,
4896,2005-03-14,,,,,1,,,,,,,,,,,,,,,,,,,,,,,,,,,,,,,,,
4897,23-03-2014,,,,,,,1,,,,,,,,,,,,,,,,,,,,,,,,,,,,,,,
4898,2003-04-14,,,1,,,,,,,,,,,,,,,,,,,,,,,,,,,,,,,,,,,
4898,26-07-2015,,,,,,,,,,,,,,,,,,,,,,,,,,,,,,,,,,,,,,
4899,13-03-2015,,,,,,,,,,,,1,,,,,,,,,,,,,,,,,,,,,,,,,,
4899,2012-03-15,,,,,,,,,,1,,,,,,,,,,,,,,,,,,,,,,,,,,,,
4899,27-08-2014,,,,,1,,,,,,,,,,,,,,,,,,,,,,,,,,,,,,,,,
4900,2001-10-14,1,,,,,,,,,,,,,,,,,,,,,,,,,,,,,,,,,,,,,
4900,2004-05-14,,,,,,,,,,1,,,,,,,,,,,,,,,,,,,,,,,,,,,,
4901,2012-04-14,,,,,,,,,,,,,1,,,,,,,,,,,,,,,,,,,,,,,,,
4901,30-05-2014,,,,,,1,,,,,,,,,,,,,,,,,,,,,,,,,,,,,,,,
4902,16-04-2015,1,,,,,,,,,,,,,,,,,,,,,,,,,,,,,,,,,,,,,
4902,21-11-2014,,,,,,,,,,,,,,,,,1,,,,,,,,,,,,,,,,,,,,,
4902,30-05-2014,,,,,,1,,,,,,,,,,,,,,,,,,,,,,,,,,,,,,,,
4903,2001-05-15,,,,,,,,,,1,,,,,,,,,,,,,,,,,,,,,,,,,,,,
4903,2008-12-15,,,,,,,,1,,,,,,,,,,,,,,,,,,,,,,,,,,,,,,
4905,25-11-2015,,,,,,,,,,,,,,,,,,,,,,,,,,,1,,,,,,,,,,,
4906,16-09-2015,,,1,,,,,,,,,,,,,,,,,,,,,,,,,,,,,,,,,,,
4906,17-07-2014,,1,,,,,,,,,,,,,,,,,,,,,,,,,,,,,,,,,,,,
4906,2011-03-14,,,,,,,,,,,,,,,,,,,,,,,,,,,,,,,,,,,,,,
4906,30-09-2015,,,,,,,,,,,,,,,,,,,,,,,,,,,,,,,,,,,,,,
4907,2001-02-14,,,,,,,,1,,,,,,,,,,,,,,,,,,,,,,,,,,,,,,
4907,21-04-2015,,,,,,,,,,,,,,1,,,,,,,,,,,,,,,,,,,,,,,,
4908,13-11-2014,,,,,,,,,,,,,,,,,,,,,,1,,,,,,,,,,,,,,,,
4908,20-05-2015,,,1,,,,,,,,,,,,,,,,,,,,,,,,,,,,,,,,,,,
4909,20-07-2014,,,,,,,,,,,,1,,,,,,,,,,,,,,,,,,,,,,,,,,
4909,26-10-2015,,,1,,,,,,,,,,,,,,,,,,,,,,,,,,,,,,1,,,,,
4910,27-11-2014,,,,,,,,,,,,,,,,,,,,,,,,,,,,,,,,,,,,,,
4911,20-07-2014,,,,,,1,,,,,,,,,,,,,,,,,,,,,,,,,,,,,,,,
4911,2007-01-15,,,,,,,,,,,,,,,,,,,,,,,1,,,,,,,,,,,,,,,
4913,2006-11-14,,,,,,,,1,,,,,,,,,,,,,,,,,,,,,,,,,,,,,,
4914,14-03-2015,,,,,,,1,1,,,,,,,,,,,,,,,,,,,,,,,,,,,,,,
4914,15-04-2014,,,,,1,,,,,,,,,,,,,,,,,,,,,,,,,,,,,,,,,
4914,29-11-2015,1,,,,,,,,,,,,,,,,,,,,,,,,,,,,,,,,,,,,,
4915,18-03-2014,,,,,,,,1,,,,,,,,,,,,,,,,,,,,,,,,,,,,,,
4915,20-02-2014,,,,,,,,,,,,,,,,,,,,,,,,,,,,,,,,,,,,,,
4915,2008-12-14,,,,,,,,,,,,,,,,,,,,,,,,,1,,,,,,,,,,,,,
4915,2009-01-14,,,,,,,,,,,1,,,,,,,,,,,,,,,,,,,,,,,,,,,
4915,2011-01-14,,,,,,,,,,,,,,,,,,,1,,,,,,,,,,,,,,,,,,,
4915,28-06-2014,,,,,,1,,,,,,,,,,,,,,,,,,,,,,,,,,,,,,,,
4916,2001-03-15,,,,,,,,,,,,,,,,,,,,,,1,,,,,,,,,,,,,,,,
4916,25-01-2015,,,,,,,,,,,,,,,,,,,,,,,,,,,,,1,,,,,,,,,
4916,26-02-2015,,,,,,,,,,,,,,,,,,,,,,,1,,,,,,,,,,,,,,,
4917,2002-12-14,,,,,,,,,,,,,1,,,,,,,,,,,,,,,,,,,,,,,,,
4917,21-04-2014,,,,,,,,,,,,,,,,,,,,,,,1,,,,,,,,,,,,,,,
4918,27-01-2015,,,,,,,,1,,,,,,,,,,,1,,,,,,,,,,,,,,,,,,,
4919,2012-03-15,,,,,,,,,,1,,,,,,,,,,,,,,,,,,,,,,,,,1,,,
4919,30-03-2015,,,,,,,,,,,,,,1,,,,,,,,,,,,,,,,,,,,,,,,
4920,2009-10-14,1,,,,,,,,,,,,,,,,,,,,,,,,,,,,,,,,,,,,,
4920,21-02-2015,,,,,,,,,,,,,,,,,,,,,,,1,,,,,,,,,,,,,,,
4922,13-02-2015,,1,,,,,,,,,,,,,,,,,,,,,,,,,,,,,,,,,,,,
4922,17-12-2015,,,,,,,,,,,,,,,,,,,,,,,,,,,,,,,,,,,,,,
4922,18-02-2014,,,,,,,,,,,,,,,,,,,,,,,,,,,,,,,,,,,,,,
4923,19-04-2015,,,,,,1,,,,,,,,,,,,,,,,,,,,,,,,,,,,,,,,
4923,26-12-2014,,,,,,,,,,,,,,,,1,,,,,,,,,,,,,,,,,,,,,,
4924,14-09-2015,,,,,,,,1,,,,,,,,,,,,,,,,,,,,,,,,,,,,,,
4924,2001-03-15,,1,,,,,,,,,,,,,,,,,,,,,,,,,,,,,,,,,,,,
4924,2011-06-15,,,,1,,,,,,,,,,,,,,,,,,,,,,,,,,,,,,,,,,
4924,26-08-2015,1,,,,,,,,,,,,,,,,,,,,,,,,,,,,,,,,,,,,,
4924,31-01-2014,,,,,,,,,,,,,,,,,,,,,,,,,,,,,,,,,,,,,,
4925,18-12-2014,,,,,,,1,,,,,,,,,,,,,,,,,,,,,,,,,,,,,,,
4925,23-01-2014,,,,,,,,,1,,,,,,,,,,,,,,,,,,,,,,,,,,,,,
4925,26-09-2014,,,,,,,1,,,,,,,,,,,,,,,,,,,,,,,,,,,,,,,
4926,20-11-2014,,,,,,,,1,,,,,,,,,,,,,,,,,,,,,,,,,,,,,,
4927,13-04-2014,,,,,1,,,,,,,,,,,,,,,,,,,,,,,,,,,,,,,,,
4927,19-10-2015,,,,,,,,,,,,,,,,,,,,1,,,,,,,,,,,,,,,,,,
4928,18-08-2015,,1,,,,,,,,,,,,,,,,,,,,,,,,,,,,,,,,,,,,
4929,2008-05-14,,1,,,,,,,,,,,,,,,,,,,,,,,,,,,,,,,,,,,,
4929,26-03-2015,,,,,,,,,,,,,,,,,,,,,,,,,,,,,,1,,,,,,,,
4929,27-07-2015,,,,,,,,1,,,,,,,,,,,,,,,,,,,,,,,,,,,,,,
4930,13-08-2014,,,1,,,,,,,,,,,,,,,,,,,,,,,,,,,,,,,,,,,
4931,18-06-2014,,,,,,,,,,,,,,,,,,,,,,,,,,,1,,,,,,,,,,,
4931,2004-05-15,1,,,,,,,,,,,,,1,,,,,,,,,,,,,,,,,,,,,,,,
4931,23-02-2014,,,,,,,,,,,,,,,,,,,,,,,,,,,,,,,,,,,,,,
4931,28-08-2014,,,,,,,,,,,,,,,,,,,1,,,,,,,,,,,,,,,,,,,
4932,14-05-2014,,,,,,,1,,,,,,,,,,,,,,,,,,,,,,,,,,,,,,,
4932,20-11-2015,,,1,,,,,,,,,,,,,,,,,,,,,,,,,,,,,,,,,,,
4932,29-03-2014,,,,,1,,,,,,,,,,,,,,,,,,,,,,,,,,,,,,,,,
4933,2001-08-14,1,,,,,,,,,,,,,,,,,,,,,,,,,,,,,,,,,,,,,
4933,2002-01-15,,,,,,,,,,,,,,,,,,,,,,,,,,,,,,,,,,,,,,
4933,21-04-2014,,,,,,,,,,,,,,,,,,,1,,,,,,,,,,,,,,,,,,,
4933,27-02-2015,1,,,,,,,,,,,,,,,,,,,,,,,,,,,,,,,,,,,,,
4934,13-10-2014,,,,,1,,,,,,,,,,,,,,,,,,,,,,,,,,,,,,,,,
4934,2006-09-15,,,,,,,,1,,,,,,,,,,,,,,,,,,,,,,,,,,,,,,
4935,2002-04-15,,,1,,,,,,,,,,,,,,,,,,,,,,,,,,,,,,,,,,,
4936,15-03-2015,,,1,,,,,,,,,,,,,,,,,,,,,,,,,,,,,,,,,,,
4936,2002-03-15,,,,,,,,,,,,,,,,,,,,,,,,,,,,,,,,,,,,,,
4937,14-02-2015,,,,,,,,,,,,1,,,,,,,,,,,,,,,,,,,,,,,,,,
4937,18-05-2015,1,,,,,,,,,,,,,,,,,,,,,,,,,,,,,,,,,,,,,
4937,2006-09-14,,,,,,,,,,,,,,,,,,,,1,,,,,,,,,,,,,,,,,,
4937,2010-04-15,,,,,,,,,,1,,,,,,,,,,,,,,,,,,,,,,,,,,,,
4937,22-06-2014,,,,,,,,1,,,,,,,,,,,,,,,,,,,,,,,,,,,,,,
4937,28-06-2015,,,,,,,,,,,,,,,,,,,,,,,,,,,,,,,,1,,,,,,
4938,13-10-2014,,,,,,,,,,,,,,,,,,,,,,,,,,,1,,,,,,,,,,,
4938,2010-12-15,1,,,,,,,,,,,,,,,,,,,,,,,,,,,,,,,,,,,,,
4938,24-11-2015,,,1,,,,,,,,,,,,,,,,,,,,,,,,,,,,,,,,,,,
4938,29-03-2015,,,,,,,1,,,,,,,,,,,,,,,,,,,,,,,,,,,,,,,
4939,14-10-2015,,,,,,,,,,,,,,1,,,,,,,,,,,,,,,,,,,,,,,,
4939,16-02-2014,,,,,,,,,,,,,,,,,,1,,,,,,,,,,,,,,,,,,,,
4939,2008-01-14,,1,,,,,,,,,,,,,,,,,,,,,,,,,,,,,,,,,,,,
4939,29-06-2015,,,,,,,,,,1,,,,,,,,,,,,,,,,,,,,,,,,,,,,
4940,20-08-2014,,,,,,,,,,,,,,,,,,,,,,,,,,,,,,,,,,,,,,
4941,14-02-2015,,,,,,,,1,,,,,,,,,,,,,,,,,,,,,,,,,,,,,,
4941,15-01-2015,,,,,,,,1,,,,,,,,,,,,,,,,,,,,,,,,,,,,,,
4941,2008-02-14,,,,,,,,,,,,,,,,,,,1,,,,,,,,,,,,,,,,,,,
4941,2009-09-14,,,,,,,,,,,,,,,,,,,,,,1,,,,,,,,,,,,,,,,
4941,2012-06-14,1,,,,,,,,,,,,,,,,,,,,,,,,,,,,,,,,,,,,,
4942,2001-01-14,,,,1,,,,,,,,,,,,,,,,,,,,,,,,,,,,,,,,,,
4942,2006-08-15,,,,,,,,,,,,,,,,,,,,,,,,,,,,,,,,,,1,,,,
4942,29-01-2015,,,,,,,,,,,,,,1,,,,,,,,,,,,,,,,,,,,,,,,
4943,22-10-2014,,,,,,,,,,,,,,,,,,,,,,,,,,,,,1,,,,,,,,,
4943,28-07-2015,,,,,,,,,,,,,,,,,,,,,,,,,,,,,,,,,,,,,,
4944,2003-10-15,,,,,,1,,,,,,,,,,,,,,,,,,,,,,,,,,,,,,,,
4944,2006-09-15,,,,,,,,,,,,,,,,,,,,,1,,,,,,,,,,,,,,,,,
4945,2002-08-15,,,,,,1,,,,,,,,,,,,,,,,,,,,,,,,,,,,,,,,
4946,17-02-2015,,,,,,,,,,,,,,,,,,,,,,,,,,,,,,,,,,,,,,
4946,2004-11-15,,,,,,,,,,,,,,,,,,,1,,,,,,,,,,,,,,,,,,,
4947,14-09-2015,,,,,,,,,,,,,,,,,,,1,,,,,,,,,,,,,,,,,,,
4947,18-11-2015,,,,,,,,,,,,,,1,,,,,,,,,,,,,,,,,,,,,,,,
4948,2003-04-14,,,,,,1,,,,,,,,,,,,,,,,,,,,,,,,,,,,,,,,
4948,23-05-2014,,,,,1,,,,,,,,,,,,,,,,,,,,,,,,,,,,,,,,,
4950,22-04-2015,,,,,,,,1,,,,,,,,,,,,,,,,,,,,,,,,,,,,,,
4950,30-08-2014,,,,,,1,,,,,,,,,,,,,,,,,,,,,,,,,,,,,,,,
4951,13-03-2015,,,,,,,,,,,,,,,,,,,,,,,1,,,,,,,,,,,,,,,
4951,15-08-2014,,1,,,,,,,,,,,,,,,,,,,,,,,,,,,,,,,,,,,,
4951,2009-01-15,,,,,,1,,,,,,,,,,,,,,,,,,,,,,,,,,,,,,,,
4951,24-11-2015,1,,,,,,,,,,,,,,,,,,,,,,,,,,,,,,,,,,,,,
4951,27-10-2014,,,,,1,,,,,,,,,,,,,,,,,,,,,,,,,,,,,,,,,
4952,2003-09-14,,1,,,,,,,,,,,,,,,,,,,,,,,,,,,,,,,,,,,,
4952,2004-09-14,,,,,,,,,1,,,,,,,,,,,,,,,,,,,,,,,,,,,,,
4952,2008-04-15,,,,,,,,,1,,,,,,,,,,,,,,,,,,,,,,,,,,,,,
4952,26-08-2015,,,,,,,,,,,,,,,,,,,,,,,,,,,,,,,,,,,,,,
4953,16-09-2015,,,,,,,,,,1,,,,,,,,,,,,,,,,,,,,,,,,,,,,
4953,2007-05-15,,,,,,,1,,,,,,,,,,,,,,,,,,,,,,,,,,,,,,,
4953,2010-10-15,,,1,,,1,,,,,,,,,,,,,,,,,,,,,,,,,,,,,,,,
4954,2004-05-15,1,,,,,,,,,,,,,,,,,,,,,,,,,,,,,,,,,,,,,
4954,24-09-2015,,,,,,,,,,,,,,,,,,,,,,,,,,,,,,,,,,,,,,
4955,21-10-2014,,,,,,1,,,,,,,,,,,,,,,,,,,,,,,,,,,,,,,,
4955,22-03-2014,,,,,,,,,,,,,,,,,,,,,,,,,,,,,,,,,,,,,,
4957,15-05-2014,,,,,,,,,,,,,,,,,,,,,,,,,,,,,,1,,,,,,,,
4957,2002-08-14,1,,,,,,,,,,,,,,,,,,,,,,,,,,,,,,,,,,,,,
4958,2011-07-15,,,,,,1,,,,,,,,,,,,,,,,,,,,,,,,,,,,,,,,
4958,24-05-2015,,,1,,,,,,,,,,,,,,,,,,,,,,,,,,,,,,,,,,,
4958,27-04-2014,,,,,,,,,,1,,,,,,,,,,,,,,,,,,,,,,,,,,,,
4959,20-10-2014,,,,,,,1,,,,,,,,,,,,,,,,,,,,,,,,,,,,,,,
4959,2010-10-14,,,,,,,,1,,,,,,,,,,,,,,,,,,,,,,,,,,,,,,
4959,30-06-2015,,,,,,1,,,,,,,,,,,,,,,,,,,,,,,,,,,,,,,,
4959,30-12-2014,,,,,1,,,,,,,,,,,,,,,,,,,,,,,,,,,,,,,,,
4960,15-08-2015,,,,,,1,,,,,,,,,,,,,,,,,,,,,,,,,,,,,,,,
4960,19-08-2015,,,,,,,,,,,1,,,,,,,,,,,,,,,,,,,,,,,,,,,
4960,19-10-2014,,,,,1,,,,,,,,,,,,,,,,,,,,,,,,,,,,,,,,,
4961,2002-11-14,1,,,,,,,,,,,,,,,,,,,,,,,,,,,,,,,,,,,,,
4962,17-10-2014,1,,,,,,,,,,,,,,,,,,,,,,,,,,,,,,,,,,,,,
4962,18-08-2014,,,,,,,1,,,,,,,,,,,,,,,,,,,,,,,,,,,,,,,
4963,2003-03-14,,,,,,1,,,,,,,,,,,,,,,,,,,,,,,,,,,,,,,,
4963,2009-02-14,,,,,,1,,,,,,,,,,,,,,,,,,,,,,,,,,,,,,,,
4964,30-11-2015,1,,,,,,,,,,,,,,,,,,,,,,,,,,,,,,,,,,,,,
4966,25-01-2015,,,,,,,,,,,,,,,,,,,,,,,,,,,,,,,,,,,,,,
4966,30-12-2014,,,,,,,,,,,,,,,,,,,,,,,,,,,,,,,,,,,,,,
4967,16-09-2014,,,,,,,,,,,,,,,,,,,,,,,,,,,,,,,,,,,,,,
4967,2005-11-14,,,,,,,,,,,,,,,,,,,,,,,,,,,,,,,,,,,,,,
4967,2006-08-15,,,,,,,1,,,,,,,,,,,,,,,,,,,,,,,,,,,,,,,
4967,23-09-2015,,,,,,,1,,,,,,,,,,,,,,,,,,,,,,,,,,,,,,,
4968,2004-03-14,,1,,,,,,,,,,,,,,,,,,,,,,,,,,,,,,,,,,,,
4969,2007-01-14,,,,,,,,,,,,,,,,,,,,,,,,,,,,,,,,,,,,,,
4969,2009-09-14,,,,,,1,,,,,,,,,,,,,,,,,,,,,,,,,,,,,,,,
4969,26-05-2015,,,,,,,,,,,,,,,,,,,,,,,,,,,,,,,,,,,,,,
4969,27-10-2014,,,,,,,,,,,,,,,,,,,,,,,,,,,,,,,,,,,,,,
4970,23-07-2015,,,,,,,,,,,,,,,,,,,,,,,,,,,1,,,,,,,,,,,
4971,17-05-2015,,,,,,,,,,,,,,,,,,,,,,,,,,,,,,,,,,,,,,
4971,19-02-2015,,,,,,,,,,,,,,,,,,,,,,,,,,,,,,,,,,,,,,
4971,2007-11-14,,,,,,,,,,,,,,,,,,,,,,,,,,,,,,,,,,,,,,
4972,13-06-2014,,,,,,,,,,,,,,,,,,,,,,,,,,,,,,,,,,,,,,
4972,13-12-2014,,,1,,,,,,,,,,,,,,,,,,,,,,,,,,,,,,,,,,,
4972,2004-08-14,,,,,,,,,,,,,,,,,,,,,,,,,,,,,,,,,,,,,,
4972,2006-02-15,,,,,,,,,,,,,,1,,,,,,,,,,,,,,,,,,,,,,,,
4972,21-12-2014,,,,,,,,,,,,,,1,,,,,,,,,,,,,,,,,,,,,,,,
4972,30-07-2014,,,,,,,,,,,,,,,,,,,,,,1,,,,,,,,,,,,,,,,
4973,28-05-2014,,,,,,,,,,,,,,,,,,,1,,,,,,,,,,,,,,,,,,,
4974,18-07-2014,,,,,,,,1,,,,,,,,,,,,,,,,,,,,,,,,,,,,,,
4975,2002-11-15,,,,,,,,,,,,,,,,,,,,,,,1,,,,,,,,,,,,,,,
4975,2008-05-15,,,1,,,,,,,,,,,,,,,,,,,,,,,,,,,,,,,,,,,
4975,23-04-2015,,,,,,1,,,,,,,,,,,,,,,,,,,,,,,,,,,,,,,,
4976,17-07-2015,,,,,,,,,,,1,,,,,,,,,,,,,,,,,,,,,,,,,,,
4976,2011-07-15,,,,,,,,,,,,,,,,,,,,,,,,,,,,,,1,,,,,,,,
4977,19-04-2015,1,,,,,,,,,,,,,,,,,,,,,,,,,,,,,,,,,,,,,
4977,20-08-2015,,,,,,,1,,,,,,,,,,,,,,,,,,,,,,,,,,,,,,,
4979,18-11-2014,,,,,,,,,,,,,,,,,,,,,,,,,,,,,1,,,,,,,,,
4979,24-04-2015,,,,,,,,,,,,,,,,,,,,,,1,,,,,,,,,,,,,,,,
4981,2010-01-15,1,,,,,,,,,,,,,,,,,,,,,,,,,,,,,,,,,,,,,
4983,13-12-2014,,,,,,,,,,,,,,,,,,,1,,,,,,,,,,,,,,,,,,,
4984,2007-06-14,,,,,,,,,,,,,1,,,,,,,,,,,,,,,,,,,,,,,,,
4985,26-12-2015,,,,,1,,,,,,,,,,,,,,,,,,,,,,,,,,,,,,,,,
4985,28-02-2015,,,,,,,,1,,,,,,,,,,,,,,,,,,,,,,,,,,,,,,
4986,2001-02-15,1,,,,,,,,,,,,,,,,,,,,,,,,,,,,,,,,,,,,,
4986,28-01-2015,,,,,,,,,,,,,,,,,,,,,,,1,,,,,,,,,,,,,,,
4987,2012-04-14,,,,,,1,,,,,,,,,,,,,,,,,,,,,,,,,,,,,,,,
4988,13-12-2014,,,,,,,,,,,,,,,,,,,,,,,,,,,,,,1,,,,,,,,
4988,20-12-2015,,,,,,,,,,,,,,,,,,,,,,,1,,,,,,,,,,,,,,,
4988,29-10-2015,,,,,,,,1,,,,,,,,,,,,,,,,,,,,,,,,,,,,,,
4989,19-06-2015,,,,,,,,,,,,,,,,,,,,,,,,,,,,,,,,,,1,,,,
4989,2003-06-15,,,,,,,1,,,,,,,,,,,,,,,,,,,1,,,,,,,,,,,,
4990,14-12-2015,,,1,,,,,,,,,,,,,,,,,,,,,,,,,,,,,,,,,,,
4990,15-03-2015,,,,,,,,,,,,,,,,,,,,,,,,,,,,,,,,,,,1,,,
4991,19-05-2014,,,,,1,,,,,,,,,,,,,,,,,,,,,,,,,,,,,,,,,
4991,20-01-2014,,,,,,,,,,,,,,,1,,,,,,,,,,,,,,,,,,,,,,,
4991,22-12-2014,,,,,,1,,,,,,,,,,,,,,,,,,,,,,,,,,,,,,,,
4991,24-04-2014,,,,,,,,,,,,,,,,,,,1,,,,,,,,,,,,,,,,,,,
4991,28-08-2014,1,,,,,,,,,,,,,,,,,,,,,,,,,,,,,,,,,,,,,
4992,20-06-2015,1,,,,,,,,,,,,,,,,,,,,,,,,,,,,,,,,,,,,,
4993,19-08-2014,,,1,,,,,,,,,,,,,,,,,,,,,,,,,,,,,,,,,,,
4993,2009-02-15,,,,,,,,,,,,,,1,,,,,,,,,,,,,,,,,,,,,,,,
4993,21-01-2015,,,,,,,,,,,,,,,,,,,,,,,,,,,,,,,,,,1,,,,
4994,2008-02-15,,,,,,,,,,,,,,,,,,,,,,,,,,,,,,,,,,,,,,
4996,20-02-2015,,,,,,,,,,,,,,,,,1,,,,,,,,,,,,,,,,,,,,,
4996,24-10-2015,,,,,,,,,,,,,,,,,,,,,,,,,1,,,,,,,,,,,,,
4996,24-11-2015,,,,,,,,1,,,,,,,,,,,,,,,,,,,,,,1,,,,,,,,
4997,27-12-2015,,,1,,,,,,,,,,,,,,,,,,,,,,,,,,,,,,,,,,,
4998,14-10-2015,,,,,,,,1,,,,,,,,,,,,,,,,,,,,,,,,,,,,,,
4999,18-02-2015,,,,,,,,,,,,,,,,,,,,,,,,,,,1,,,,,,,,,,,
4999,19-05-2014,,,,,,1,,,,,,,,,,,,,,,,,,,,,,,,,,,,,,,,
4999,24-01-2015,,,1,,,,,,,,,,,,,,,,,,,,,,,,1,,,,,,,,,,,
4999,26-12-2015,,,,,,,,,,,1,,,,,,,,,,,,,,,,,,,,,,,,,,,
5000,2009-03-14,,,,,,,,,,,,,,,,,,1,,,,,,,,,,,,,,,,,,,,
5000,2010-02-15,,,,,,,,,,,,,,,,,,,,,,,,,,,,,,,,,,,,,,
